{"name":"datagov-uk_1a13cf08-b1d4-4cd5-988a-148b17538d95","title":"Soil survey of Moor House, 1965","description":"Soil survey of Moor House, 1965\n\nThis dataset contains data from a soil survey at Moor House, Cumbria, UK undertaken by Mike Hornung in 1965 as part of his PhD. It contains information about the soil horizons, chemical analyses and soil mineralogy. Full details about this dataset can be found at https://doi.org/10.5285/e4cf73b0-eef6-4118-a018-40eb374f5de7\n\nSource: https://ckan.publishing.service.gov.uk/dataset/soil-survey-of-moor-house-1965  \nLast updated at https://ckan.publishing.service.gov.uk/dataset : 2020-03-06","homepage":"https://data.world/datagov-uk/1a13cf08-b1d4-4cd5-988a-148b17538d95","license":"OGL","resources":[{"name":"d2soil_p","schema":{"fields":[{"name":"prof_no","title":"PROF_NO","type":"string","rdfType":"http://www.w3.org/2001/XMLSchema#string","dwSourceId":"prof_no"},{"name":"easting","title":"EASTING","type":"integer","rdfType":"http://www.w3.org/2001/XMLSchema#integer","dwSourceId":"easting"},{"name":"northing","title":"NORTHING","type":"integer","rdfType":"http://www.w3.org/2001/XMLSchema#integer","dwSourceId":"northing"},{"name":"location","title":"LOCATION","type":"string","rdfType":"http://www.w3.org/2001/XMLSchema#string","dwSourceId":"location"},{"name":"rel_data","title":"REL_DATA","type":"string","rdfType":"http://www.w3.org/2001/XMLSchema#string","dwSourceId":"rel_data"},{"name":"altitude","title":"ALTITUDE","type":"string","rdfType":"http://www.w3.org/2001/XMLSchema#string","dwSourceId":"altitude"},{"name":"geo_data","title":"GEO_DATA","type":"string","rdfType":"http://www.w3.org/2001/XMLSchema#string","dwSourceId":"geo_data"},{"name":"veg_data","title":"VEG_DATA","type":"string","rdfType":"http://www.w3.org/2001/XMLSchema#string","dwSourceId":"veg_data"}]},"path":"data/d2soil_p.csv","format":"csv"},{"name":"original/e4cf73b0-eef6-4118-a018-40eb374f5de7/readme.html","path":"original/e4cf73b0-eef6-4118-a018-40eb374f5de7/readme.html","format":"html","mediatype":"text/html","bytes":4101},{"name":"original/e4cf73b0-eef6-4118-a018-40eb374f5de7/supporting-documents/D2SOIL_P.csv","path":"original/e4cf73b0-eef6-4118-a018-40eb374f5de7/supporting-documents/D2SOIL_P.csv","format":"csv","mediatype":"text/csv","bytes":8100},{"name":"original/e4cf73b0-eef6-4118-a018-40eb374f5de7/supporting-documents/Mike_Hornung_PhD_volume1.PDF","path":"original/e4cf73b0-eef6-4118-a018-40eb374f5de7/supporting-documents/Mike_Hornung_PhD_volume1.PDF","format":"PDF","mediatype":"application/pdf","bytes":7867010},{"name":"original/e4cf73b0-eef6-4118-a018-40eb374f5de7/supporting-documents/Mike_Hornung_PhD_volume2.pdf","path":"original/e4cf73b0-eef6-4118-a018-40eb374f5de7/supporting-documents/Mike_Hornung_PhD_volume2.pdf","format":"pdf","mediatype":"application/pdf","bytes":13541729},{"name":"original/e4cf73b0-eef6-4118-a018-40eb374f5de7/supporting-documents/soil_p.rtf","path":"original/e4cf73b0-eef6-4118-a018-40eb374f5de7/supporting-documents/soil_p.rtf","format":"rtf","mediatype":"application/rtf","bytes":142944},{"name":"original/resource_links.md","path":"original/resource_links.md","format":"md","mediatype":"text/markdown","bytes":172}],"keywords":["soil"]}