{"name":"cityofaustin_auyh-v9m2","title":"Downtown Tree Inventory 2013","description":"Survey conducted in 2013 of all trees and vacant planting sites in the right of way and all trees of heritage ...\n\nSurvey conducted in 2013 of all trees and vacant planting sites in the right of way and all trees of heritage species greater than or equal to 19 inches on private and city of Austin owned property in the central business district.\n\nSource: https://data.austintexas.gov/d/auyh-v9m2  \nLast updated at https://data.austintexas.gov/ : 2020-01-06","homepage":"https://data.world/cityofaustin/auyh-v9m2","license":"PDDL","resources":[{"name":"downtown_tree_inventory_2013","schema":{"fields":[{"name":"objectid","title":"OBJECTID","type":"number","rdfType":"http://www.w3.org/2001/XMLSchema#decimal","dwSourceId":"objectid"},{"name":"tree_id","title":"TREE_ID","type":"number","rdfType":"http://www.w3.org/2001/XMLSchema#decimal","dwSourceId":"tree_id"},{"name":"address","title":"ADDRESS","type":"string","rdfType":"http://www.w3.org/2001/XMLSchema#string","dwSourceId":"address"},{"name":"species","title":"SPECIES","type":"string","rdfType":"http://www.w3.org/2001/XMLSchema#string","dwSourceId":"species"},{"name":"com_name","title":"COM_NAME","type":"string","rdfType":"http://www.w3.org/2001/XMLSchema#string","dwSourceId":"com_name"},{"name":"dbh","title":"DBH","type":"number","rdfType":"http://www.w3.org/2001/XMLSchema#decimal","dwSourceId":"dbh"},{"name":"height","title":"HEIGHT","type":"number","rdfType":"http://www.w3.org/2001/XMLSchema#decimal","dwSourceId":"height"},{"name":"condition","title":"CONDITION","type":"string","rdfType":"http://www.w3.org/2001/XMLSchema#string","dwSourceId":"condition"},{"name":"land_type","title":"LAND_TYPE","type":"string","rdfType":"http://www.w3.org/2001/XMLSchema#string","dwSourceId":"land_type"},{"name":"park_name","title":"PARK_NAME","type":"string","rdfType":"http://www.w3.org/2001/XMLSchema#string","dwSourceId":"park_name"},{"name":"x","title":"X","type":"number","rdfType":"http://www.w3.org/2001/XMLSchema#decimal","dwSourceId":"x"},{"name":"y","title":"Y","type":"number","rdfType":"http://www.w3.org/2001/XMLSchema#decimal","dwSourceId":"y"}]},"path":"data/downtown_tree_inventory_2013.csv","format":"csv"},{"name":"downtown_tree_inventory_2013_1","schema":{"fields":[{"name":"the_geom","title":"the_geom","type":"string","rdfType":"http://www.w3.org/2001/XMLSchema#string","dwSourceId":"the_geom"},{"name":"objectid","title":"OBJECTID","type":"integer","rdfType":"http://www.w3.org/2001/XMLSchema#integer","dwSourceId":"objectid"},{"name":"tree_id","title":"TREE_ID","type":"integer","rdfType":"http://www.w3.org/2001/XMLSchema#integer","dwSourceId":"tree_id"},{"name":"address","title":"ADDRESS","type":"string","rdfType":"http://www.w3.org/2001/XMLSchema#string","dwSourceId":"address"},{"name":"species","title":"SPECIES","type":"string","rdfType":"http://www.w3.org/2001/XMLSchema#string","dwSourceId":"species"},{"name":"com_name","title":"COM_NAME","type":"string","rdfType":"http://www.w3.org/2001/XMLSchema#string","dwSourceId":"com_name"},{"name":"dbh","title":"DBH","type":"integer","rdfType":"http://www.w3.org/2001/XMLSchema#integer","dwSourceId":"dbh"},{"name":"height","title":"HEIGHT","type":"integer","rdfType":"http://www.w3.org/2001/XMLSchema#integer","dwSourceId":"height"},{"name":"condition","title":"CONDITION","type":"string","rdfType":"http://www.w3.org/2001/XMLSchema#string","dwSourceId":"condition"},{"name":"land_type","title":"LAND_TYPE","type":"string","rdfType":"http://www.w3.org/2001/XMLSchema#string","dwSourceId":"land_type"},{"name":"park_name","title":"PARK_NAME","type":"string","rdfType":"http://www.w3.org/2001/XMLSchema#string","dwSourceId":"park_name"},{"name":"x","title":"X","type":"number","rdfType":"http://www.w3.org/2001/XMLSchema#decimal","dwSourceId":"x"},{"name":"y","title":"Y","type":"number","rdfType":"http://www.w3.org/2001/XMLSchema#decimal","dwSourceId":"y"}]},"path":"data/downtown_tree_inventory_2013_1.csv","format":"csv"},{"name":"original/Downtown_Tree_Inventory_2013.cpg","path":"original/Downtown_Tree_Inventory_2013.cpg","format":"cpg","mediatype":"text/plain","bytes":5},{"name":"original/Downtown_Tree_Inventory_2013.dbf","path":"original/Downtown_Tree_Inventory_2013.dbf","format":"dbf","mediatype":"application/dbf","bytes":2663093},{"name":"original/Downtown_Tree_Inventory_2013.prj","path":"original/Downtown_Tree_Inventory_2013.prj","format":"prj","mediatype":"text/plain","bytes":583},{"name":"original/Downtown_Tree_Inventory_2013.sbn","path":"original/Downtown_Tree_Inventory_2013.sbn","format":"sbn","mediatype":"application/x-shapefile","bytes":70604},{"name":"original/Downtown_Tree_Inventory_2013.sbx","path":"original/Downtown_Tree_Inventory_2013.sbx","format":"sbx","mediatype":"application/x-shapefile","bytes":4380},{"name":"original/Downtown_Tree_Inventory_2013.shp","path":"original/Downtown_Tree_Inventory_2013.shp","format":"shp","mediatype":"application/x-shapefile","bytes":204360},{"name":"original/Downtown_Tree_Inventory_2013.shp.xml","path":"original/Downtown_Tree_Inventory_2013.shp.xml","format":"xml","mediatype":"application/xml","bytes":107387},{"name":"original/Downtown_Tree_Inventory_2013.shx","path":"original/Downtown_Tree_Inventory_2013.shx","format":"shx","mediatype":"application/x-shapefile","bytes":58460},{"name":"original/downtown-tree-inventory-2013-1.csv","path":"original/downtown-tree-inventory-2013-1.csv","format":"csv","mediatype":"text/csv","bytes":1137225},{"name":"original/downtown-tree-inventory-2013-2-2.xml","path":"original/downtown-tree-inventory-2013-2-2.xml","format":"xml","mediatype":"application/xml","bytes":6061558}],"keywords":["downtown","tree","inventory","central","business","district","cbd","arborist","urban","forest","locations and maps"]}