{"name":"us-doi-gov_db04e48a-ccda-45ba-b7bd-43920a9ec176","title":"DWH NRDA Background Deposition of Bird Carcasses on Walka...","description":"DWH NRDA Background Deposition of Bird Carcasses on Walkable Beaches and in Marshes\n\n*Original Title*: DWH NRDA Background Deposition of Bird Carcasses on Walkable Beaches and in Marshes\n\nThis dataset contains the data collected during Deepwater Horizon Bird Study #24 (Background Carcass Deposition). Field surveys associated with BS #24 occurred during the summer of 2015. Data collection efforts were led by Industrial Economics, Incorporated, on behalf of the U.S. Fish and Wildlife Service. While surveys were planned for June through October in nearshore areas across the northern Gulf of Mexico from northeast Texas to northwest Florida, data were ultimately only collected in June and July in Mississippi, Alabama, and Florida. During field surveys, study personnel walked, or boated along, pre-defined segments of beach or marsh and noted each time a bird carcass was encountered. The goal of these efforts was to collect data that would facilitate the development of an estimate of the background avian mortality rate in the northern Gulf of Mexico. Photographs and GPS data were also collected during field surveys.\n\nSource: https://catalog.data.gov/dataset/dwh-nrda-background-deposition-of-bird-carcasses-on-walkable-beaches-and-in-marshes  \nLast updated at https://catalog.data.gov/organization/doi-gov : 2019-12-11  \n[More about U.S. Government Works](https://www.usa.gov/government-works)","homepage":"https://data.world/us-doi-gov/db04e48a-ccda-45ba-b7bd-43920a9ec176","license":"Public Domain","resources":[{"name":"bs_24_draftvalidated","schema":{"fields":[{"name":"uniqueid","title":"UniqueID","type":"integer","rdfType":"http://www.w3.org/2001/XMLSchema#integer","dwSourceId":"uniqueid"},{"name":"date","title":"Date","type":"date","rdfType":"http://www.w3.org/2001/XMLSchema#date","dwSourceId":"date"},{"name":"field_team_name","title":"Field Team Name","type":"string","rdfType":"http://www.w3.org/2001/XMLSchema#string","dwSourceId":"field_team_name"},{"name":"field_team_members","title":"Field Team Members","type":"string","rdfType":"http://www.w3.org/2001/XMLSchema#string","dwSourceId":"field_team_members"},{"name":"transect_id","title":"Transect ID#","type":"string","rdfType":"http://www.w3.org/2001/XMLSchema#string","dwSourceId":"transect_id"},{"name":"transect_start_latitude","title":"Transect Start Latitude","type":"number","rdfType":"http://www.w3.org/2001/XMLSchema#decimal","dwSourceId":"transect_start_latitude"},{"name":"transect_start_longitude","title":"Transect Start Longitude","type":"number","rdfType":"http://www.w3.org/2001/XMLSchema#decimal","dwSourceId":"transect_start_longitude"},{"name":"transect_start_waypoint","title":"Transect Start Waypoint","type":"string","rdfType":"http://www.w3.org/2001/XMLSchema#string","dwSourceId":"transect_start_waypoint"},{"name":"transect_start_time","title":"Transect Start Time","type":"time","rdfType":"http://www.w3.org/2001/XMLSchema#time","dwSourceId":"transect_start_time"},{"name":"transect_end_latitude","title":"Transect End Latitude","type":"number","rdfType":"http://www.w3.org/2001/XMLSchema#decimal","dwSourceId":"transect_end_latitude"},{"name":"transect_end_longitude","title":"Transect End Longitude","type":"number","rdfType":"http://www.w3.org/2001/XMLSchema#decimal","dwSourceId":"transect_end_longitude"},{"name":"transect_end_waypoint","title":"Transect End Waypoint","type":"string","rdfType":"http://www.w3.org/2001/XMLSchema#string","dwSourceId":"transect_end_waypoint"},{"name":"transect_end_time","title":"Transect End Time","type":"time","rdfType":"http://www.w3.org/2001/XMLSchema#time","dwSourceId":"transect_end_time"},{"name":"gps_route_id","title":"GPS Route ID#","type":"string","rdfType":"http://www.w3.org/2001/XMLSchema#string","dwSourceId":"gps_route_id"},{"name":"wind_mph","title":"Wind (mph)","type":"string","rdfType":"http://www.w3.org/2001/XMLSchema#string","dwSourceId":"wind_mph"},{"name":"wind_direction","title":"Wind Direction","type":"string","rdfType":"http://www.w3.org/2001/XMLSchema#string","dwSourceId":"wind_direction"},{"name":"total_transect_length_km","title":"Total Transect length (km)","type":"integer","rdfType":"http://www.w3.org/2001/XMLSchema#integer","dwSourceId":"total_transect_length_km"},{"name":"of_transect_searched","title":"% of transect searched","type":"number","rdfType":"http://www.w3.org/2001/XMLSchema#decimal","dwSourceId":"of_transect_searched"},{"name":"camera_id","title":"Camera ID #","type":"number","rdfType":"http://www.w3.org/2001/XMLSchema#decimal","dwSourceId":"camera_id"},{"name":"camera_memory_card_id","title":"Camera memory card ID#","type":"number","rdfType":"http://www.w3.org/2001/XMLSchema#decimal","dwSourceId":"camera_memory_card_id"},{"name":"gps_id","title":"GPS ID#","type":"number","rdfType":"http://www.w3.org/2001/XMLSchema#decimal","dwSourceId":"gps_id"},{"name":"gps_memory_card_id","title":"GPS memory card ID#","type":"number","rdfType":"http://www.w3.org/2001/XMLSchema#decimal","dwSourceId":"gps_memory_card_id"},{"name":"transect_type","title":"Transect Type","type":"string","rdfType":"http://www.w3.org/2001/XMLSchema#string","dwSourceId":"transect_type"},{"name":"search_type","title":"Search Type","type":"string","rdfType":"http://www.w3.org/2001/XMLSchema#string","dwSourceId":"search_type"},{"name":"search_path","title":"Search Path","type":"string","rdfType":"http://www.w3.org/2001/XMLSchema#string","dwSourceId":"search_path"},{"name":"mode_of_search","title":"Mode of search","type":"string","rdfType":"http://www.w3.org/2001/XMLSchema#string","dwSourceId":"mode_of_search"},{"name":"species","title":"Species","type":"string","rdfType":"http://www.w3.org/2001/XMLSchema#string","dwSourceId":"species"},{"name":"first_find","title":"First find?","type":"string","rdfType":"http://www.w3.org/2001/XMLSchema#string","dwSourceId":"first_find"},{"name":"id","title":"ID#","type":"string","rdfType":"http://www.w3.org/2001/XMLSchema#string","dwSourceId":"id"},{"name":"carcass_location_latitude","title":"Carcass Location Latitude","type":"number","rdfType":"http://www.w3.org/2001/XMLSchema#decimal","dwSourceId":"carcass_location_latitude"},{"name":"carcass_location_longitude","title":"Carcass Location Longitude","type":"number","rdfType":"http://www.w3.org/2001/XMLSchema#decimal","dwSourceId":"carcass_location_longitude"},{"name":"time","title":"Time","type":"time","rdfType":"http://www.w3.org/2001/XMLSchema#time","dwSourceId":"time"},{"name":"carcass_beach_position","title":"Carcass Beach position","type":"string","rdfType":"http://www.w3.org/2001/XMLSchema#string","dwSourceId":"carcass_beach_position"},{"name":"oiling","title":"Oiling","type":"string","rdfType":"http://www.w3.org/2001/XMLSchema#string","dwSourceId":"oiling"},{"name":"scavenging_state","title":"Scavenging State","type":"string","rdfType":"http://www.w3.org/2001/XMLSchema#string","dwSourceId":"scavenging_state"},{"name":"age","title":"Age","type":"string","rdfType":"http://www.w3.org/2001/XMLSchema#string","dwSourceId":"age"},{"name":"photo_a","title":"Photo A#","type":"string","rdfType":"http://www.w3.org/2001/XMLSchema#string","dwSourceId":"photo_a"},{"name":"photo_b","title":"Photo B#","type":"string","rdfType":"http://www.w3.org/2001/XMLSchema#string","dwSourceId":"photo_b"},{"name":"comments","title":"Comments","type":"string","rdfType":"http://www.w3.org/2001/XMLSchema#string","dwSourceId":"comments"},{"name":"data_entry_date_notes","title":"Data Entry Date/Notes","type":"string","rdfType":"http://www.w3.org/2001/XMLSchema#string","dwSourceId":"data_entry_date_notes"},{"name":"verification_notes","title":"Verification Notes","type":"string","rdfType":"http://www.w3.org/2001/XMLSchema#string","dwSourceId":"verification_notes"},{"name":"validation_notes","title":"Validation Notes","type":"string","rdfType":"http://www.w3.org/2001/XMLSchema#string","dwSourceId":"validation_notes"},{"name":"validation_status","title":"Validation Status","type":"string","rdfType":"http://www.w3.org/2001/XMLSchema#string","dwSourceId":"validation_status"},{"name":"transect_start_location","title":"Transect Start  Location","type":"string","rdfType":"http://www.opengis.net/ont/OGC-GeoSPARQL/1.0/Point","dwSourceId":"transect_start_location"},{"name":"transect_end_location","title":"Transect End  Location","type":"string","rdfType":"http://www.opengis.net/ont/OGC-GeoSPARQL/1.0/Point","dwSourceId":"transect_end_location"},{"name":"carcass_location_location","title":"Carcass Location  Location","type":"string","rdfType":"http://www.opengis.net/ont/OGC-GeoSPARQL/1.0/Point","dwSourceId":"carcass_location_location"}]},"path":"data/bs_24_draftvalidated.csv","format":"csv"},{"name":"original/bs24-bkgddeposition-vervalreport-5-10-16-pdf-1.pdf","path":"original/bs24-bkgddeposition-vervalreport-5-10-16-pdf-1.pdf","format":"pdf","mediatype":"application/pdf","bytes":537667},{"name":"original/dwh-backgrounddeposition-dataset-xls-2.excel","path":"original/dwh-backgrounddeposition-dataset-xls-2.excel","format":"excel","mediatype":"application/vnd.ms-excel","bytes":317440}],"keywords":["avian","bird","dwh","nrda"]}