{"name":"us-doi-gov_fa50d8a7-6248-4e11-a752-1c99ea1875a3","title":"Soil analysis and native plant propagation: a case study ...","description":"Soil analysis and native plant propagation: a case study on Laysan Island, Papahanaumokuakea Marine National Monument\n\n*Original Title*: Soil analysis and native plant propagation: a case study on Laysan Island, Papahanaumokuakea Marine National Monument\n\nThis final report documents methods and results for 3 objectives of a project funded by the Region 1 Inventory and Monitoring Initiative in FY 2012. Objectives were: Collect soil samples via stratified random sampling for composition analysis; consult horticultural specialists to determine the best locations to outplant specific native plant species; propagate 3 native Hawaiian plant species (Cyperus pennatiformes, Chenopodium oahuense, Santalum ellipticum) on Laysan Island in abundance and out-plant in the recommended areas during the summer of 2012 to test horticulturist recommendations.\n\nSource: https://catalog.data.gov/dataset/soil-analysis-and-native-plant-propagation-a-case-study-on-laysan-island-papahanaumokuakea-mari  \nLast updated at https://catalog.data.gov/organization/doi-gov : 2019-02-22  \n[More about U.S. Government Works](https://www.usa.gov/government-works)","homepage":"https://data.world/us-doi-gov/fa50d8a7-6248-4e11-a752-1c99ea1875a3","license":"Public Domain","resources":[{"name":"b","schema":{"fields":[{"name":"vegetation_class","title":"Vegetation Class","type":"string","rdfType":"http://www.w3.org/2001/XMLSchema#string","dwSourceId":"vegetation_class"},{"name":"dir_quad","title":"DIR. Quad.","type":"string","rdfType":"http://www.w3.org/2001/XMLSchema#string","dwSourceId":"dir_quad"},{"name":"int_ext","title":"INT/EXT","type":"string","rdfType":"http://www.w3.org/2001/XMLSchema#string","dwSourceId":"int_ext"},{"name":"a_b","title":"A & B","type":"string","rdfType":"http://www.w3.org/2001/XMLSchema#string","dwSourceId":"a_b"},{"name":"data_labels","title":"Data Labels","type":"string","rdfType":"http://www.w3.org/2001/XMLSchema#string","dwSourceId":"data_labels"},{"name":"series_name","title":"Series Name","type":"string","rdfType":"http://www.w3.org/2001/XMLSchema#string","dwSourceId":"series_name"},{"name":"sample_1","title":"Sample #1","type":"number","rdfType":"http://www.w3.org/2001/XMLSchema#decimal","dwSourceId":"sample_1"},{"name":"sample_2","title":"Sample #2","type":"number","rdfType":"http://www.w3.org/2001/XMLSchema#decimal","dwSourceId":"sample_2"},{"name":"sample_3","title":"Sample #3","type":"number","rdfType":"http://www.w3.org/2001/XMLSchema#decimal","dwSourceId":"sample_3"},{"name":"sample_4","title":"Sample #4","type":"number","rdfType":"http://www.w3.org/2001/XMLSchema#decimal","dwSourceId":"sample_4"},{"name":"average_b_ppm","title":"Average  B (ppm)","type":"number","rdfType":"http://www.w3.org/2001/XMLSchema#decimal","dwSourceId":"average_b_ppm"},{"name":"st_dev_b_ppm","title":"St. Dev   B (ppm)","type":"number","rdfType":"http://www.w3.org/2001/XMLSchema#decimal","dwSourceId":"st_dev_b_ppm"}]},"path":"data/b.csv","format":"csv"},{"name":"ca","schema":{"fields":[{"name":"vegetation_class","title":"Vegetation Class","type":"string","rdfType":"http://www.w3.org/2001/XMLSchema#string","dwSourceId":"vegetation_class"},{"name":"dir_quad","title":"DIR. Quad.","type":"string","rdfType":"http://www.w3.org/2001/XMLSchema#string","dwSourceId":"dir_quad"},{"name":"int_ext","title":"INT/EXT","type":"string","rdfType":"http://www.w3.org/2001/XMLSchema#string","dwSourceId":"int_ext"},{"name":"a_b","title":"A & B","type":"string","rdfType":"http://www.w3.org/2001/XMLSchema#string","dwSourceId":"a_b"},{"name":"data_labels","title":"Data Labels","type":"string","rdfType":"http://www.w3.org/2001/XMLSchema#string","dwSourceId":"data_labels"},{"name":"series_name","title":"Series Name","type":"string","rdfType":"http://www.w3.org/2001/XMLSchema#string","dwSourceId":"series_name"},{"name":"sample_1","title":"Sample #1","type":"number","rdfType":"http://www.w3.org/2001/XMLSchema#decimal","dwSourceId":"sample_1"},{"name":"sample_2","title":"Sample #2","type":"number","rdfType":"http://www.w3.org/2001/XMLSchema#decimal","dwSourceId":"sample_2"},{"name":"sample_3","title":"Sample #3","type":"number","rdfType":"http://www.w3.org/2001/XMLSchema#decimal","dwSourceId":"sample_3"},{"name":"sample_4","title":"Sample #4","type":"number","rdfType":"http://www.w3.org/2001/XMLSchema#decimal","dwSourceId":"sample_4"},{"name":"average_ca_meq_100g","title":"Average      Ca (meq/100g)","type":"number","rdfType":"http://www.w3.org/2001/XMLSchema#decimal","dwSourceId":"average_ca_meq_100g"},{"name":"st_dev_ca_meq_100g","title":"St. Dev         Ca (meq/100g)","type":"number","rdfType":"http://www.w3.org/2001/XMLSchema#decimal","dwSourceId":"st_dev_ca_meq_100g"}]},"path":"data/ca.csv","format":"csv"},{"name":"catotal_bases","schema":{"fields":[{"name":"vegetation_class","title":"Vegetation Class","type":"string","rdfType":"http://www.w3.org/2001/XMLSchema#string","dwSourceId":"vegetation_class"},{"name":"dir_quad","title":"DIR. Quad.","type":"string","rdfType":"http://www.w3.org/2001/XMLSchema#string","dwSourceId":"dir_quad"},{"name":"int_ext","title":"INT/EXT","type":"string","rdfType":"http://www.w3.org/2001/XMLSchema#string","dwSourceId":"int_ext"},{"name":"a_b","title":"A & B","type":"string","rdfType":"http://www.w3.org/2001/XMLSchema#string","dwSourceId":"a_b"},{"name":"data_labels","title":"Data Labels","type":"string","rdfType":"http://www.w3.org/2001/XMLSchema#string","dwSourceId":"data_labels"},{"name":"series_name","title":"Series Name","type":"string","rdfType":"http://www.w3.org/2001/XMLSchema#string","dwSourceId":"series_name"},{"name":"sample_1","title":"Sample #1","type":"number","rdfType":"http://www.w3.org/2001/XMLSchema#decimal","dwSourceId":"sample_1"},{"name":"sample_2","title":"Sample #2","type":"number","rdfType":"http://www.w3.org/2001/XMLSchema#decimal","dwSourceId":"sample_2"},{"name":"sample_3","title":"Sample #3","type":"number","rdfType":"http://www.w3.org/2001/XMLSchema#decimal","dwSourceId":"sample_3"},{"name":"sample_4","title":"Sample #4","type":"number","rdfType":"http://www.w3.org/2001/XMLSchema#decimal","dwSourceId":"sample_4"},{"name":"average_ca_total_bases","title":"Average      Ca Total Bases (%)","type":"number","rdfType":"http://www.w3.org/2001/XMLSchema#decimal","dwSourceId":"average_ca_total_bases"},{"name":"st_dev_ca_total_bases","title":"St. Dev         Ca Total Bases (%)","type":"number","rdfType":"http://www.w3.org/2001/XMLSchema#decimal","dwSourceId":"st_dev_ca_total_bases"}]},"path":"data/catotal_bases.csv","format":"csv"},{"name":"cu","schema":{"fields":[{"name":"vegetation_class","title":"Vegetation Class","type":"string","rdfType":"http://www.w3.org/2001/XMLSchema#string","dwSourceId":"vegetation_class"},{"name":"dir_quad","title":"DIR. Quad.","type":"string","rdfType":"http://www.w3.org/2001/XMLSchema#string","dwSourceId":"dir_quad"},{"name":"int_ext","title":"INT/EXT","type":"string","rdfType":"http://www.w3.org/2001/XMLSchema#string","dwSourceId":"int_ext"},{"name":"a_b","title":"A & B","type":"string","rdfType":"http://www.w3.org/2001/XMLSchema#string","dwSourceId":"a_b"},{"name":"data_labels","title":"Data Labels","type":"string","rdfType":"http://www.w3.org/2001/XMLSchema#string","dwSourceId":"data_labels"},{"name":"series_name","title":"Series Name","type":"string","rdfType":"http://www.w3.org/2001/XMLSchema#string","dwSourceId":"series_name"},{"name":"sample_1","title":"Sample #1","type":"number","rdfType":"http://www.w3.org/2001/XMLSchema#decimal","dwSourceId":"sample_1"},{"name":"sample_2","title":"Sample #2","type":"number","rdfType":"http://www.w3.org/2001/XMLSchema#decimal","dwSourceId":"sample_2"},{"name":"sample_3","title":"Sample #3","type":"number","rdfType":"http://www.w3.org/2001/XMLSchema#decimal","dwSourceId":"sample_3"},{"name":"sample_4","title":"Sample #4","type":"number","rdfType":"http://www.w3.org/2001/XMLSchema#decimal","dwSourceId":"sample_4"},{"name":"average_cu_ppm","title":"Average      Cu (ppm)","type":"number","rdfType":"http://www.w3.org/2001/XMLSchema#decimal","dwSourceId":"average_cu_ppm"},{"name":"st_dev_cu_ppm","title":"St. Dev         Cu (ppm)","type":"number","rdfType":"http://www.w3.org/2001/XMLSchema#decimal","dwSourceId":"st_dev_cu_ppm"}]},"path":"data/cu.csv","format":"csv"},{"name":"fe","schema":{"fields":[{"name":"vegetation_class","title":"Vegetation Class","type":"string","rdfType":"http://www.w3.org/2001/XMLSchema#string","dwSourceId":"vegetation_class"},{"name":"dir_quad","title":"DIR. Quad.","type":"string","rdfType":"http://www.w3.org/2001/XMLSchema#string","dwSourceId":"dir_quad"},{"name":"int_ext","title":"INT/EXT","type":"string","rdfType":"http://www.w3.org/2001/XMLSchema#string","dwSourceId":"int_ext"},{"name":"a_b","title":"A & B","type":"string","rdfType":"http://www.w3.org/2001/XMLSchema#string","dwSourceId":"a_b"},{"name":"data_labels","title":"Data Labels","type":"string","rdfType":"http://www.w3.org/2001/XMLSchema#string","dwSourceId":"data_labels"},{"name":"series_name","title":"Series Name","type":"string","rdfType":"http://www.w3.org/2001/XMLSchema#string","dwSourceId":"series_name"},{"name":"sample_1","title":"Sample #1","type":"integer","rdfType":"http://www.w3.org/2001/XMLSchema#integer","dwSourceId":"sample_1"},{"name":"sample_2","title":"Sample #2","type":"integer","rdfType":"http://www.w3.org/2001/XMLSchema#integer","dwSourceId":"sample_2"},{"name":"sample_3","title":"Sample #3","type":"integer","rdfType":"http://www.w3.org/2001/XMLSchema#integer","dwSourceId":"sample_3"},{"name":"sample_4","title":"Sample #4","type":"integer","rdfType":"http://www.w3.org/2001/XMLSchema#integer","dwSourceId":"sample_4"},{"name":"average_fe_ppm","title":"Average      Fe (ppm)","type":"number","rdfType":"http://www.w3.org/2001/XMLSchema#decimal","dwSourceId":"average_fe_ppm"},{"name":"st_dev_fe_ppm","title":"St. Dev         Fe (ppm)","type":"number","rdfType":"http://www.w3.org/2001/XMLSchema#decimal","dwSourceId":"st_dev_fe_ppm"}]},"path":"data/fe.csv","format":"csv"},{"name":"k_acet","schema":{"fields":[{"name":"vegetation_class","title":"Vegetation Class","type":"string","rdfType":"http://www.w3.org/2001/XMLSchema#string","dwSourceId":"vegetation_class"},{"name":"dir_quad","title":"DIR. Quad.","type":"string","rdfType":"http://www.w3.org/2001/XMLSchema#string","dwSourceId":"dir_quad"},{"name":"int_ext","title":"INT/EXT","type":"string","rdfType":"http://www.w3.org/2001/XMLSchema#string","dwSourceId":"int_ext"},{"name":"a_b","title":"A & B","type":"string","rdfType":"http://www.w3.org/2001/XMLSchema#string","dwSourceId":"a_b"},{"name":"data_labels","title":"Data Labels","type":"string","rdfType":"http://www.w3.org/2001/XMLSchema#string","dwSourceId":"data_labels"},{"name":"series_name","title":"Series Name","type":"string","rdfType":"http://www.w3.org/2001/XMLSchema#string","dwSourceId":"series_name"},{"name":"sample_1","title":"Sample #1","type":"integer","rdfType":"http://www.w3.org/2001/XMLSchema#integer","dwSourceId":"sample_1"},{"name":"sample_2","title":"Sample #2","type":"integer","rdfType":"http://www.w3.org/2001/XMLSchema#integer","dwSourceId":"sample_2"},{"name":"sample_3","title":"Sample #3","type":"integer","rdfType":"http://www.w3.org/2001/XMLSchema#integer","dwSourceId":"sample_3"},{"name":"sample_4","title":"Sample #4","type":"integer","rdfType":"http://www.w3.org/2001/XMLSchema#integer","dwSourceId":"sample_4"},{"name":"average_k_acet_ppm","title":"Average  K_Acet. (ppm)","type":"number","rdfType":"http://www.w3.org/2001/XMLSchema#decimal","dwSourceId":"average_k_acet_ppm"},{"name":"st_dev_k_acet_ppm","title":"St. Dev   K_Acet. (ppm)","type":"number","rdfType":"http://www.w3.org/2001/XMLSchema#decimal","dwSourceId":"st_dev_k_acet_ppm"}]},"path":"data/k_acet.csv","format":"csv"},{"name":"k_total_bases","schema":{"fields":[{"name":"vegetation_class","title":"Vegetation Class","type":"string","rdfType":"http://www.w3.org/2001/XMLSchema#string","dwSourceId":"vegetation_class"},{"name":"dir_quad","title":"DIR. Quad.","type":"string","rdfType":"http://www.w3.org/2001/XMLSchema#string","dwSourceId":"dir_quad"},{"name":"int_ext","title":"INT/EXT","type":"string","rdfType":"http://www.w3.org/2001/XMLSchema#string","dwSourceId":"int_ext"},{"name":"a_b","title":"A & B","type":"string","rdfType":"http://www.w3.org/2001/XMLSchema#string","dwSourceId":"a_b"},{"name":"data_labels","title":"Data Labels","type":"string","rdfType":"http://www.w3.org/2001/XMLSchema#string","dwSourceId":"data_labels"},{"name":"series_name","title":"Series Name","type":"string","rdfType":"http://www.w3.org/2001/XMLSchema#string","dwSourceId":"series_name"},{"name":"sample_1","title":"Sample #1","type":"number","rdfType":"http://www.w3.org/2001/XMLSchema#decimal","dwSourceId":"sample_1"},{"name":"sample_2","title":"Sample #2","type":"number","rdfType":"http://www.w3.org/2001/XMLSchema#decimal","dwSourceId":"sample_2"},{"name":"sample_3","title":"Sample #3","type":"number","rdfType":"http://www.w3.org/2001/XMLSchema#decimal","dwSourceId":"sample_3"},{"name":"sample_4","title":"Sample #4","type":"number","rdfType":"http://www.w3.org/2001/XMLSchema#decimal","dwSourceId":"sample_4"},{"name":"average_k_total_bases","title":"Average      K/Total Bases (%)","type":"number","rdfType":"http://www.w3.org/2001/XMLSchema#decimal","dwSourceId":"average_k_total_bases"},{"name":"st_dev_k_total_bases","title":"St. Dev         K/Total Bases (%)","type":"number","rdfType":"http://www.w3.org/2001/XMLSchema#decimal","dwSourceId":"st_dev_k_total_bases"}]},"path":"data/k_total_bases.csv","format":"csv"},{"name":"metadata","schema":{"fields":[{"name":"column_a","title":"Column A","type":"string","rdfType":"http://www.w3.org/2001/XMLSchema#string","dwSourceId":"column_a"},{"name":"column_b","title":"Column B","type":"string","rdfType":"http://www.w3.org/2001/XMLSchema#string","dwSourceId":"column_b"},{"name":"column_c","title":"Column C","type":"string","rdfType":"http://www.w3.org/2001/XMLSchema#string","dwSourceId":"column_c"},{"name":"column_d","title":"Column D","type":"string","rdfType":"http://www.w3.org/2001/XMLSchema#string","dwSourceId":"column_d"},{"name":"column_e","title":"Column E","type":"string","rdfType":"http://www.w3.org/2001/XMLSchema#string","dwSourceId":"column_e"},{"name":"column_f","title":"Column F","type":"string","rdfType":"http://www.w3.org/2001/XMLSchema#string","dwSourceId":"column_f"},{"name":"column_g","title":"Column G","type":"string","rdfType":"http://www.w3.org/2001/XMLSchema#string","dwSourceId":"column_g"},{"name":"column_h","title":"Column H","type":"string","rdfType":"http://www.w3.org/2001/XMLSchema#string","dwSourceId":"column_h"},{"name":"column_i","title":"Column I","type":"string","rdfType":"http://www.w3.org/2001/XMLSchema#string","dwSourceId":"column_i"},{"name":"column_j","title":"Column J","type":"string","rdfType":"http://www.w3.org/2001/XMLSchema#string","dwSourceId":"column_j"},{"name":"column_k","title":"Column K","type":"string","rdfType":"http://www.w3.org/2001/XMLSchema#string","dwSourceId":"column_k"},{"name":"column_l","title":"Column L","type":"string","rdfType":"http://www.w3.org/2001/XMLSchema#string","dwSourceId":"column_l"},{"name":"column_m","title":"Column M","type":"string","rdfType":"http://www.w3.org/2001/XMLSchema#string","dwSourceId":"column_m"},{"name":"column_n","title":"Column N","type":"string","rdfType":"http://www.w3.org/2001/XMLSchema#string","dwSourceId":"column_n"},{"name":"column_o","title":"Column O","type":"string","rdfType":"http://www.w3.org/2001/XMLSchema#string","dwSourceId":"column_o"},{"name":"column_p","title":"Column P","type":"string","rdfType":"http://www.w3.org/2001/XMLSchema#string","dwSourceId":"column_p"},{"name":"column_q","title":"Column Q","type":"string","rdfType":"http://www.w3.org/2001/XMLSchema#string","dwSourceId":"column_q"},{"name":"column_r","title":"Column R","type":"string","rdfType":"http://www.w3.org/2001/XMLSchema#string","dwSourceId":"column_r"},{"name":"column_s","title":"Column S","type":"string","rdfType":"http://www.w3.org/2001/XMLSchema#string","dwSourceId":"column_s"},{"name":"column_t","title":"Column T","type":"string","rdfType":"http://www.w3.org/2001/XMLSchema#string","dwSourceId":"column_t"},{"name":"column_u","title":"Column U","type":"string","rdfType":"http://www.w3.org/2001/XMLSchema#string","dwSourceId":"column_u"},{"name":"column_v","title":"Column V","type":"string","rdfType":"http://www.w3.org/2001/XMLSchema#string","dwSourceId":"column_v"},{"name":"column_w","title":"Column W","type":"string","rdfType":"http://www.w3.org/2001/XMLSchema#string","dwSourceId":"column_w"},{"name":"column_x","title":"Column X","type":"string","rdfType":"http://www.w3.org/2001/XMLSchema#string","dwSourceId":"column_x"},{"name":"column_y","title":"Column Y","type":"string","rdfType":"http://www.w3.org/2001/XMLSchema#string","dwSourceId":"column_y"},{"name":"column_z","title":"Column Z","type":"string","rdfType":"http://www.w3.org/2001/XMLSchema#string","dwSourceId":"column_z"},{"name":"column_aa","title":"Column AA","type":"string","rdfType":"http://www.w3.org/2001/XMLSchema#string","dwSourceId":"column_aa"},{"name":"column_ab","title":"Column AB","type":"string","rdfType":"http://www.w3.org/2001/XMLSchema#string","dwSourceId":"column_ab"},{"name":"column_ac","title":"Column AC","type":"string","rdfType":"http://www.w3.org/2001/XMLSchema#string","dwSourceId":"column_ac"},{"name":"column_ad","title":"Column AD","type":"string","rdfType":"http://www.w3.org/2001/XMLSchema#string","dwSourceId":"column_ad"},{"name":"column_ae","title":"Column AE","type":"string","rdfType":"http://www.w3.org/2001/XMLSchema#string","dwSourceId":"column_ae"},{"name":"column_af","title":"Column AF","type":"string","rdfType":"http://www.w3.org/2001/XMLSchema#string","dwSourceId":"column_af"},{"name":"column_ag","title":"Column AG","type":"string","rdfType":"http://www.w3.org/2001/XMLSchema#string","dwSourceId":"column_ag"},{"name":"column_ah","title":"Column AH","type":"string","rdfType":"http://www.w3.org/2001/XMLSchema#string","dwSourceId":"column_ah"},{"name":"column_ai","title":"Column AI","type":"string","rdfType":"http://www.w3.org/2001/XMLSchema#string","dwSourceId":"column_ai"},{"name":"column_aj","title":"Column AJ","type":"string","rdfType":"http://www.w3.org/2001/XMLSchema#string","dwSourceId":"column_aj"},{"name":"column_ak","title":"Column AK","type":"string","rdfType":"http://www.w3.org/2001/XMLSchema#string","dwSourceId":"column_ak"},{"name":"column_al","title":"Column AL","type":"string","rdfType":"http://www.w3.org/2001/XMLSchema#string","dwSourceId":"column_al"},{"name":"column_am","title":"Column AM","type":"string","rdfType":"http://www.w3.org/2001/XMLSchema#string","dwSourceId":"column_am"},{"name":"column_an","title":"Column AN","type":"string","rdfType":"http://www.w3.org/2001/XMLSchema#string","dwSourceId":"column_an"},{"name":"column_ao","title":"Column AO","type":"string","rdfType":"http://www.w3.org/2001/XMLSchema#string","dwSourceId":"column_ao"}]},"path":"data/metadata.csv","format":"csv"},{"name":"mg","schema":{"fields":[{"name":"vegetation_class","title":"Vegetation Class","type":"string","rdfType":"http://www.w3.org/2001/XMLSchema#string","dwSourceId":"vegetation_class"},{"name":"dir_quad","title":"DIR. Quad.","type":"string","rdfType":"http://www.w3.org/2001/XMLSchema#string","dwSourceId":"dir_quad"},{"name":"int_ext","title":"INT/EXT","type":"string","rdfType":"http://www.w3.org/2001/XMLSchema#string","dwSourceId":"int_ext"},{"name":"a_b","title":"A & B","type":"string","rdfType":"http://www.w3.org/2001/XMLSchema#string","dwSourceId":"a_b"},{"name":"data_labels","title":"Data Labels","type":"string","rdfType":"http://www.w3.org/2001/XMLSchema#string","dwSourceId":"data_labels"},{"name":"series_name","title":"Series Name","type":"string","rdfType":"http://www.w3.org/2001/XMLSchema#string","dwSourceId":"series_name"},{"name":"sample_1","title":"Sample #1","type":"number","rdfType":"http://www.w3.org/2001/XMLSchema#decimal","dwSourceId":"sample_1"},{"name":"sample_2","title":"Sample #2","type":"number","rdfType":"http://www.w3.org/2001/XMLSchema#decimal","dwSourceId":"sample_2"},{"name":"sample_3","title":"Sample #3","type":"number","rdfType":"http://www.w3.org/2001/XMLSchema#decimal","dwSourceId":"sample_3"},{"name":"sample_4","title":"Sample #4","type":"number","rdfType":"http://www.w3.org/2001/XMLSchema#decimal","dwSourceId":"sample_4"},{"name":"average_mg_meq_100g","title":"Average      Mg (meq/100g)","type":"number","rdfType":"http://www.w3.org/2001/XMLSchema#decimal","dwSourceId":"average_mg_meq_100g"},{"name":"st_dev_mg_meq_100g","title":"St. Dev         Mg (meq/100g)","type":"number","rdfType":"http://www.w3.org/2001/XMLSchema#decimal","dwSourceId":"st_dev_mg_meq_100g"}]},"path":"data/mg.csv","format":"csv"},{"name":"mg_total_bases","schema":{"fields":[{"name":"vegetation_class","title":"Vegetation Class","type":"string","rdfType":"http://www.w3.org/2001/XMLSchema#string","dwSourceId":"vegetation_class"},{"name":"dir_quad","title":"DIR. Quad.","type":"string","rdfType":"http://www.w3.org/2001/XMLSchema#string","dwSourceId":"dir_quad"},{"name":"int_ext","title":"INT/EXT","type":"string","rdfType":"http://www.w3.org/2001/XMLSchema#string","dwSourceId":"int_ext"},{"name":"a_b","title":"A & B","type":"string","rdfType":"http://www.w3.org/2001/XMLSchema#string","dwSourceId":"a_b"},{"name":"data_labels","title":"Data Labels","type":"string","rdfType":"http://www.w3.org/2001/XMLSchema#string","dwSourceId":"data_labels"},{"name":"series_name","title":"Series Name","type":"string","rdfType":"http://www.w3.org/2001/XMLSchema#string","dwSourceId":"series_name"},{"name":"sample_1","title":"Sample #1","type":"number","rdfType":"http://www.w3.org/2001/XMLSchema#decimal","dwSourceId":"sample_1"},{"name":"sample_2","title":"Sample #2","type":"number","rdfType":"http://www.w3.org/2001/XMLSchema#decimal","dwSourceId":"sample_2"},{"name":"sample_3","title":"Sample #3","type":"number","rdfType":"http://www.w3.org/2001/XMLSchema#decimal","dwSourceId":"sample_3"},{"name":"sample_4","title":"Sample #4","type":"number","rdfType":"http://www.w3.org/2001/XMLSchema#decimal","dwSourceId":"sample_4"},{"name":"average_mg_total_bases","title":"Average      Mg/Total Bases (%)","type":"number","rdfType":"http://www.w3.org/2001/XMLSchema#decimal","dwSourceId":"average_mg_total_bases"},{"name":"st_dev_mg_total_bases","title":"St. Dev         Mg/Total Bases (%)","type":"number","rdfType":"http://www.w3.org/2001/XMLSchema#decimal","dwSourceId":"st_dev_mg_total_bases"}]},"path":"data/mg_total_bases.csv","format":"csv"},{"name":"mn","schema":{"fields":[{"name":"vegetation_class","title":"Vegetation Class","type":"string","rdfType":"http://www.w3.org/2001/XMLSchema#string","dwSourceId":"vegetation_class"},{"name":"dir_quad","title":"DIR. Quad.","type":"string","rdfType":"http://www.w3.org/2001/XMLSchema#string","dwSourceId":"dir_quad"},{"name":"int_ext","title":"INT/EXT","type":"string","rdfType":"http://www.w3.org/2001/XMLSchema#string","dwSourceId":"int_ext"},{"name":"a_b","title":"A & B","type":"string","rdfType":"http://www.w3.org/2001/XMLSchema#string","dwSourceId":"a_b"},{"name":"data_labels","title":"Data Labels","type":"string","rdfType":"http://www.w3.org/2001/XMLSchema#string","dwSourceId":"data_labels"},{"name":"series_name","title":"Series Name","type":"string","rdfType":"http://www.w3.org/2001/XMLSchema#string","dwSourceId":"series_name"},{"name":"sample_1","title":"Sample #1","type":"integer","rdfType":"http://www.w3.org/2001/XMLSchema#integer","dwSourceId":"sample_1"},{"name":"sample_2","title":"Sample #2","type":"integer","rdfType":"http://www.w3.org/2001/XMLSchema#integer","dwSourceId":"sample_2"},{"name":"sample_3","title":"Sample #3","type":"integer","rdfType":"http://www.w3.org/2001/XMLSchema#integer","dwSourceId":"sample_3"},{"name":"sample_4","title":"Sample #4","type":"integer","rdfType":"http://www.w3.org/2001/XMLSchema#integer","dwSourceId":"sample_4"},{"name":"average_mn_ppm","title":"Average      Mn (ppm)","type":"integer","rdfType":"http://www.w3.org/2001/XMLSchema#integer","dwSourceId":"average_mn_ppm"},{"name":"st_dev_mn_ppm","title":"St. Dev         Mn (ppm)","type":"integer","rdfType":"http://www.w3.org/2001/XMLSchema#integer","dwSourceId":"st_dev_mn_ppm"}]},"path":"data/mn.csv","format":"csv"},{"name":"na","schema":{"fields":[{"name":"vegetation_class","title":"Vegetation Class","type":"string","rdfType":"http://www.w3.org/2001/XMLSchema#string","dwSourceId":"vegetation_class"},{"name":"dir_quad","title":"DIR. Quad.","type":"string","rdfType":"http://www.w3.org/2001/XMLSchema#string","dwSourceId":"dir_quad"},{"name":"int_ext","title":"INT/EXT","type":"string","rdfType":"http://www.w3.org/2001/XMLSchema#string","dwSourceId":"int_ext"},{"name":"a_b","title":"A & B","type":"string","rdfType":"http://www.w3.org/2001/XMLSchema#string","dwSourceId":"a_b"},{"name":"data_labels","title":"Data Labels","type":"string","rdfType":"http://www.w3.org/2001/XMLSchema#string","dwSourceId":"data_labels"},{"name":"series_name","title":"Series Name","type":"string","rdfType":"http://www.w3.org/2001/XMLSchema#string","dwSourceId":"series_name"},{"name":"sample_1","title":"Sample #1","type":"number","rdfType":"http://www.w3.org/2001/XMLSchema#decimal","dwSourceId":"sample_1"},{"name":"sample_2","title":"Sample #2","type":"number","rdfType":"http://www.w3.org/2001/XMLSchema#decimal","dwSourceId":"sample_2"},{"name":"sample_3","title":"Sample #3","type":"number","rdfType":"http://www.w3.org/2001/XMLSchema#decimal","dwSourceId":"sample_3"},{"name":"sample_4","title":"Sample #4","type":"number","rdfType":"http://www.w3.org/2001/XMLSchema#decimal","dwSourceId":"sample_4"},{"name":"average_na_meq_100g","title":"Average      Na (meq/100g)","type":"number","rdfType":"http://www.w3.org/2001/XMLSchema#decimal","dwSourceId":"average_na_meq_100g"},{"name":"st_dev_na_meq_100g","title":"St. Dev         Na (meq/100g)","type":"number","rdfType":"http://www.w3.org/2001/XMLSchema#decimal","dwSourceId":"st_dev_na_meq_100g"}]},"path":"data/na.csv","format":"csv"},{"name":"na_total_bases","schema":{"fields":[{"name":"vegetation_class","title":"Vegetation Class","type":"string","rdfType":"http://www.w3.org/2001/XMLSchema#string","dwSourceId":"vegetation_class"},{"name":"dir_quad","title":"DIR. Quad.","type":"string","rdfType":"http://www.w3.org/2001/XMLSchema#string","dwSourceId":"dir_quad"},{"name":"int_ext","title":"INT/EXT","type":"string","rdfType":"http://www.w3.org/2001/XMLSchema#string","dwSourceId":"int_ext"},{"name":"a_b","title":"A & B","type":"string","rdfType":"http://www.w3.org/2001/XMLSchema#string","dwSourceId":"a_b"},{"name":"data_labels","title":"Data Labels","type":"string","rdfType":"http://www.w3.org/2001/XMLSchema#string","dwSourceId":"data_labels"},{"name":"series_name","title":"Series Name","type":"string","rdfType":"http://www.w3.org/2001/XMLSchema#string","dwSourceId":"series_name"},{"name":"sample_1","title":"Sample #1","type":"number","rdfType":"http://www.w3.org/2001/XMLSchema#decimal","dwSourceId":"sample_1"},{"name":"sample_2","title":"Sample #2","type":"number","rdfType":"http://www.w3.org/2001/XMLSchema#decimal","dwSourceId":"sample_2"},{"name":"sample_3","title":"Sample #3","type":"number","rdfType":"http://www.w3.org/2001/XMLSchema#decimal","dwSourceId":"sample_3"},{"name":"sample_4","title":"Sample #4","type":"number","rdfType":"http://www.w3.org/2001/XMLSchema#decimal","dwSourceId":"sample_4"},{"name":"average_na_total_bases","title":"Average      Na/Total Bases (%)","type":"number","rdfType":"http://www.w3.org/2001/XMLSchema#decimal","dwSourceId":"average_na_total_bases"},{"name":"st_dev_na_total_bases","title":"St. Dev         Na/Total Bases (%)","type":"number","rdfType":"http://www.w3.org/2001/XMLSchema#decimal","dwSourceId":"st_dev_na_total_bases"}]},"path":"data/na_total_bases.csv","format":"csv"},{"name":"nh4_n","schema":{"fields":[{"name":"vegetation_class","title":"Vegetation Class","type":"string","rdfType":"http://www.w3.org/2001/XMLSchema#string","dwSourceId":"vegetation_class"},{"name":"dir","title":"DIR","type":"string","rdfType":"http://www.w3.org/2001/XMLSchema#string","dwSourceId":"dir"},{"name":"int_ext","title":"INT/EXT","type":"string","rdfType":"http://www.w3.org/2001/XMLSchema#string","dwSourceId":"int_ext"},{"name":"a_b","title":"A & B","type":"string","rdfType":"http://www.w3.org/2001/XMLSchema#string","dwSourceId":"a_b"},{"name":"data_labels","title":"Data Labels","type":"string","rdfType":"http://www.w3.org/2001/XMLSchema#string","dwSourceId":"data_labels"},{"name":"series_name","title":"Series Name","type":"string","rdfType":"http://www.w3.org/2001/XMLSchema#string","dwSourceId":"series_name"},{"name":"sample_1","title":"Sample #1","type":"number","rdfType":"http://www.w3.org/2001/XMLSchema#decimal","dwSourceId":"sample_1"},{"name":"sample_2","title":"Sample #2","type":"number","rdfType":"http://www.w3.org/2001/XMLSchema#decimal","dwSourceId":"sample_2"},{"name":"sample_3","title":"Sample #3","type":"number","rdfType":"http://www.w3.org/2001/XMLSchema#decimal","dwSourceId":"sample_3"},{"name":"sample_4","title":"Sample #4","type":"number","rdfType":"http://www.w3.org/2001/XMLSchema#decimal","dwSourceId":"sample_4"},{"name":"ave_nh4_n","title":"Ave.    NH4-N","type":"number","rdfType":"http://www.w3.org/2001/XMLSchema#decimal","dwSourceId":"ave_nh4_n"},{"name":"st_dev_of_nh4_n","title":"St. Dev of            NH4-N","type":"number","rdfType":"http://www.w3.org/2001/XMLSchema#decimal","dwSourceId":"st_dev_of_nh4_n"},{"name":"sample_1_2","title":"Sample #1","type":"number","rdfType":"http://www.w3.org/2001/XMLSchema#decimal","dwSourceId":"sample_1_2"},{"name":"sample_2_2","title":"Sample #2","type":"number","rdfType":"http://www.w3.org/2001/XMLSchema#decimal","dwSourceId":"sample_2_2"},{"name":"sample_3_2","title":"Sample #3","type":"number","rdfType":"http://www.w3.org/2001/XMLSchema#decimal","dwSourceId":"sample_3_2"},{"name":"sample_4_2","title":"Sample #4","type":"number","rdfType":"http://www.w3.org/2001/XMLSchema#decimal","dwSourceId":"sample_4_2"},{"name":"ave_nh4_n_2","title":"Ave.     NH4-N","type":"number","rdfType":"http://www.w3.org/2001/XMLSchema#decimal","dwSourceId":"ave_nh4_n_2"},{"name":"st_dev_of_nh4_n_2","title":"St. Dev of             NH4-N","type":"number","rdfType":"http://www.w3.org/2001/XMLSchema#decimal","dwSourceId":"st_dev_of_nh4_n_2"}]},"path":"data/nh4_n.csv","format":"csv"},{"name":"no3_n","schema":{"fields":[{"name":"column_a","title":"Column A","type":"string","rdfType":"http://www.w3.org/2001/XMLSchema#string","dwSourceId":"column_a"},{"name":"column_b","title":"Column B","type":"string","rdfType":"http://www.w3.org/2001/XMLSchema#string","dwSourceId":"column_b"},{"name":"column_c","title":"Column C","type":"string","rdfType":"http://www.w3.org/2001/XMLSchema#string","dwSourceId":"column_c"},{"name":"column_d","title":"Column D","type":"string","rdfType":"http://www.w3.org/2001/XMLSchema#string","dwSourceId":"column_d"},{"name":"column_e","title":"Column E","type":"string","rdfType":"http://www.w3.org/2001/XMLSchema#string","dwSourceId":"column_e"},{"name":"column_f","title":"Column F","type":"string","rdfType":"http://www.w3.org/2001/XMLSchema#string","dwSourceId":"column_f"},{"name":"column_g","title":"Column G","type":"number","rdfType":"http://www.w3.org/2001/XMLSchema#decimal","dwSourceId":"column_g"},{"name":"column_h","title":"Column H","type":"number","rdfType":"http://www.w3.org/2001/XMLSchema#decimal","dwSourceId":"column_h"},{"name":"column_i","title":"Column I","type":"number","rdfType":"http://www.w3.org/2001/XMLSchema#decimal","dwSourceId":"column_i"},{"name":"column_j","title":"Column J","type":"number","rdfType":"http://www.w3.org/2001/XMLSchema#decimal","dwSourceId":"column_j"},{"name":"column_k","title":"Column K","type":"number","rdfType":"http://www.w3.org/2001/XMLSchema#decimal","dwSourceId":"column_k"},{"name":"column_l","title":"Column L","type":"number","rdfType":"http://www.w3.org/2001/XMLSchema#decimal","dwSourceId":"column_l"},{"name":"column_m","title":"Column M","type":"number","rdfType":"http://www.w3.org/2001/XMLSchema#decimal","dwSourceId":"column_m"},{"name":"column_n","title":"Column N","type":"number","rdfType":"http://www.w3.org/2001/XMLSchema#decimal","dwSourceId":"column_n"},{"name":"column_o","title":"Column O","type":"number","rdfType":"http://www.w3.org/2001/XMLSchema#decimal","dwSourceId":"column_o"},{"name":"column_p","title":"Column P","type":"number","rdfType":"http://www.w3.org/2001/XMLSchema#decimal","dwSourceId":"column_p"},{"name":"column_q","title":"Column Q","type":"number","rdfType":"http://www.w3.org/2001/XMLSchema#decimal","dwSourceId":"column_q"},{"name":"column_r","title":"Column R","type":"number","rdfType":"http://www.w3.org/2001/XMLSchema#decimal","dwSourceId":"column_r"},{"name":"column_s","title":"Column S","type":"string","rdfType":"http://www.w3.org/2001/XMLSchema#string","dwSourceId":"column_s"}]},"path":"data/no3_n.csv","format":"csv"},{"name":"o_matter","schema":{"fields":[{"name":"column_a","title":"Column A","type":"string","rdfType":"http://www.w3.org/2001/XMLSchema#string","dwSourceId":"column_a"},{"name":"column_b","title":"Column B","type":"string","rdfType":"http://www.w3.org/2001/XMLSchema#string","dwSourceId":"column_b"},{"name":"column_c","title":"Column C","type":"string","rdfType":"http://www.w3.org/2001/XMLSchema#string","dwSourceId":"column_c"},{"name":"column_d","title":"Column D","type":"string","rdfType":"http://www.w3.org/2001/XMLSchema#string","dwSourceId":"column_d"},{"name":"column_e","title":"Column E","type":"integer","rdfType":"http://www.w3.org/2001/XMLSchema#integer","dwSourceId":"column_e"},{"name":"column_f","title":"Column F","type":"string","rdfType":"http://www.w3.org/2001/XMLSchema#string","dwSourceId":"column_f"},{"name":"column_g","title":"Column G","type":"string","rdfType":"http://www.w3.org/2001/XMLSchema#string","dwSourceId":"column_g"},{"name":"column_h","title":"Column H","type":"number","rdfType":"http://www.w3.org/2001/XMLSchema#decimal","dwSourceId":"column_h"},{"name":"column_i","title":"Column I","type":"number","rdfType":"http://www.w3.org/2001/XMLSchema#decimal","dwSourceId":"column_i"},{"name":"column_j","title":"Column J","type":"number","rdfType":"http://www.w3.org/2001/XMLSchema#decimal","dwSourceId":"column_j"},{"name":"column_k","title":"Column K","type":"number","rdfType":"http://www.w3.org/2001/XMLSchema#decimal","dwSourceId":"column_k"},{"name":"column_l","title":"Column L","type":"number","rdfType":"http://www.w3.org/2001/XMLSchema#decimal","dwSourceId":"column_l"},{"name":"column_m","title":"Column M","type":"number","rdfType":"http://www.w3.org/2001/XMLSchema#decimal","dwSourceId":"column_m"},{"name":"column_n","title":"Column N","type":"number","rdfType":"http://www.w3.org/2001/XMLSchema#decimal","dwSourceId":"column_n"},{"name":"column_o","title":"Column O","type":"number","rdfType":"http://www.w3.org/2001/XMLSchema#decimal","dwSourceId":"column_o"},{"name":"column_p","title":"Column P","type":"number","rdfType":"http://www.w3.org/2001/XMLSchema#decimal","dwSourceId":"column_p"},{"name":"column_q","title":"Column Q","type":"number","rdfType":"http://www.w3.org/2001/XMLSchema#decimal","dwSourceId":"column_q"},{"name":"column_r","title":"Column R","type":"string","rdfType":"http://www.w3.org/2001/XMLSchema#string","dwSourceId":"column_r"}]},"path":"data/o_matter.csv","format":"csv"},{"name":"p_bicar","schema":{"fields":[{"name":"vegetation_class","title":"Vegetation Class","type":"string","rdfType":"http://www.w3.org/2001/XMLSchema#string","dwSourceId":"vegetation_class"},{"name":"dir_quad","title":"DIR. Quad.","type":"string","rdfType":"http://www.w3.org/2001/XMLSchema#string","dwSourceId":"dir_quad"},{"name":"int_ext","title":"INT/EXT","type":"string","rdfType":"http://www.w3.org/2001/XMLSchema#string","dwSourceId":"int_ext"},{"name":"a_b","title":"A & B","type":"string","rdfType":"http://www.w3.org/2001/XMLSchema#string","dwSourceId":"a_b"},{"name":"data_labels","title":"Data Labels","type":"string","rdfType":"http://www.w3.org/2001/XMLSchema#string","dwSourceId":"data_labels"},{"name":"series_name","title":"Series Name","type":"string","rdfType":"http://www.w3.org/2001/XMLSchema#string","dwSourceId":"series_name"},{"name":"sample_1","title":"Sample #1","type":"integer","rdfType":"http://www.w3.org/2001/XMLSchema#integer","dwSourceId":"sample_1"},{"name":"sample_2","title":"Sample #2","type":"integer","rdfType":"http://www.w3.org/2001/XMLSchema#integer","dwSourceId":"sample_2"},{"name":"sample_3","title":"Sample #3","type":"integer","rdfType":"http://www.w3.org/2001/XMLSchema#integer","dwSourceId":"sample_3"},{"name":"sample_4","title":"Sample #4","type":"integer","rdfType":"http://www.w3.org/2001/XMLSchema#integer","dwSourceId":"sample_4"},{"name":"average_p_bicar_ppm","title":"Average  P-Bicar. (ppm)","type":"number","rdfType":"http://www.w3.org/2001/XMLSchema#decimal","dwSourceId":"average_p_bicar_ppm"},{"name":"st_dev_p_bicar_ppm","title":"St. Dev   P-Bicar. (ppm)","type":"number","rdfType":"http://www.w3.org/2001/XMLSchema#decimal","dwSourceId":"st_dev_p_bicar_ppm"}]},"path":"data/p_bicar.csv","format":"csv"},{"name":"ph","schema":{"fields":[{"name":"vegetation_class","title":"Vegetation Class","type":"string","rdfType":"http://www.w3.org/2001/XMLSchema#string","dwSourceId":"vegetation_class"},{"name":"dir_quad","title":"DIR. Quad.","type":"string","rdfType":"http://www.w3.org/2001/XMLSchema#string","dwSourceId":"dir_quad"},{"name":"int_ext","title":"INT/EXT","type":"string","rdfType":"http://www.w3.org/2001/XMLSchema#string","dwSourceId":"int_ext"},{"name":"a_b","title":"A & B","type":"string","rdfType":"http://www.w3.org/2001/XMLSchema#string","dwSourceId":"a_b"},{"name":"data_labels","title":"Data Labels","type":"string","rdfType":"http://www.w3.org/2001/XMLSchema#string","dwSourceId":"data_labels"},{"name":"series_name","title":"Series Name","type":"string","rdfType":"http://www.w3.org/2001/XMLSchema#string","dwSourceId":"series_name"},{"name":"sample_1","title":"Sample #1","type":"number","rdfType":"http://www.w3.org/2001/XMLSchema#decimal","dwSourceId":"sample_1"},{"name":"sample_2","title":"Sample #2","type":"number","rdfType":"http://www.w3.org/2001/XMLSchema#decimal","dwSourceId":"sample_2"},{"name":"sample_3","title":"Sample #3","type":"number","rdfType":"http://www.w3.org/2001/XMLSchema#decimal","dwSourceId":"sample_3"},{"name":"sample_4","title":"Sample #4","type":"number","rdfType":"http://www.w3.org/2001/XMLSchema#decimal","dwSourceId":"sample_4"},{"name":"average_ph","title":"Average  pH","type":"number","rdfType":"http://www.w3.org/2001/XMLSchema#decimal","dwSourceId":"average_ph"},{"name":"st_dev_ph","title":"St. Dev pH","type":"number","rdfType":"http://www.w3.org/2001/XMLSchema#decimal","dwSourceId":"st_dev_ph"}]},"path":"data/ph.csv","format":"csv"},{"name":"so4_s","schema":{"fields":[{"name":"vegetation_class","title":"Vegetation Class","type":"string","rdfType":"http://www.w3.org/2001/XMLSchema#string","dwSourceId":"vegetation_class"},{"name":"dir_quad","title":"DIR. Quad.","type":"string","rdfType":"http://www.w3.org/2001/XMLSchema#string","dwSourceId":"dir_quad"},{"name":"int_ext","title":"INT/EXT","type":"string","rdfType":"http://www.w3.org/2001/XMLSchema#string","dwSourceId":"int_ext"},{"name":"a_b","title":"A & B","type":"string","rdfType":"http://www.w3.org/2001/XMLSchema#string","dwSourceId":"a_b"},{"name":"column_e","title":"Column E","type":"integer","rdfType":"http://www.w3.org/2001/XMLSchema#integer","dwSourceId":"column_e"},{"name":"data_labels","title":"Data Labels","type":"string","rdfType":"http://www.w3.org/2001/XMLSchema#string","dwSourceId":"data_labels"},{"name":"series_name","title":"Series Name","type":"string","rdfType":"http://www.w3.org/2001/XMLSchema#string","dwSourceId":"series_name"},{"name":"sample_1","title":"Sample #1","type":"integer","rdfType":"http://www.w3.org/2001/XMLSchema#integer","dwSourceId":"sample_1"},{"name":"sample_2","title":"Sample #2","type":"integer","rdfType":"http://www.w3.org/2001/XMLSchema#integer","dwSourceId":"sample_2"},{"name":"sample_3","title":"Sample #3","type":"integer","rdfType":"http://www.w3.org/2001/XMLSchema#integer","dwSourceId":"sample_3"},{"name":"sample_4","title":"Sample #4","type":"integer","rdfType":"http://www.w3.org/2001/XMLSchema#integer","dwSourceId":"sample_4"},{"name":"average_so4_s_ppm","title":"Average  SO4-S (ppm)","type":"number","rdfType":"http://www.w3.org/2001/XMLSchema#decimal","dwSourceId":"average_so4_s_ppm"},{"name":"st_dev_so4_s_ppm","title":"St. Dev   SO4-S (ppm)","type":"number","rdfType":"http://www.w3.org/2001/XMLSchema#decimal","dwSourceId":"st_dev_so4_s_ppm"}]},"path":"data/so4_s.csv","format":"csv"},{"name":"ss","schema":{"fields":[{"name":"vegetation_class","title":"Vegetation Class","type":"string","rdfType":"http://www.w3.org/2001/XMLSchema#string","dwSourceId":"vegetation_class"},{"name":"dir_quad","title":"DIR. Quad.","type":"string","rdfType":"http://www.w3.org/2001/XMLSchema#string","dwSourceId":"dir_quad"},{"name":"int_ext","title":"INT/EXT","type":"string","rdfType":"http://www.w3.org/2001/XMLSchema#string","dwSourceId":"int_ext"},{"name":"a_b","title":"A & B","type":"string","rdfType":"http://www.w3.org/2001/XMLSchema#string","dwSourceId":"a_b"},{"name":"data_labels","title":"Data Labels","type":"string","rdfType":"http://www.w3.org/2001/XMLSchema#string","dwSourceId":"data_labels"},{"name":"series_name","title":"Series Name","type":"string","rdfType":"http://www.w3.org/2001/XMLSchema#string","dwSourceId":"series_name"},{"name":"sample_1","title":"Sample #1","type":"number","rdfType":"http://www.w3.org/2001/XMLSchema#decimal","dwSourceId":"sample_1"},{"name":"sample_2","title":"Sample #2","type":"number","rdfType":"http://www.w3.org/2001/XMLSchema#decimal","dwSourceId":"sample_2"},{"name":"sample_3","title":"Sample #3","type":"number","rdfType":"http://www.w3.org/2001/XMLSchema#decimal","dwSourceId":"sample_3"},{"name":"sample_4","title":"Sample #4","type":"number","rdfType":"http://www.w3.org/2001/XMLSchema#decimal","dwSourceId":"sample_4"},{"name":"average_ss_mmho_cm","title":"Average      SS (mmho/cm)","type":"number","rdfType":"http://www.w3.org/2001/XMLSchema#decimal","dwSourceId":"average_ss_mmho_cm"},{"name":"st_dev_ss_mmho_cm","title":"St. Dev         SS (mmho/cm)","type":"number","rdfType":"http://www.w3.org/2001/XMLSchema#decimal","dwSourceId":"st_dev_ss_mmho_cm"}]},"path":"data/ss.csv","format":"csv"},{"name":"total_bases","schema":{"fields":[{"name":"vegetation_class","title":"Vegetation Class","type":"string","rdfType":"http://www.w3.org/2001/XMLSchema#string","dwSourceId":"vegetation_class"},{"name":"dir_quad","title":"DIR. Quad.","type":"string","rdfType":"http://www.w3.org/2001/XMLSchema#string","dwSourceId":"dir_quad"},{"name":"int_ext","title":"INT/EXT","type":"string","rdfType":"http://www.w3.org/2001/XMLSchema#string","dwSourceId":"int_ext"},{"name":"a_b","title":"A & B","type":"string","rdfType":"http://www.w3.org/2001/XMLSchema#string","dwSourceId":"a_b"},{"name":"data_labels","title":"Data Labels","type":"string","rdfType":"http://www.w3.org/2001/XMLSchema#string","dwSourceId":"data_labels"},{"name":"series_name","title":"Series Name","type":"string","rdfType":"http://www.w3.org/2001/XMLSchema#string","dwSourceId":"series_name"},{"name":"sample_1","title":"Sample #1","type":"number","rdfType":"http://www.w3.org/2001/XMLSchema#decimal","dwSourceId":"sample_1"},{"name":"sample_2","title":"Sample #2","type":"number","rdfType":"http://www.w3.org/2001/XMLSchema#decimal","dwSourceId":"sample_2"},{"name":"sample_3","title":"Sample #3","type":"number","rdfType":"http://www.w3.org/2001/XMLSchema#decimal","dwSourceId":"sample_3"},{"name":"sample_4","title":"Sample #4","type":"number","rdfType":"http://www.w3.org/2001/XMLSchema#decimal","dwSourceId":"sample_4"},{"name":"average_total_bases_meq_100g","title":"Average      Total Bases (meq/100g)","type":"number","rdfType":"http://www.w3.org/2001/XMLSchema#decimal","dwSourceId":"average_total_bases_meq_100g"},{"name":"st_dev_total_bases_meq_100g","title":"St. Dev         Total Bases (meq/100g)","type":"number","rdfType":"http://www.w3.org/2001/XMLSchema#decimal","dwSourceId":"st_dev_total_bases_meq_100g"}]},"path":"data/total_bases.csv","format":"csv"},{"name":"zn","schema":{"fields":[{"name":"vegetation_class","title":"Vegetation Class","type":"string","rdfType":"http://www.w3.org/2001/XMLSchema#string","dwSourceId":"vegetation_class"},{"name":"dir_quad","title":"DIR. Quad.","type":"string","rdfType":"http://www.w3.org/2001/XMLSchema#string","dwSourceId":"dir_quad"},{"name":"int_ext","title":"INT/EXT","type":"string","rdfType":"http://www.w3.org/2001/XMLSchema#string","dwSourceId":"int_ext"},{"name":"a_b","title":"A & B","type":"string","rdfType":"http://www.w3.org/2001/XMLSchema#string","dwSourceId":"a_b"},{"name":"data_labels","title":"Data Labels","type":"string","rdfType":"http://www.w3.org/2001/XMLSchema#string","dwSourceId":"data_labels"},{"name":"series_name","title":"Series Name","type":"string","rdfType":"http://www.w3.org/2001/XMLSchema#string","dwSourceId":"series_name"},{"name":"sample_1","title":"Sample #1","type":"number","rdfType":"http://www.w3.org/2001/XMLSchema#decimal","dwSourceId":"sample_1"},{"name":"sample_2","title":"Sample #2","type":"number","rdfType":"http://www.w3.org/2001/XMLSchema#decimal","dwSourceId":"sample_2"},{"name":"sample_3","title":"Sample #3","type":"number","rdfType":"http://www.w3.org/2001/XMLSchema#decimal","dwSourceId":"sample_3"},{"name":"sample_4","title":"Sample #4","type":"number","rdfType":"http://www.w3.org/2001/XMLSchema#decimal","dwSourceId":"sample_4"},{"name":"average_zn_ppm","title":"Average      Zn (ppm)","type":"number","rdfType":"http://www.w3.org/2001/XMLSchema#decimal","dwSourceId":"average_zn_ppm"},{"name":"st_dev_zn_ppm","title":"St. Dev         Zn (ppm)","type":"number","rdfType":"http://www.w3.org/2001/XMLSchema#decimal","dwSourceId":"st_dev_zn_ppm"}]},"path":"data/zn.csv","format":"csv"},{"name":"original/appendix-d-metadata-laysan-soils-xlsx-1.xlsx","path":"original/appendix-d-metadata-laysan-soils-xlsx-1.xlsx","format":"xlsx","mediatype":"application/vnd.openxmlformats-officedocument.spreadsheetml.sheet","bytes":279454},{"name":"original/laysan-soils-plant-propagation-finalreport-pdf-2.pdf","path":"original/laysan-soils-plant-propagation-finalreport-pdf-2.pdf","format":"pdf","mediatype":"application/pdf","bytes":1754775}],"keywords":["alaweo","outplanting","soil"]}