{"name":"cityofaustin_9t4d-g238","title":"Austin Animal Center Outcomes","description":"Animal Center Outcomes from Oct, 1st 2013 to present.\n\nAnimal Center Outcomes from Oct, 1st 2013 to present. Outcomes represent the status of animals as they leave the Animal Center. All animals receive a unique Animal ID during intake. Annually over 90% of animals entering the center, are adopted, transferred to rescue or returned to their owners. The Outcomes data set reflects that Austin, TX. is the largest \"No Kill\" city in the country. This data set replaces all previous Animal Center Outcomes data sets.\n\nSource: https://data.austintexas.gov/d/9t4d-g238  \nLast updated at https://data.austintexas.gov/ : 2020-03-10","homepage":"https://data.world/cityofaustin/9t4d-g238","license":"PDDL","resources":[{"name":"austin_animal_center_outcomes_1","schema":{"fields":[{"name":"animal_id","title":"Animal ID","type":"string","rdfType":"http://www.w3.org/2001/XMLSchema#string","dwSourceId":"animal_id"},{"name":"name","title":"Name","type":"string","rdfType":"http://www.w3.org/2001/XMLSchema#string","dwSourceId":"name"},{"name":"datetime","title":"DateTime","type":"datetime","rdfType":"http://www.w3.org/2001/XMLSchema#dateTime","dwSourceId":"datetime"},{"name":"monthyear","title":"MonthYear","type":"datetime","rdfType":"http://www.w3.org/2001/XMLSchema#dateTime","dwSourceId":"monthyear"},{"name":"date_of_birth","title":"Date of Birth","type":"date","rdfType":"http://www.w3.org/2001/XMLSchema#date","dwSourceId":"date_of_birth"},{"name":"outcome_type","title":"Outcome Type","type":"string","rdfType":"http://www.w3.org/2001/XMLSchema#string","dwSourceId":"outcome_type"},{"name":"outcome_subtype","title":"Outcome Subtype","type":"string","rdfType":"http://www.w3.org/2001/XMLSchema#string","dwSourceId":"outcome_subtype"},{"name":"animal_type","title":"Animal Type","type":"string","rdfType":"http://www.w3.org/2001/XMLSchema#string","dwSourceId":"animal_type"},{"name":"sex_upon_outcome","title":"Sex upon Outcome","type":"string","rdfType":"http://www.w3.org/2001/XMLSchema#string","dwSourceId":"sex_upon_outcome"},{"name":"age_upon_outcome","title":"Age upon Outcome","type":"string","rdfType":"http://www.w3.org/2001/XMLSchema#string","dwSourceId":"age_upon_outcome"},{"name":"breed","title":"Breed","type":"string","rdfType":"http://www.w3.org/2001/XMLSchema#string","dwSourceId":"breed"},{"name":"color","title":"Color","type":"string","rdfType":"http://www.w3.org/2001/XMLSchema#string","dwSourceId":"color"}]},"path":"data/austin_animal_center_outcomes_1.csv","format":"csv"},{"name":"original/austin-animal-center-outcomes-1.csv","path":"original/austin-animal-center-outcomes-1.csv","format":"csv","mediatype":"text/csv","bytes":13478455}],"keywords":["outcomes","animal","cat","dog","pet","no kill","transfer","adoption","missing"]}