{"name":"geological-surv_8fefeaa1-0632-46ac-bbc0-6f03393f360c","title":"GSI GEMAS European Geochemical Soil Analysis","description":"GSI GEMAS European Geochemical Soil Analysis\n\nThe GEMAS dataset is based on low density geochemical sampling of agriculture (Ap) and grassland (Gr) soils across 34 European countries. Sample density covering an area of 5.6 million km2 of 1 site each, arable land (0-20 cm) and land under permanent grass cover (0-10 cm), per 2500 km2. The Geochemical Mapping of Agricultural and Grazing Land Soil comprises more than 70 chemical elements and parameters determined on more than 4000 soil samples. The geochemistry of European agriculture and grazing soils are depicted graphically on maps of the GEMAS geochemical atlas. In 2016 the Geological Survey of Ireland as a European partner contributes to GEMAS and EGDI (European Geological Data Infrastructure) with provision of a GIS spatial data classification and publication of WMS geochemical web mapping services to support European data interoperability of EGDI web portal. The GIS GEMAS sample classification were constructed in ArcGIS 10.1 and the original GEMAS dataset is available as ESRI shapefile format.\n\nSource: https://data.gov.ie/publisher/geological-survey-of-ireland  \nLast updated at https://data.gov.ie/publisher/geological-survey-of-ireland : 2017-09-14  \n\n\nLicense - \nCreative Commons Attribution 4.0","homepage":"https://data.world/geological-surv/8fefeaa1-0632-46ac-bbc0-6f03393f360c","license":"CC-BY","resources":[{"name":"download_json_1","schema":{"fields":[{"name":"id","title":"id","type":"integer","rdfType":"http://www.w3.org/2001/XMLSchema#integer","dwSourceId":"id"},{"name":"name","title":"name","type":"string","rdfType":"http://www.w3.org/2001/XMLSchema#string","dwSourceId":"name"},{"name":"parentlayerid","title":"parentLayerId","type":"integer","rdfType":"http://www.w3.org/2001/XMLSchema#integer","dwSourceId":"parentlayerid"},{"name":"defaultvisibility","title":"defaultVisibility","type":"boolean","rdfType":"http://www.w3.org/2001/XMLSchema#boolean","dwSourceId":"defaultvisibility"},{"name":"sublayerids","title":"subLayerIds","type":"string","rdfType":"http://www.w3.org/2001/XMLSchema#string","dwSourceId":"sublayerids"},{"name":"minscale","title":"minScale","type":"boolean","rdfType":"http://www.w3.org/2001/XMLSchema#boolean","dwSourceId":"minscale"},{"name":"maxscale","title":"maxScale","type":"boolean","rdfType":"http://www.w3.org/2001/XMLSchema#boolean","dwSourceId":"maxscale"}]},"path":"data/download_json_1.csv","format":"csv"},{"name":"original/download-json-1.json","path":"original/download-json-1.json","format":"json","mediatype":"application/json","bytes":50778},{"name":"original/wms-getcapabilities-2.html","path":"original/wms-getcapabilities-2.html","format":"html","mediatype":"text/html","bytes":338470}],"keywords":["agricultural soil","analysis","arable land","arable land groundwater","chemical","chemistry","continental scale","earth science","egdi","environment","europe","european soil analysis","forensic chemistry","gemas","geochemical","geochemical analysis","geochemical mapping","geology","geoscientificinformation","grazing land","groundwater","heavy metals","ireland","land","lithosphere","mapping","metal","micka","pedosphere","science","soil","soil nutrient","toxic element","trace element","water geographic"]}