{"name":"shihzy_2000-2011-birds-strikes-planes","title":"2000-2011 Birds Strikes Planes","description":"From 2000-2011, the FAA released the number of incidents where birds have struck a plane.","homepage":"https://data.world/shihzy/2000-2011-birds-strikes-planes","license":"Public Domain","resources":[{"name":"bird_strikes","schema":{"fields":[{"name":"record_id","title":"Record ID","type":"integer","rdfType":"http://www.w3.org/2001/XMLSchema#integer","dwSourceId":"record_id"},{"name":"aircraft_type","title":"Aircraft: Type","type":"string","rdfType":"http://www.w3.org/2001/XMLSchema#string","dwSourceId":"aircraft_type"},{"name":"airport_name","title":"Airport: Name","type":"string","rdfType":"http://www.w3.org/2001/XMLSchema#string","dwSourceId":"airport_name"},{"name":"altitude_bin","title":"Altitude bin","type":"string","rdfType":"http://www.w3.org/2001/XMLSchema#string","dwSourceId":"altitude_bin"},{"name":"aircraft_make_model","title":"Aircraft: Make/Model","type":"string","rdfType":"http://www.w3.org/2001/XMLSchema#string","dwSourceId":"aircraft_make_model"},{"name":"wildlife_number_struck","title":"Wildlife: Number struck","type":"string","rdfType":"http://www.w3.org/2001/XMLSchema#string","dwSourceId":"wildlife_number_struck"},{"name":"wildlife_number_struck_actual","title":"Wildlife: Number Struck Actual","type":"integer","rdfType":"http://www.w3.org/2001/XMLSchema#integer","dwSourceId":"wildlife_number_struck_actual"},{"name":"effect_impact_to_flight","title":"Effect: Impact to flight","type":"string","rdfType":"http://www.w3.org/2001/XMLSchema#string","dwSourceId":"effect_impact_to_flight"},{"name":"flightdate","title":"FlightDate","type":"datetime","rdfType":"http://www.w3.org/2001/XMLSchema#dateTime","dwSourceId":"flightdate"},{"name":"effect_indicated_damage","title":"Effect: Indicated Damage","type":"string","rdfType":"http://www.w3.org/2001/XMLSchema#string","dwSourceId":"effect_indicated_damage"},{"name":"aircraft_number_of_engines","title":"Aircraft: Number of engines?","type":"string","rdfType":"http://www.w3.org/2001/XMLSchema#string","dwSourceId":"aircraft_number_of_engines"},{"name":"aircraft_airline_operator","title":"Aircraft: Airline/Operator","type":"string","rdfType":"http://www.w3.org/2001/XMLSchema#string","dwSourceId":"aircraft_airline_operator"},{"name":"origin_state","title":"Origin State","type":"string","rdfType":"http://www.w3.org/2001/XMLSchema#string","dwSourceId":"origin_state"},{"name":"when_phase_of_flight","title":"When: Phase of flight","type":"string","rdfType":"http://www.w3.org/2001/XMLSchema#string","dwSourceId":"when_phase_of_flight"},{"name":"conditions_precipitation","title":"Conditions: Precipitation","type":"string","rdfType":"http://www.w3.org/2001/XMLSchema#string","dwSourceId":"conditions_precipitation"},{"name":"remains_of_wildlife_collected","title":"Remains of wildlife collected?","type":"string","rdfType":"http://www.w3.org/2001/XMLSchema#string","dwSourceId":"remains_of_wildlife_collected"},{"name":"remains_of_wildlife_sent_to_smithsonian","title":"Remains of wildlife sent to Smithsonian","type":"string","rdfType":"http://www.w3.org/2001/XMLSchema#string","dwSourceId":"remains_of_wildlife_sent_to_smithsonian"},{"name":"remarks","title":"Remarks","type":"string","rdfType":"http://www.w3.org/2001/XMLSchema#string","dwSourceId":"remarks"},{"name":"wildlife_size","title":"Wildlife: Size","type":"string","rdfType":"http://www.w3.org/2001/XMLSchema#string","dwSourceId":"wildlife_size"},{"name":"conditions_sky","title":"Conditions: Sky","type":"string","rdfType":"http://www.w3.org/2001/XMLSchema#string","dwSourceId":"conditions_sky"},{"name":"wildlife_species","title":"Wildlife: Species","type":"string","rdfType":"http://www.w3.org/2001/XMLSchema#string","dwSourceId":"wildlife_species"},{"name":"pilot_warned_of_birds_or_wildlife","title":"Pilot warned of birds or wildlife?","type":"boolean","rdfType":"http://www.w3.org/2001/XMLSchema#boolean","dwSourceId":"pilot_warned_of_birds_or_wildlife"},{"name":"cost_total","title":"Cost: Total $","type":"integer","rdfType":"http://www.w3.org/2001/XMLSchema#integer","dwSourceId":"cost_total"},{"name":"feet_above_ground","title":"Feet above ground","type":"integer","rdfType":"http://www.w3.org/2001/XMLSchema#integer","dwSourceId":"feet_above_ground"},{"name":"number_of_people_injured","title":"Number of people injured","type":"integer","rdfType":"http://www.w3.org/2001/XMLSchema#integer","dwSourceId":"number_of_people_injured"},{"name":"is_aircraft_large","title":"Is Aircraft Large?","type":"boolean","rdfType":"http://www.w3.org/2001/XMLSchema#boolean","dwSourceId":"is_aircraft_large"}]},"path":"data/bird_strikes.csv","format":"csv"},{"name":"original/Bird Strikes.xlsx","path":"original/Bird Strikes.xlsx","format":"xlsx","mediatype":"application/vnd.openxmlformats-officedocument.spreadsheetml.sheet","bytes":4292922}],"keywords":["fun","faa","accidents"]}