{"name":"us-doi-gov_e91a1d36-a740-408b-aefb-6d223183ef09","title":"Fish abundance in the Elwha River estuary, Washingto... 2006","description":"Fish abundance in the Elwha River estuary, Washington, from 2006 to 2014\n\n*Original Title*: Fish abundance in the Elwha River estuary, Washington, from 2006 to 2014\n\nThis portion of the data release presents fish abundance data from samples collected in the Elwha River estuary, Washington, in 2006, 2007, 2013, and 2014 (no associated USGS Field Activities numbers because data were collected predominantly by biologists from the Lower Elwha Klallam Tribe). We used the Puget Sound beach seining protocol (Simenstad and others, 1991) to sample fish populations in the Elwha River estuary complex. The beach seine was 38 m long x 2 m deep, with a 2 m x 2 m bag in the center of the net; mesh size was 3.18 mm, 6.35 mm, and 31.75 mm, for the bag, center panel, and wings, respectively. The seine net was deployed from bank to bank by a small skiff and then pulled on shore. The number of seines conducted each month varied based on estuary conditions and staff availability. Captured fish were quickly transferred to 20-liter plastic buckets filled with aerated estuary water, individually identified, counted, measured, and released at the point of capture. The locations of seines were determined with a hand-held global positioning system (GPS). Fish abundance is reported as catch per unit effort (CPUE), calculated as the total number of each fish species caught in all seines at each site and date, divided by the number of seines conducted. Fish abundance data are provided in a comma-delimited spreadsheet (.csv).\n\nSource: https://catalog.data.gov/dataset/fish-abundance-in-the-elwha-river-estuary-washington-from-2006-to-2014-27b2d  \nLast updated at https://catalog.data.gov/organization/doi-gov : 2020-01-23  \n[More about U.S. Government Works](https://www.usa.gov/government-works)","homepage":"https://data.world/us-doi-gov/e91a1d36-a740-408b-aefb-6d223183ef09","license":"Public Domain","resources":[{"name":"elwha_estuary_fish_2006to2014","schema":{"fields":[{"name":"site","title":"Site","type":"string","rdfType":"http://www.w3.org/2001/XMLSchema#string","dwSourceId":"site"},{"name":"dam_condition","title":"Dam condition","type":"string","rdfType":"http://www.w3.org/2001/XMLSchema#string","dwSourceId":"dam_condition"},{"name":"date_collected","title":"Date collected","type":"date","rdfType":"http://www.w3.org/2001/XMLSchema#date","dwSourceId":"date_collected"},{"name":"month_collected","title":"Month collected","type":"string","rdfType":"http://www.w3.org/2001/XMLSchema#string","dwSourceId":"month_collected"},{"name":"year_collected","title":"Year collected","type":"integer","rdfType":"http://www.w3.org/2001/XMLSchema#integer","dwSourceId":"year_collected"},{"name":"number_of_seines","title":"Number of seines","type":"integer","rdfType":"http://www.w3.org/2001/XMLSchema#integer","dwSourceId":"number_of_seines"},{"name":"american_shad","title":"American shad","type":"number","rdfType":"http://www.w3.org/2001/XMLSchema#decimal","dwSourceId":"american_shad"},{"name":"bull_trout","title":"Bull trout","type":"number","rdfType":"http://www.w3.org/2001/XMLSchema#decimal","dwSourceId":"bull_trout"},{"name":"chinook_salmon","title":"Chinook salmon","type":"number","rdfType":"http://www.w3.org/2001/XMLSchema#decimal","dwSourceId":"chinook_salmon"},{"name":"coho_salmon","title":"Coho salmon","type":"number","rdfType":"http://www.w3.org/2001/XMLSchema#decimal","dwSourceId":"coho_salmon"},{"name":"chum_salmon","title":"Chum salmon","type":"number","rdfType":"http://www.w3.org/2001/XMLSchema#decimal","dwSourceId":"chum_salmon"},{"name":"cottid_sp","title":"Cottid sp.","type":"number","rdfType":"http://www.w3.org/2001/XMLSchema#decimal","dwSourceId":"cottid_sp"},{"name":"cutthroat_trout","title":"Cutthroat trout","type":"number","rdfType":"http://www.w3.org/2001/XMLSchema#decimal","dwSourceId":"cutthroat_trout"},{"name":"english_sole","title":"English sole","type":"number","rdfType":"http://www.w3.org/2001/XMLSchema#decimal","dwSourceId":"english_sole"},{"name":"flatfish_spp","title":"Flatfish spp.","type":"number","rdfType":"http://www.w3.org/2001/XMLSchema#decimal","dwSourceId":"flatfish_spp"},{"name":"lamprey_ammocoete","title":"Lamprey ammocoete","type":"number","rdfType":"http://www.w3.org/2001/XMLSchema#decimal","dwSourceId":"lamprey_ammocoete"},{"name":"osmerid_sp","title":"Osmerid sp.","type":"number","rdfType":"http://www.w3.org/2001/XMLSchema#decimal","dwSourceId":"osmerid_sp"},{"name":"prickly_sculpin","title":"Prickly sculpin","type":"number","rdfType":"http://www.w3.org/2001/XMLSchema#decimal","dwSourceId":"prickly_sculpin"},{"name":"redside_shiner","title":"Redside shiner","type":"number","rdfType":"http://www.w3.org/2001/XMLSchema#decimal","dwSourceId":"redside_shiner"},{"name":"shiner_perch","title":"Shiner perch","type":"number","rdfType":"http://www.w3.org/2001/XMLSchema#decimal","dwSourceId":"shiner_perch"},{"name":"staghorn_sculpin","title":"Staghorn sculpin","type":"number","rdfType":"http://www.w3.org/2001/XMLSchema#decimal","dwSourceId":"staghorn_sculpin"},{"name":"starry_flounder","title":"Starry flounder","type":"number","rdfType":"http://www.w3.org/2001/XMLSchema#decimal","dwSourceId":"starry_flounder"},{"name":"steelhead_rainbow_trout","title":"Steelhead/Rainbow trout","type":"number","rdfType":"http://www.w3.org/2001/XMLSchema#decimal","dwSourceId":"steelhead_rainbow_trout"},{"name":"three_spined_stickleback","title":"Three-spined stickleback","type":"number","rdfType":"http://www.w3.org/2001/XMLSchema#decimal","dwSourceId":"three_spined_stickleback"}]},"path":"data/elwha_estuary_fish_2006to2014.csv","format":"csv"},{"name":"original/Elwha estuary_fish_2006to2014.csv","path":"original/Elwha estuary_fish_2006to2014.csv","format":"csv","mediatype":"text/csv","bytes":3538},{"name":"original/Elwha_estuary_fish_2006-2014_metadata.xml","path":"original/Elwha_estuary_fish_2006-2014_metadata.xml","format":"xml","mediatype":"application/xml","bytes":26262},{"name":"original/comma-delimited-text-1.comma-delimited text","path":"original/comma-delimited-text-1.comma-delimited text","format":"comma-delimited text","mediatype":"text/html","bytes":39459},{"name":"original/pdf-file-3.pdf","path":"original/pdf-file-3.pdf","format":"pdf","mediatype":"application/pdf","bytes":16220371},{"name":"original/resource_links.md","path":"original/resource_links.md","format":"md","mediatype":"text/markdown","bytes":121}],"keywords":["fish","fishes"]}