{"name":"cityofaustin_wter-evkm","title":"Austin Animal Center Intakes","description":"Animal Center Intakes from Oct, 1st 2013 to present.\n\nAnimal Center Intakes from Oct, 1st 2013 to present. Intakes represent the status of animals as they arrive at the Animal Center. All animals receive a unique Animal ID during intake. Annually over 90% of animals entering the center, are adopted, transferred to rescue or returned to their owners.\n\nSource: https://data.austintexas.gov/d/wter-evkm  \nLast updated at https://data.austintexas.gov/ : 2020-03-09","homepage":"https://data.world/cityofaustin/wter-evkm","license":"PDDL","resources":[{"name":"austin_animal_center_intakes_1","schema":{"fields":[{"name":"animal_id","title":"Animal ID","type":"string","rdfType":"http://www.w3.org/2001/XMLSchema#string","dwSourceId":"animal_id"},{"name":"name","title":"Name","type":"string","rdfType":"http://www.w3.org/2001/XMLSchema#string","dwSourceId":"name"},{"name":"datetime","title":"DateTime","type":"datetime","rdfType":"http://www.w3.org/2001/XMLSchema#dateTime","dwSourceId":"datetime"},{"name":"monthyear","title":"MonthYear","type":"datetime","rdfType":"http://www.w3.org/2001/XMLSchema#dateTime","dwSourceId":"monthyear"},{"name":"found_location","title":"Found Location","type":"string","rdfType":"http://www.w3.org/2001/XMLSchema#string","dwSourceId":"found_location"},{"name":"intake_type","title":"Intake Type","type":"string","rdfType":"http://www.w3.org/2001/XMLSchema#string","dwSourceId":"intake_type"},{"name":"intake_condition","title":"Intake Condition","type":"string","rdfType":"http://www.w3.org/2001/XMLSchema#string","dwSourceId":"intake_condition"},{"name":"animal_type","title":"Animal Type","type":"string","rdfType":"http://www.w3.org/2001/XMLSchema#string","dwSourceId":"animal_type"},{"name":"sex_upon_intake","title":"Sex upon Intake","type":"string","rdfType":"http://www.w3.org/2001/XMLSchema#string","dwSourceId":"sex_upon_intake"},{"name":"age_upon_intake","title":"Age upon Intake","type":"string","rdfType":"http://www.w3.org/2001/XMLSchema#string","dwSourceId":"age_upon_intake"},{"name":"breed","title":"Breed","type":"string","rdfType":"http://www.w3.org/2001/XMLSchema#string","dwSourceId":"breed"},{"name":"color","title":"Color","type":"string","rdfType":"http://www.w3.org/2001/XMLSchema#string","dwSourceId":"color"}]},"path":"data/austin_animal_center_intakes_1.csv","format":"csv"},{"name":"original/austin-animal-center-intakes-1.csv","path":"original/austin-animal-center-intakes-1.csv","format":"csv","mediatype":"text/csv","bytes":17251633}],"keywords":["intakes","animal","cat","dog","pet","no kill","stray","surrendered","lost","found"]}