{"name":"nz-waikato_0808cb5e-1fc2-4be7-b92e-2e8a7e548fdb","title":"Environmental indicators - Land and soil (Waikato)","description":"Environmental indicators - Land and soil (Waikato)\n\nThe indicators for the quality of the Waikato region's land, soil and native vegetation and how it changes.\n\nSource: https://catalogue.data.govt.nz/dataset/environmental-indicators-land-and-soil-waikato  \nLast updated at https://catalogue.data.govt.nz/organization/waikato-regional-council : 2017-03-06","homepage":"https://data.world/nz-waikato/0808cb5e-1fc2-4be7-b92e-2e8a7e548fdb","license":"Other","resources":[{"name":"data","schema":{"fields":[{"name":"column_a","title":"Column A","type":"string","rdfType":"http://www.w3.org/2001/XMLSchema#string","dwSourceId":"column_a"},{"name":"class_i_land_hectares","title":"Class I land (hectares)","type":"string","rdfType":"http://www.w3.org/2001/XMLSchema#string","dwSourceId":"class_i_land_hectares"},{"name":"class_ii_land_hectares","title":"Class II land (hectares)","type":"string","rdfType":"http://www.w3.org/2001/XMLSchema#string","dwSourceId":"class_ii_land_hectares"},{"name":"class_iii_land_hectares","title":"Class III land (hectares)","type":"string","rdfType":"http://www.w3.org/2001/XMLSchema#string","dwSourceId":"class_iii_land_hectares"},{"name":"class_iv_land_hectares","title":"Class IV land (hectares)","type":"string","rdfType":"http://www.w3.org/2001/XMLSchema#string","dwSourceId":"class_iv_land_hectares"},{"name":"classes_v_viii_land_hectares","title":"Classes V-VIII land (hectares)","type":"string","rdfType":"http://www.w3.org/2001/XMLSchema#string","dwSourceId":"classes_v_viii_land_hectares"},{"name":"total_hectares","title":"Total (hectares)","type":"string","rdfType":"http://www.w3.org/2001/XMLSchema#string","dwSourceId":"total_hectares"}]},"path":"data/data.csv","format":"csv"},{"name":"figure_1","schema":{"fields":[{"name":"surface_tyoe","title":"Surface tyoe","type":"string","rdfType":"http://www.w3.org/2001/XMLSchema#string","dwSourceId":"surface_tyoe"},{"name":"sample_points_2007","title":"% sample points 2007","type":"number","rdfType":"http://www.w3.org/2001/XMLSchema#decimal","dwSourceId":"sample_points_2007"},{"name":"sample_points_2012","title":"% sample points 2012","type":"number","rdfType":"http://www.w3.org/2001/XMLSchema#decimal","dwSourceId":"sample_points_2012"}]},"path":"data/figure_1.csv","format":"csv"},{"name":"figure_2","schema":{"fields":[{"name":"land_use_process_class","title":"Land use process class","type":"string","rdfType":"http://www.w3.org/2001/XMLSchema#string","dwSourceId":"land_use_process_class"},{"name":"bare_soil_2007","title":"% bare soil 2007","type":"number","rdfType":"http://www.w3.org/2001/XMLSchema#decimal","dwSourceId":"bare_soil_2007"},{"name":"bare_soil_2012","title":"% bare soil 2012","type":"number","rdfType":"http://www.w3.org/2001/XMLSchema#decimal","dwSourceId":"bare_soil_2012"}]},"path":"data/figure_2.csv","format":"csv"},{"name":"figure_3","schema":{"fields":[{"name":"natural_process_category","title":"Natural process category","type":"string","rdfType":"http://www.w3.org/2001/XMLSchema#string","dwSourceId":"natural_process_category"},{"name":"bare_soil_2007","title":"% bare soil 2007","type":"number","rdfType":"http://www.w3.org/2001/XMLSchema#decimal","dwSourceId":"bare_soil_2007"},{"name":"bare_soil_2012","title":"% bare soil 2012","type":"number","rdfType":"http://www.w3.org/2001/XMLSchema#decimal","dwSourceId":"bare_soil_2012"}]},"path":"data/figure_3.csv","format":"csv"},{"name":"figure_4","schema":{"fields":[{"name":"land_use","title":"Land use","type":"string","rdfType":"http://www.w3.org/2001/XMLSchema#string","dwSourceId":"land_use"},{"name":"bare_soil_2007","title":"% bare soil 2007","type":"string","rdfType":"http://www.w3.org/2001/XMLSchema#string","dwSourceId":"bare_soil_2007"},{"name":"bare_soil_2012","title":"% bare soil 2012","type":"number","rdfType":"http://www.w3.org/2001/XMLSchema#decimal","dwSourceId":"bare_soil_2012"}]},"path":"data/figure_4.csv","format":"csv"},{"name":"indicator_data","schema":{"fields":[{"name":"land_use_type","title":"Land use type","type":"string","rdfType":"http://www.w3.org/2001/XMLSchema#string","dwSourceId":"land_use_type"},{"name":"percentage_of_region","title":"Percentage of Region","type":"number","rdfType":"http://www.w3.org/2001/XMLSchema#decimal","dwSourceId":"percentage_of_region"},{"name":"region_datasheet","title":"% Region Datasheet","type":"string","rdfType":"http://www.w3.org/2001/XMLSchema#string","dwSourceId":"region_datasheet"}]},"path":"data/indicator_data.csv","format":"csv"},{"name":"stock_access","schema":{"fields":[{"name":"column_a","title":"Column A","type":"integer","rdfType":"http://www.w3.org/2001/XMLSchema#integer","dwSourceId":"column_a"},{"name":"fenced","title":"Fenced","type":"integer","rdfType":"http://www.w3.org/2001/XMLSchema#integer","dwSourceId":"fenced"},{"name":"not_fenced","title":"Not fenced","type":"integer","rdfType":"http://www.w3.org/2001/XMLSchema#integer","dwSourceId":"not_fenced"},{"name":"fenced_2","title":"Fenced","type":"integer","rdfType":"http://www.w3.org/2001/XMLSchema#integer","dwSourceId":"fenced_2"},{"name":"not_fenced_2","title":"Not fenced","type":"integer","rdfType":"http://www.w3.org/2001/XMLSchema#integer","dwSourceId":"not_fenced_2"},{"name":"fenced_3","title":"Fenced","type":"integer","rdfType":"http://www.w3.org/2001/XMLSchema#integer","dwSourceId":"fenced_3"},{"name":"not_fenced_3","title":"Not fenced","type":"integer","rdfType":"http://www.w3.org/2001/XMLSchema#integer","dwSourceId":"not_fenced_3"},{"name":"fenced_4","title":"Fenced","type":"integer","rdfType":"http://www.w3.org/2001/XMLSchema#integer","dwSourceId":"fenced_4"},{"name":"not_fenced_4","title":"Not fenced","type":"integer","rdfType":"http://www.w3.org/2001/XMLSchema#integer","dwSourceId":"not_fenced_4"},{"name":"fenced_5","title":"Fenced","type":"integer","rdfType":"http://www.w3.org/2001/XMLSchema#integer","dwSourceId":"fenced_5"},{"name":"not_fenced_5","title":"Not fenced","type":"integer","rdfType":"http://www.w3.org/2001/XMLSchema#integer","dwSourceId":"not_fenced_5"},{"name":"fenced_6","title":"Fenced","type":"integer","rdfType":"http://www.w3.org/2001/XMLSchema#integer","dwSourceId":"fenced_6"},{"name":"not_fenced_6","title":"Not fenced","type":"integer","rdfType":"http://www.w3.org/2001/XMLSchema#integer","dwSourceId":"not_fenced_6"},{"name":"fenced_7","title":"Fenced","type":"integer","rdfType":"http://www.w3.org/2001/XMLSchema#integer","dwSourceId":"fenced_7"},{"name":"not_fenced_7","title":"Not fenced","type":"integer","rdfType":"http://www.w3.org/2001/XMLSchema#integer","dwSourceId":"not_fenced_7"},{"name":"fenced_8","title":"Fenced","type":"integer","rdfType":"http://www.w3.org/2001/XMLSchema#integer","dwSourceId":"fenced_8"},{"name":"not_fenced_8","title":"Not fenced","type":"integer","rdfType":"http://www.w3.org/2001/XMLSchema#integer","dwSourceId":"not_fenced_8"}]},"path":"data/stock_access.csv","format":"csv"},{"name":"original/land-use-3.xls","path":"original/land-use-3.xls","format":"xls","mediatype":"application/vnd.ms-excel","bytes":33792},{"name":"original/resource_links.md","path":"original/resource_links.md","format":"md","mediatype":"text/markdown","bytes":334},{"name":"original/rural-subdivision-1.xlsx","path":"original/rural-subdivision-1.xlsx","format":"xlsx","mediatype":"application/vnd.openxmlformats-officedocument.spreadsheetml.sheet","bytes":10631},{"name":"original/soil-stability-2.xlsx","path":"original/soil-stability-2.xlsx","format":"xlsx","mediatype":"application/vnd.openxmlformats-officedocument.spreadsheetml.sheet","bytes":38233},{"name":"original/stock-access-to-waterways-4.xlsx","path":"original/stock-access-to-waterways-4.xlsx","format":"xlsx","mediatype":"application/vnd.openxmlformats-officedocument.spreadsheetml.sheet","bytes":16425}],"keywords":["agriculture","biodiversity","environment","forestry","land","soil"]}