{"name":"city-of-ny_fuhs-xmg2","title":"Urban Park Ranger Animal Condition Response","description":"This dataset contains information about requests for animal assistance, relocation, and/or rescue completed by the...\n\nThis dataset contains information about requests for animal assistance, relocation, and/or rescue completed by the Urban Park Rangers\n\nSource: https://data.cityofnewyork.us/d/fuhs-xmg2  \nLast updated at https://data.cityofnewyork.us/data.json : 2020-02-08  \n Attribution is encouraged by New York City. Please visit New York City's [open data portal for more information about the Terms of Use](https://opendata.cityofnewyork.us/overview/#termsofuse).","homepage":"https://data.world/city-of-ny/fuhs-xmg2","license":"Other","resources":[{"name":"urban_park_ranger_animal_condition_response_1","schema":{"fields":[{"name":"date_and_time_of_initial_call","title":"Date and Time of initial call","type":"datetime","rdfType":"http://www.w3.org/2001/XMLSchema#dateTime","dwSourceId":"date_and_time_of_initial_call"},{"name":"date_and_time_of_ranger_response","title":"Date and time of Ranger response","type":"datetime","rdfType":"http://www.w3.org/2001/XMLSchema#dateTime","dwSourceId":"date_and_time_of_ranger_response"},{"name":"borough","title":"Borough","type":"string","rdfType":"http://www.w3.org/2001/XMLSchema#string","dwSourceId":"borough"},{"name":"property","title":"Property","type":"string","rdfType":"http://www.w3.org/2001/XMLSchema#string","dwSourceId":"property"},{"name":"location","title":"Location","type":"string","rdfType":"http://www.w3.org/2001/XMLSchema#string","dwSourceId":"location"},{"name":"species_description","title":"Species Description","type":"string","rdfType":"http://www.w3.org/2001/XMLSchema#string","dwSourceId":"species_description"},{"name":"call_source","title":"Call Source","type":"string","rdfType":"http://www.w3.org/2001/XMLSchema#string","dwSourceId":"call_source"},{"name":"species_status","title":"Species Status","type":"string","rdfType":"http://www.w3.org/2001/XMLSchema#string","dwSourceId":"species_status"},{"name":"animal_condition","title":"Animal Condition","type":"string","rdfType":"http://www.w3.org/2001/XMLSchema#string","dwSourceId":"animal_condition"},{"name":"duration_of_response","title":"Duration of Response","type":"number","rdfType":"http://www.w3.org/2001/XMLSchema#decimal","dwSourceId":"duration_of_response"},{"name":"age","title":"Age","type":"string","rdfType":"http://www.w3.org/2001/XMLSchema#string","dwSourceId":"age"},{"name":"animal_class","title":"Animal Class","type":"string","rdfType":"http://www.w3.org/2001/XMLSchema#string","dwSourceId":"animal_class"},{"name":"311sr_number","title":"311SR Number","type":"string","rdfType":"http://www.w3.org/2001/XMLSchema#string","dwSourceId":"311sr_number"},{"name":"final_ranger_action","title":"Final Ranger Action","type":"string","rdfType":"http://www.w3.org/2001/XMLSchema#string","dwSourceId":"final_ranger_action"},{"name":"of_animals","title":"# of Animals","type":"integer","rdfType":"http://www.w3.org/2001/XMLSchema#integer","dwSourceId":"of_animals"},{"name":"pep_response","title":"PEP Response","type":"boolean","rdfType":"http://www.w3.org/2001/XMLSchema#boolean","dwSourceId":"pep_response"},{"name":"animal_monitored","title":"Animal Monitored","type":"boolean","rdfType":"http://www.w3.org/2001/XMLSchema#boolean","dwSourceId":"animal_monitored"},{"name":"rehabilitator","title":"Rehabilitator","type":"string","rdfType":"http://www.w3.org/2001/XMLSchema#string","dwSourceId":"rehabilitator"},{"name":"hours_spent_monitoring","title":"Hours spent monitoring","type":"number","rdfType":"http://www.w3.org/2001/XMLSchema#decimal","dwSourceId":"hours_spent_monitoring"},{"name":"police_response","title":"Police Response","type":"boolean","rdfType":"http://www.w3.org/2001/XMLSchema#boolean","dwSourceId":"police_response"},{"name":"esu_response","title":"ESU Response","type":"boolean","rdfType":"http://www.w3.org/2001/XMLSchema#boolean","dwSourceId":"esu_response"},{"name":"acc_intake_number","title":"ACC Intake Number","type":"string","rdfType":"http://www.w3.org/2001/XMLSchema#string","dwSourceId":"acc_intake_number"}]},"path":"data/urban_park_ranger_animal_condition_response_1.csv","format":"csv"},{"name":"original/urban-park-ranger-animal-condition-response-1.csv","path":"original/urban-park-ranger-animal-condition-response-1.csv","format":"csv","mediatype":"text/csv","bytes":97827}],"keywords":["animal","rescue","wildlife","raccoon","deer","bird","hawk","chicken","rooster","dog","cat","squirrel","urban park ranger","environment"]}