centroid_accession,superkingdom,kingdom,phylum,class,order,family,genus,species,strain_isolate,gene_product,sequence_length_bp,ncbi_definition_line,cluster_count,cluster_accessions_species,curator_notes
HQ619890.1,Eukaryota,undetermined,Apicomplexa,Gregarinasina,Neogregarinorida,Ophryocystidae,Apicystis,Apicystis bombi,NPaw1,small subunit ribosomal RNA,863,"Apicystis bombi isolate NPaw1 small subunit ribosomal RNA gene, partial sequence",2,AB738024.1: 0,Isolated from Apis mellifera.
KJ684965.1,Eukaryota,undetermined,Euglenozoa*,Kinetoplastea*,Trypanosomatida*,Trypanosomatidae,Crithidia,Crithidia mellificae,ATCC 30862,cytb/cytochrome b,589,"Crithidia mellificae clone 283-7+8a(x14) cytochrome b (cytb) gene, partial cds; kinetoplast",5,"KJ684951.1: 0, KJ684952.1: 0, KJ684953.1: 0, KJ684954.1: 0",none
KM980180.1,Eukaryota,undetermined,Euglenozoa*,Kinetoplastea*,Trypanosomatida*,Trypanosomatidae,Lotmaria,Lotmaria passim,VBP007,cytb/cytochrome b,788,"Lotmaria passim isolate VBP007 cytochrome b (cytb) mRNA, partial cds; kinetoplast",27,"AB716358.1: 0, AB716359.1: 0, AB860145.1: 0, GU321191.2: 0, KJ684955.1: 0, KJ684956.1: 0, KJ684957.1: 0, KJ684958.1: 0, KJ684959.1: 0, KJ684960.1: 0, KJ684961.1: 0, KJ684962.1: 0, KJ684963.1: 0, KJ684964.1: 0, KM066240.1: 0, KM066241.1: 0, KM066242.1: 0, KM066243.1: 0, KM066244.1: 0, KM066245.1: 0, KM066246.1: 0, KM066247.1: 0, KM066248.1: 0, KM066249.1: 0, KM066250.1: 0, KM980181.1: 0",Isolated from Apis mellifera.
AB744129.1,Eukaryota,undetermined,Euglenozoa*,Kinetoplastea*,Trypanosomatida*,Trypanosomatidae,Lotmaria*,Lotmaria passim*,HapC*,Cytb/cytochrome b,413,"Crithidia mellificae kinetoplast Cytb mRNA for cytochrome b, partial cds, haplotype: C",1,,"Incorrectly named as ""Crithidia mellificae"" in GenBank. Isolated from Apis cerana."
