assembly,superkingdom,kingdom,phylum,class,order,family,genus,species,strain_isolate,accessions,curator_notes
GCF_000967185.1,Bacteria,undetermined,Actinobacteria,Actinobacteria,Bifidobacteriales,Bifidobacteriaceae,Bifidobacterium,Bifidobacterium asteroides,Bin2,NZ_KQ033855.1-NZ_KQ033863.1,An isolate from Apis mellifera gut.
GCF_000967265.1,Bacteria,undetermined,Actinobacteria,Actinobacteria,Bifidobacteriales,Bifidobacteriaceae,Bifidobacterium,Bifidobacterium asteroides,Bin7,NZ_KQ033884.1-NZ_KQ033889.1,An isolate from Apis mellifera gut.
GCF_000771125.1,Bacteria,undetermined,Actinobacteria,Actinobacteria,Bifidobacteriales,Bifidobacteriaceae,Bifidobacterium,Bifidobacterium asteroides,DSM 20089,NZ_JDTU01000001.1-NZ_JDTU01000115.1,An isolate from the hind gut of honey bee.  Genome assembly of isolate DSM_20089.
Not Available,Bacteria,undetermined,Actinobacteria,Actinobacteria,Bifidobacteriales,Bifidobacteriaceae,Bifidobacterium,Bifidobacterium asteroides,DSM 20089,NC_010908.1,Plasmid pCIBAO89 assembly of isolate DSM_20089 only.
GCF_000970835.1,Bacteria,undetermined,Actinobacteria,Actinobacteria,Bifidobacteriales,Bifidobacteriaceae,Bifidobacterium,Bifidobacterium asteroides,Hma3,NZ_KQ034039.1-NZ_KQ034045.1,An isolate from Apis mellifera gut.
GCF_000304215.1,Bacteria,undetermined,Actinobacteria,Actinobacteria,Bifidobacteriales,Bifidobacteriaceae,Bifidobacterium,Bifidobacterium asteroides,PRL2011,NC_018720.1,An isolate from the hindgut of Apis mellifera var. ligustica.
GCF_000219535.2,Bacteria,undetermined,Firmicutes,Bacilli,Bacillales,Paenibacillaceae,Brevibacillus,Brevibacillus laterosporus,LMG 15441,NZ_CP007806.1-NZ_CP007808.1,"Source of isolate uncertain.  1 complete chromome (NZ_CP007806.1) and two complete plasmids (NZ_CP007807.1, NZ_CP007808.1)."
GCF_000293805.1,Bacteria,undetermined,Firmicutes,Bacilli,Bacillales,Paenibacillaceae,Paenibacillus,Paenibacillus alvei,DSM 29,NZ_AMBZ01000001.1-NZ_AMBZ01000025.1,none
GCF_000153605.1,Bacteria,undetermined,Firmicutes,Bacilli,Bacillales,Paenibacillaceae,Paenibacillus,Paenibacillus larvae,BRL-230010,"NZ_AARF01000001.1-NZ_AARF01000024.1, NZ_AARF01000026.1-NZ_AARF01000038.1, NZ_AARF01000040.1, NZ_AARF01000042.1-NZ_AARF01000045.1, NZ_AARF01000056.1, NZ_AARF01000058.1, NZ_AARF01000064.1, NZ_AARF01000081.1, NZ_AARF01000085.1-NZ_AARF01000086.1, NZ_AARF01000089.1, NZ_AARF01000103.1, NZ_AARF01000112.1, NZ_AARF01000114.1, NZ_AARF01000119.1, NZ_AARF01000123.1, NZ_AARF01000134.1-NZ_AARF01000135.1, NZ_AARF01000140.1, NZ_AARF01000147.1, NZ_AARF01000151.1-NZ_AARF01000153.1, NZ_AARF01000156.1, NZ_AARF01000161.1, NZ_AARF01000167.1, NZ_AARF01000171.1, NZ_AARF01000173.1, NZ_AARF01000178.1, NZ_AARF01000185.1, NZ_AARF01000194.1, NZ_AARF01000211.1-NZ_AARF01000212.1, NZ_AARF01000214.1, NZ_AARF01000217.1-NZ_AARF01000218.1, NZ_AARF01000220.1-NZ_AARF01000221.1, NZ_AARF01000227.1, NZ_AARF01000231.1, NZ_AARF01000238.1, NZ_AARF01000241.1-NZ_AARF01000242.1, NZ_AARF01000244.1, NZ_AARF01000247.1, NZ_AARF01000250.1, NZ_AARF01000254.1, NZ_AARF01000259.1, NZ_AARF01000267.1, NZ_AARF01000270.1, NZ_AARF01000274.1-NZ_AARF01000275.1, NZ_AARF01000283.1, NZ_AARF01000285.1-NZ_AARF01000288.1, NZ_AARF01000293.1, NZ_AARF01000309.1, NZ_AARF01000316.1-NZ_AARF01000317.1, NZ_AARF01000321.1-NZ_AARF01000322.1, NZ_AARF01000324.1, NZ_AARF01000328.1, NZ_AARF01000341.1, NZ_AARF01000347.1, NZ_AARF01000349.1, NZ_AARF01000353.1, NZ_AARF01000359.1-NZ_AARF01000360.1, NZ_AARF01000365.1, NZ_AARF01000368.1, NZ_AARF01000370.1, NZ_AARF01000374.1-NZ_AARF01000375.1, NZ_AARF01000377.1, NZ_AARF01000383.1-NZ_AARF01000384.1, NZ_AARF01000387.1-NZ_AARF01000389.1, NZ_AARF01000392.1, NZ_AARF01000398.1, NZ_AARF01000400.1, NZ_AARF01000406.1, NZ_AARF01000408.1, NZ_AARF01000412.1, NZ_AARF01000416.1, NZ_AARF01000418.1, NZ_AARF01000421.1, NZ_AARF01000425.1, NZ_AARF01000427.1, NZ_AARF01000432.1, NZ_AARF01000445.1-NZ_AARF01000446.1, NZ_AARF01000448.1, NZ_AARF01000450.1-NZ_AARF01000451.1, NZ_AARF01000463.1-NZ_AARF01000464.1, NZ_AARF01000467.1-NZ_AARF01000468.1, NZ_AARF01000471.1-NZ_AARF01000473.1, NZ_AARF01000475.1, NZ_AARF01000480.1, NZ_AARF01000482.1, NZ_AARF01000492.1, NZ_AARF01000505.1-NZ_AARF01000506.1, NZ_AARF01000508.1, NZ_AARF01000512.1, NZ_AARF01000517.1, NZ_AARF01000522.1, NZ_AARF01000524.1-NZ_AARF01000525.1, NZ_AARF01000530.1-NZ_AARF01000531.1, NZ_AARF01000536.1, NZ_AARF01000543.1, NZ_AARF01000546.1, NZ_AARF01000553.1-NZ_AARF01000554.1, NZ_AARF01000559.1, NZ_AARF01000565.1-NZ_AARF01000567.1, NZ_AARF01000569.1-NZ_AARF01000570.1, NZ_AARF01000572.1-NZ_AARF01000574.1, NZ_AARF01000576.1-NZ_AARF01000579.1, NZ_AARF01000582.1, NZ_AARF01000584.1, NZ_AARF01000587.1, NZ_AARF01000589.1, NZ_AARF01000596.1-NZ_AARF01000597.1, NZ_AARF01000600.1-NZ_AARF01000602.1, NZ_AARF01000605.1, NZ_AARF01000607.1, NZ_AARF01000609.1, NZ_AARF01000613.1-NZ_AARF01000617.1, NZ_AARF01000620.1, NZ_AARF01000623.1, NZ_AARF01000626.1, NZ_AARF01000628.1-NZ_AARF01000631.1, NZ_AARF01000633.1-NZ_AARF01000634.1, NZ_AARF01000637.1-NZ_AARF01000638.1, NZ_AARF01000640.1-NZ_AARF01000642.1, NZ_AARF01000644.1-NZ_AARF01000646.1, NZ_CH981372.1-NZ_CH981523.1",none
GCF_000511405.1,Bacteria,undetermined,Firmicutes,Bacilli,Bacillales,Paenibacillaceae,Paenibacillus,Paenibacillus larvae,DSM 25430,"NC_023134.1, NC_023147.1","Complete, representative genome; chromosomal (NC_023134.1) and plasmid pPLA2_10 (NC_023147.1)."
GCF_000511115.1,Bacteria,undetermined,Firmicutes,Bacilli,Bacillales,Paenibacillaceae,Paenibacillus,Paenibacillus larvae,DSM 25719,NZ_ADFW01000001.1-NZ_ADFW01000008.1,Includes plasmid pPLA1_10 (ADFW01000008.1) and multiple chromosomal scaffolds.
GCF_000988145.1,Bacteria,undetermined,Firmicutes,Bacilli,Bacillales,Paenibacillaceae,Paenibacillus,Paenibacillus larvae,MEX14,NZ_LAWY01000001.1-NZ_LAWY01000139.1,Assembly at contig level.
GCF_001047455.1,Bacteria,undetermined,Firmicutes,Bacilli,Lactobacillales,Enterococcaceae,Melissococcus,Melissococcus plutonius,21.1,NZ_JSAY01000001.1-NZ_JSAY01000008.1,none
GCF_001047395.1,Bacteria,undetermined,Firmicutes,Bacilli,Lactobacillales,Enterococcaceae,Melissococcus,Melissococcus plutonius,49.3,NZ_CM003360.1,Complete plasmid pMP19 only.
GCF_001047545.1,Bacteria,undetermined,Firmicutes,Bacilli,Lactobacillales,Enterococcaceae,Melissococcus,Melissococcus plutonius,60,NZ_JSBE01000001.1-NZ_JSBE01000013.1,none
GCF_001047595.1,Bacteria,undetermined,Firmicutes,Bacilli,Lactobacillales,Enterococcaceae,Melissococcus,Melissococcus plutonius,82,NZ_JSBF01000001.1-NZ_JSBF01000014.1,none
GCF_001047445.1,Bacteria,undetermined,Firmicutes,Bacilli,Lactobacillales,Enterococcaceae,Melissococcus,Melissococcus plutonius,90.0,NZ_JSAZ01000001.1-NZ_JSAZ01000015.1,none
GCF_001047515.1,Bacteria,undetermined,Firmicutes,Bacilli,Lactobacillales,Enterococcaceae,Melissococcus,Melissococcus plutonius,119,NZ_JSBB01000001.1-NZ_JSBB01000017.1,none
GCF_001047465.1,Bacteria,undetermined,Firmicutes,Bacilli,Lactobacillales,Enterococcaceae,Melissococcus,Melissococcus plutonius,764-5B,NZ_JSAV01000001.1-NZ_JSAV01000015.1,none
GCF_001047435.1,Bacteria,undetermined,Firmicutes,Bacilli,Lactobacillales,Enterococcaceae,Melissococcus,Melissococcus plutonius,765-6B,NZ_JSAX01000001.1-NZ_JSAX01000010.1,none
GCF_000270185.1,Bacteria,undetermined,Firmicutes,Bacilli,Lactobacillales,Enterococcaceae,Melissococcus,Melissococcus plutonius,ATCC 35311*,NC_015516.1-NC_015517.1,Includes complete chromosomal (NC_015516.1) and complete plasmid pMP1 (NC_015517.1).
GCF_001047405.1,Bacteria,undetermined,Firmicutes,Bacilli,Lactobacillales,Enterococcaceae,Melissococcus,Melissococcus plutonius,B5,NZ_CM003359.1,Complete plasmid pMP43 only.
GCF_000283975.1,Bacteria,undetermined,Firmicutes,Bacilli,Lactobacillales,Enterococcaceae,Melissococcus,Melissococcus plutonius,DAT561*,"NC_016938.1, NC_018265.1",Includes complete chromosomal (NC_016938.1) and complete plasmid 1 (NC_018265.1).
GCF_001047525.1,Bacteria,undetermined,Firmicutes,Bacilli,Lactobacillales,Enterococcaceae,Melissococcus,Melissococcus plutonius,H6,NZ_JSBC01000001.1-NZ_JSBC01000011.1,none
GCF_001047555.1,Bacteria,undetermined,Firmicutes,Bacilli,Lactobacillales,Enterococcaceae,Melissococcus,Melissococcus plutonius,L9,NZ_JSBD01000001.1-NZ_JSBD01000011.1,none
GCF_000970855.1,Bacteria,undetermined,Firmicutes,Bacilli,Lactobacillales,Lactobacillaceae,Lactobacillus,Lactobacillus helsingborgensis,Bma5,NZ_KQ034046.1-NZ_KQ034055.1,Isolate from Apis mellifera gut.
GCF_000970755.1,Bacteria,undetermined,Firmicutes,Bacilli,Lactobacillales,Lactobacillaceae,Lactobacillus,Lactobacillus kimbladii,Hma2,NZ_KQ034006.1-NZ_KQ034018.1,Isolate from Apis mellifera gut.
GCF_000967195.1,Bacteria,undetermined,Firmicutes,Bacilli,Lactobacillales,Lactobacillaceae,Lactobacillus,Lactobacillus kullabergensis,Biut2,NZ_KQ033870.1-NZ_KQ033876.1,Isolate from Apis mellifera gut.
GCF_000830375.1,Bacteria,undetermined,Firmicutes,Bacilli,Lactobacillales,Lactobacillaceae,Lactobacillus,Lactobacillus kunkeei,AR114,NZ_JPYX01000001.1-NZ_JPYX01000021.1,Isolate from Apis mellifera midgut.
GCF_000687335.1,Bacteria,undetermined,Firmicutes,Bacilli,Lactobacillales,Lactobacillaceae,Lactobacillus,Lactobacillus kunkeei,EFB6,NZ_AZBY01000001.1-NZ_AZBY01000055.1,Isolate from Apis mellifera larva.
GCF_001281165.1,Bacteria,undetermined,Firmicutes,Bacilli,Lactobacillales,Lactobacillaceae,Lactobacillus,Lactobacillus kunkeei,Fhon2,NZ_KQ440387.1-NZ_KQ440394.1,Isolate from Apis mellifera.
GCF_001281225.1,Bacteria,undetermined,Firmicutes,Bacilli,Lactobacillales,Lactobacillaceae,Lactobacillus,Lactobacillus kunkeei,LAan,NZ_JXCV01000001.1-NZ_JXCV01000024.1,Isolate from Apis andreniformis.
GCF_001421115.1,Bacteria,undetermined,Firmicutes,Bacilli,Lactobacillales,Lactobacillaceae,Lactobacillus,Lactobacillus kunkeei,LAce,NZ_JXCW01000001.1-NZ_JXCW01000008.1,Isoalte from Apis cerana.
GCF_001308205.1,Bacteria,undetermined,Firmicutes,Bacilli,Lactobacillales,Lactobacillaceae,Lactobacillus,Lactobacillus kunkeei,LAdo,NZ_JXDC01000001.1-NZ_JXDC01000009.1,Isolate from Apis dorsata.
GCF_001421135.1,Bacteria,undetermined,Firmicutes,Bacilli,Lactobacillales,Lactobacillaceae,Lactobacillus,Lactobacillus kunkeei,LAfl,NZ_JXCX01000001.1-NZ_JXCX01000014.1,Isolate from Apis florea.
GCF_001281205.1,Bacteria,undetermined,Firmicutes,Bacilli,Lactobacillales,Lactobacillaceae,Lactobacillus,Lactobacillus kunkeei,LAko,NZ_JXCY01000001.1-NZ_JXCY01000007.1,Isolate from Apis koschevnikovi.
GCF_001281215.1,Bacteria,undetermined,Firmicutes,Bacilli,Lactobacillales,Lactobacillaceae,Lactobacillus,Lactobacillus kunkeei,LAla,NZ_JXCZ01000001.1-NZ_JXCZ01000047.1,Isolate from Apis laboriosa.
GCF_001281285.1,Bacteria,undetermined,Firmicutes,Bacilli,Lactobacillales,Lactobacillaceae,Lactobacillus,Lactobacillus kunkeei,LAni,NZ_JXDA01000001.1-NZ_JXDA01000008.1,Isolate from Apis nigrocincta.
GCF_001308215.1,Bacteria,undetermined,Firmicutes,Bacilli,Lactobacillales,Lactobacillaceae,Lactobacillus,Lactobacillus kunkeei,LAnu,NZ_JXDD01000001.1-NZ_JXDD01000016.1,Isolate from Apis nuluensis.
GCF_000741865.1,Bacteria,undetermined,Firmicutes,Bacilli,Lactobacillales,Lactobacillaceae,Lactobacillus,Lactobacillus kunkeei,MP2,NZ_JPUI01000001.1-NZ_JPUI01000044.1,Isolate from Apis mellifera gut.
GCF_000970795.1,Bacteria,undetermined,Firmicutes,Bacilli,Lactobacillales,Lactobacillaceae,Lactobacillus,Lactobacillus mellifer,Bin4,NZ_KQ034028.1-NZ_KQ034038.1,Isolate from Apis mellifera gut.
GCF_000967245.1,Bacteria,undetermined,Firmicutes,Bacilli,Lactobacillales,Lactobacillaceae,Lactobacillus,Lactobacillus mellis,Hon2,NZ_KQ033877.1-NZ_KQ033883.1,Isolate from Apis mellifera gut.
GCF_000970775.1,Bacteria,undetermined,Firmicutes,Bacilli,Lactobacillales,Lactobacillaceae,Lactobacillus,Lactobacillus melliventris,Hma8,NZ_KQ034019.1-NZ_KQ034027.1,Isolate from Apis mellifera gut.
GCF_000760615.1,Bacteria,undetermined,Firmicutes,Bacilli,Lactobacillales,Lactobacillaceae,Lactobacillus,Lactobacillus sp. wkB10,wkB10,NZ_JRJB01000001.1-NZ_JRJB01000032.1,Isolate from Apis mellifera gut.
GCF_000761135.1,Bacteria,undetermined,Firmicutes,Bacilli,Lactobacillales,Lactobacillaceae,Lactobacillus,Lactobacillus sp. wkB8,wkB8,NZ_CP009531.1-NZ_CP009532.1,Isolate from Apis mellifera gut.  Complete chromosome (NZ_CP009531.1) and plasmid (NZ_CP009532.1) sequence. 
GCA_000725185.1*,Bacteria,undetermined,Proteobacteria,Betaproteobacteria,Neisseriales,Neisseriaceae,Snodgrassella,Snodgrassella alvi,SCGC AB-598-O11,JAIK01000001.1-JAIK01000401.1,Isolate from Apis mellifera gut.
GCF_000600005.1,Bacteria,undetermined,Proteobacteria,Betaproteobacteria,Neisseriales,Neisseriaceae,Snodgrassella,Snodgrassella alvi,wkB2,NZ_CP007446.1,Isolate from Apis mellifera gut. Complete chromosome only.
GCF_000807275.1,Bacteria,undetermined,Proteobacteria,Gammaproteobacteria,Orbales,Orbaceae,Frischella,Frischella perrara,PEB0191,NZ_CP009056.1,Isolate from Apis mellifera gut. Complete chromosome only.
GCA_000725165.1*,Bacteria,undetermined,Proteobacteria,Gammaproteobacteria,Orbales,Orbaceae,Gilliamella,Gilliamella apicola,SCGC AB-598-B02,JAIM01000001.1-JAIM01000544.1,Isolate from Apis mellifera gut.
GCA_000725175.1*,Bacteria,undetermined,Proteobacteria,Gammaproteobacteria,Orbales,Orbaceae,Gilliamella,Gilliamella apicola,SCGC AB-598-I20,JAIN01000001.1-JAIN01000389.1,Isolate from Apis mellifera gut.
GCA_000725245.1*,Bacteria,undetermined,Proteobacteria,Gammaproteobacteria,Orbales,Orbaceae,Gilliamella,Gilliamella apicola,SCGC AB-598-P17,JAIO01000001.1-JAIO01000296.1,Isolate from Apis mellifera gut.
GCF_000599985.1,Bacteria,undetermined,Proteobacteria,Gammaproteobacteria,Orbales,Orbaceae,Gilliamella,Gilliamella apicola,wkB1,NZ_CP007445.1,Isolate from Apis mellifera gut. Complete chromosome only.
GCF_000500935.1,Bacteria,undetermined,Tenericutes,Mollicutes,Entomoplasmatales,Spiroplasmataceae,Spiroplasma,Spiroplasma apis,B31,NC_022998.1,Isolate from Apis mellifera.
GCF_000328865.1,Bacteria,undetermined,Tenericutes,Mollicutes,Entomoplasmatales,Spiroplasmataceae,Spiroplasma,Spiroplasma melliferum,IPMB4A,NZ_AMGI01000001.1-NZ_AMGI01000024.1,Isolate from Apis mellifera.
GCF_000236085.2,Bacteria,undetermined,Tenericutes,Mollicutes,Entomoplasmatales,Spiroplasmataceae,Spiroplasma,Spiroplasma melliferum,KC3,NZ_AGBZ02000001.1-NZ_AGBZ02000006.1,Complete plasmid pSme1 (NZ_AGBZ02000005.1) and pSme2 (NZ_AGBZ02000006.1) and chromosomal contigs (NZ_AGBZ02000001.1 to NZ_AGBZ02000004.1)
