<?xml version="1.0" encoding="UTF-8"?>
<metadata>
  <idinfo>
    <citation>
      <citeinfo>
        <origin>Melissa M. Foley</origin>
        <origin>Matthew M. Beirne</origin>
        <origin>Rebecca Paradis</origin>
        <origin>Jeffrey J. Duda</origin>
        <pubdate>2017</pubdate>
        <title>Fish abundance in the Elwha River estuary, Washington, from 2006 to 2014</title>
        <geoform>comma-delimited text</geoform>
        <serinfo>
          <sername>data release</sername>
          <issue>DOI:10.5066/F75B00N4</issue>
        </serinfo>
        <pubinfo>
          <pubplace>Pacific Coastal and Marine Science Center, Santa Cruz, California</pubplace>
          <publish>U.S. Geological Survey</publish>
        </pubinfo>
        <onlink>https://doi.org/10.5066/F75B00N4</onlink>
        <onlink>https://www.sciencebase.gov/catalog/file/get/58f4f859e4b003da51f65dfc</onlink>
        <lworkcit>
          <citeinfo>
            <origin>Melissa M. Foley</origin>
            <origin>Patrick B. Shafroth</origin>
            <origin>Matthew M. Beirne</origin>
            <origin>Rebecca Paradis</origin>
            <origin>Andrew C. Ritchie</origin>
            <pubdate>2017</pubdate>
            <title>Ecological parameters in the Elwha River estuary before and during dam removal</title>
            <serinfo>
              <sername>data release</sername>
              <issue>DOI:10.5066/F75B00N4</issue>
            </serinfo>
            <pubinfo>
              <pubplace>Pacific Coastal and Marine Science Center, Santa Cruz, CA</pubplace>
              <publish>U.S. Geological Survey</publish>
            </pubinfo>
            <onlink>https://doi.org/10.5066/F75B00N4</onlink>
          </citeinfo>
        </lworkcit>
      </citeinfo>
    </citation>
    <descript>
      <abstract>This portion of the data release presents fish abundance data from samples collected in the Elwha River estuary, Washington, in 2006, 2007, 2013, and 2014 (no associated USGS Field Activities numbers because data were collected predominantly by biologists from the Lower Elwha Klallam Tribe). We used the Puget Sound beach seining protocol (Simenstad and others, 1991) to sample fish populations in the Elwha River estuary complex. The beach seine was 38 m long x 2 m deep, with a 2 m x 2 m bag in the center of the net; mesh size was 3.18 mm, 6.35 mm, and 31.75 mm, for the bag, center panel, and wings, respectively. The seine net was deployed from bank to bank by a small skiff and then pulled on shore. The number of seines conducted each month varied based on estuary conditions and staff availability. Captured fish were quickly transferred to 20-liter plastic buckets filled with aerated estuary water, individually identified, counted, measured, and released at the point of capture. The locations of seines were determined with a hand-held global positioning system (GPS). Fish abundance is reported as catch per unit effort (CPUE), calculated as the total number of each fish species caught in all seines at each site and date, divided by the number of seines conducted. Fish abundance data are provided in a comma-delimited spreadsheet (.csv).</abstract>
      <purpose>Data were obtained to assess the change in fish abundance and diversity in the Elwha estuary following the removal of two dams on the Elwha River between 2011 and 2014.</purpose>
      <supplinf>Any use of trade, product, or firm names is for descriptive purposes only and does not imply endorsement by the U.S. Government.</supplinf>
    </descript>
    <timeperd>
      <timeinfo>
        <rngdates>
          <begdate>20060511</begdate>
          <enddate>20140910</enddate>
        </rngdates>
      </timeinfo>
      <current>ground condition at time data were collected</current>
    </timeperd>
    <status>
      <progress>Complete</progress>
      <update>None planned</update>
    </status>
    <spdom>
      <bounding>
        <westbc>-123.56768</westbc>
        <eastbc>-123.56162</eastbc>
        <northbc>48.14993</northbc>
        <southbc>48.14510</southbc>
      </bounding>
    </spdom>
    <keywords>
      <theme>
        <themekt>ISO 19115 Topic Category</themekt>
        <themekey>oceans</themekey>
        <themekey>biota</themekey>
      </theme>
      <theme>
        <themekt>Data Categories for Marine Planning</themekt>
        <themekey>fishes</themekey>
      </theme>
      <theme>
        <themekt>USGS Thesaurus</themekt>
        <themekey>species diversity</themekey>
        <themekey>fish</themekey>
      </theme>
      <theme>
        <themekt>Global Change Master Directory (GCMD)</themekt>
        <themekey>fish</themekey>
      </theme>
      <theme>
        <themekt>Marine Realms Information Bank (MRIB) Keywords</themekt>
        <themekey>fish</themekey>
      </theme>
      <place>
        <placekt>Geographic Names Information System (GNIS)</placekt>
        <placekey>Elwha River</placekey>
        <placekey>Strait of Juan de Fuca</placekey>
        <placekey>Olympic Peninsula</placekey>
        <placekey>Clallam County</placekey>
        <placekey>State of Washington</placekey>
      </place>
    </keywords>
    <accconst>None</accconst>
    <useconst>USGS-authored or produced data and information are in the public domain from the U.S. Government and are freely redistributable with proper metadata and source attribution. Please recognize and acknowledge the U.S. Geological Survey and the Lower Elwha Klallam Tribe as the originators of the dataset and in products derived from these data.</useconst>
    <ptcontac>
      <cntinfo>
        <cntperp>
          <cntper>Matthew M. Beirne</cntper>
          <cntorg>Lower Elwha Klallam Tribe</cntorg>
        </cntperp>
        <cntpos>Environmental Coordinator for Natural Resources</cntpos>
        <cntaddr>
          <addrtype>mailing and physical</addrtype>
          <address>2805 Lower Elwha Road</address>
          <city>Port Angeles</city>
          <state>WA</state>
          <postal>98363</postal>
        </cntaddr>
        <cntvoice>360-457-4012 ext. 7480</cntvoice>
        <cntfax>360-452-4848</cntfax>
        <cntemail>matt.beirne@elwha.org</cntemail>
      </cntinfo>
    </ptcontac>
    <native>Microsoft Excel for Mac 2011, Mac OS X Yosemite, version 10.10.5.</native>
    <crossref>
      <citeinfo>
        <origin>Melissa M. Foley</origin>
        <origin>Jonathan A. Warrick</origin>
        <origin>Andrew C. Ritchie</origin>
        <origin>Andrew W. Stevens</origin>
        <origin>Patrick B. Shafroth</origin>
        <origin>Jeffrey J. Duda</origin>
        <origin>Matthew M. Beirne</origin>
        <origin>Rebecca Paradis</origin>
        <origin>Guy R. Gelfenbaum</origin>
        <origin>Randall McCoy</origin>
        <origin>Erin S. Cubley</origin>
        <pubdate>2017</pubdate>
        <title>Coastal habitat and biological community response to dam removal on the Elwha River</title>
        <pubinfo>
          <pubplace>Ecological Society of America, Washington DC</pubplace>
          <publish>Ecological Monographs</publish>
        </pubinfo>
        <onlink>http://doi.org/10.1002/ecm.1268</onlink>
      </citeinfo>
    </crossref>
    <crossref>
      <citeinfo>
        <origin>Simenstad, C.A.</origin>
        <origin>Tanner, C.D.</origin>
        <origin>Thom, R.M.</origin>
        <origin>Conquest, L.L.</origin>
        <pubdate>1991</pubdate>
        <title>Estuarine habitat assessment protocol</title>
        <onlink>https://digital.lib.washington.edu/researchworks/bitstream/handle/1773/4121/8918.pdf</onlink>
      </citeinfo>
    </crossref>
  </idinfo>
  <dataqual>
    <attracc>
      <attraccr>No formal attribute accuracy tests were conducted.</attraccr>
    </attracc>
    <logic>No formal logical accuracy tests were conducted.</logic>
    <complete>Dataset is considered complete for the information presented, as described in the abstract. Users are advised to read the rest of the metadata record carefully for additional details.</complete>
    <posacc>
      <horizpa>
        <horizpar>A formal accuracy assessment of the horizontal positional information in the data set has not been conducted.</horizpar>
      </horizpa>
    </posacc>
    <lineage>
      <procstep>
        <procdesc>Seven seines were conducted in May 2006. A hand-held global positioning system was used to determine the location of the sampling location.</procdesc>
        <procdate>20060511</procdate>
      </procstep>
      <procstep>
        <procdesc>Four seines were conducted in June 2006. A hand-held global positioning system was used to determine the location of the sampling location.</procdesc>
        <procdate>20060609</procdate>
      </procstep>
      <procstep>
        <procdesc>Four seines were conducted in July 2006. A hand-held global positioning system was used to determine the location of the sampling location.</procdesc>
        <procdate>20060720</procdate>
      </procstep>
      <procstep>
        <procdesc>Eight seines were conducted in August 2006. A hand-held global positioning system was used to determine the location of the sampling location.</procdesc>
        <procdate>20060803</procdate>
      </procstep>
      <procstep>
        <procdesc>Eight seines were conducted in September 2006. A hand-held global positioning system was used to determine the location of the sampling location.</procdesc>
        <procdate>20060907</procdate>
      </procstep>
      <procstep>
        <procdesc>Fifteen seines were conducted in May 2007. A hand-held global positioning system was used to determine the location of the sampling location.</procdesc>
        <procdate>20070503</procdate>
      </procstep>
      <procstep>
        <procdesc>Eight seines were conducted in June 2007. A hand-held global positioning system was used to determine the location of the sampling location.</procdesc>
        <procdate>20070614</procdate>
      </procstep>
      <procstep>
        <procdesc>Nine seines were conducted in July 2007. A hand-held global positioning system was used to determine the location of the sampling location.</procdesc>
        <procdate>20070726</procdate>
      </procstep>
      <procstep>
        <procdesc>Four seines were conducted in August 2007. A hand-held global positioning system was used to determine the location of the sampling location.</procdesc>
        <procdate>20070808</procdate>
      </procstep>
      <procstep>
        <procdesc>Five seines were conducted in September 2007. A hand-held global positioning system was used to determine the location of the sampling location.</procdesc>
        <procdate>20070906</procdate>
      </procstep>
      <procstep>
        <procdesc>Eight seines (six in east estuary; two in west estuary) were conducted in May 2013. A hand-held global positioning system was used to determine the location of the sampling location.</procdesc>
        <procdate>20130515</procdate>
      </procstep>
      <procstep>
        <procdesc>Ten seines (seven in east estuary; three in west estuary) were conducted in June 2013. A hand-held global positioning system was used to determine the location of the sampling location.</procdesc>
        <procdate>20130605</procdate>
      </procstep>
      <procstep>
        <procdesc>Eight seines (six in east estuary; two in west estuary) were conducted in July 2013. A hand-held global positioning system was used to determine the location of the sampling location.</procdesc>
        <procdate>20130710</procdate>
      </procstep>
      <procstep>
        <procdesc>Eight seines (six in east estuary; two in west estuary) were conducted in August 2013. A hand-held global positioning system was used to determine the location of the sampling location.</procdesc>
        <procdate>20130807</procdate>
      </procstep>
      <procstep>
        <procdesc>Eight seines (six in east estuary; two in west estuary) were conducted in September 2013. A hand-held global positioning system was used to determine the location of the sampling location.</procdesc>
        <procdate>20130904</procdate>
      </procstep>
      <procstep>
        <procdesc>Eight seines (six in east estuary; two in west estuary) were conducted in May 2014. A hand-held global positioning system was used to determine the location of the sampling location.</procdesc>
        <procdate>20140507</procdate>
      </procstep>
      <procstep>
        <procdesc>Eight seines (six in east estuary; two in west estuary) were conducted in June 2014. A hand-held global positioning system was used to determine the location of the sampling location.</procdesc>
        <procdate>20140604</procdate>
      </procstep>
      <procstep>
        <procdesc>Seven seines (five in east estuary; two in west estuary) were conducted in July 2014. A hand-held global positioning system was used to determine the location of the sampling location.</procdesc>
        <procdate>20140702</procdate>
      </procstep>
      <procstep>
        <procdesc>Six seines (four in east estuary; two in west estuary) were conducted in August 2014. A hand-held global positioning system was used to determine the location of the sampling location.</procdesc>
        <procdate>20140813</procdate>
      </procstep>
      <procstep>
        <procdesc>Six seines (four in east estuary; two in west estuary) were conducted in September 2014. A hand-held global positioning system was used to determine the location of the sampling location.</procdesc>
        <procdate>20140910</procdate>
      </procstep>
      <procstep>
        <procdesc>Catch per unit effort for each species is calculated as the total number of each species divided by the number of times the seine was set.</procdesc>
        <procdate>2014</procdate>
      </procstep>
    </lineage>
  </dataqual>
  <eainfo>
    <detailed>
      <enttyp>
        <enttypl>Fish</enttypl>
        <enttypd>Tabular data</enttypd>
        <enttypds>Producer defined</enttypds>
      </enttyp>
      <attr>
        <attrlabl>Site</attrlabl>
        <attrdef>Estuary location of fish seines</attrdef>
        <attrdefs>producer defined</attrdefs>
        <attrdomv>
          <edom>
            <edomv>east</edomv>
            <edomvd>sample was collected from the east estuary</edomvd>
            <edomvds>producer defined</edomvds>
          </edom>
        </attrdomv>
        <attrdomv>
          <edom>
            <edomv>west</edomv>
            <edomvd>sample was colleted from the west estuary</edomvd>
            <edomvds>producer defined</edomvds>
          </edom>
        </attrdomv>
      </attr>
      <attr>
        <attrlabl>Dam condition</attrlabl>
        <attrdef>Dam status at the time of sample collection</attrdef>
        <attrdefs>producer defined</attrdefs>
        <attrdomv>
          <edom>
            <edomv>Before removal</edomv>
            <edomvd>samples collected before dam removal began</edomvd>
            <edomvds>producer defined</edomvds>
          </edom>
        </attrdomv>
        <attrdomv>
          <edom>
            <edomv>During removal</edomv>
            <edomvd>samples collected during dam removal (2011-2014)</edomvd>
            <edomvds>producer defined</edomvds>
          </edom>
        </attrdomv>
      </attr>
      <attr>
        <attrlabl>Month collected</attrlabl>
        <attrdef>Month samples were collected</attrdef>
        <attrdefs>producer defined</attrdefs>
        <attrdomv>
          <rdom>
            <rdommin>May</rdommin>
            <rdommax>September</rdommax>
            <attrunit>Dates in month format</attrunit>
          </rdom>
        </attrdomv>
      </attr>
      <attr>
        <attrlabl>Year collected</attrlabl>
        <attrdef>Year samples were collected</attrdef>
        <attrdefs>producer defined</attrdefs>
        <attrdomv>
          <rdom>
            <rdommin>2006</rdommin>
            <rdommax>2014</rdommax>
            <attrunit>Dates in YYYY format</attrunit>
          </rdom>
        </attrdomv>
      </attr>
      <attr>
        <attrlabl>Number of seines</attrlabl>
        <attrdef>Number of seines completed for each month and year</attrdef>
        <attrdefs>producer defined</attrdefs>
        <attrdomv>
          <rdom>
            <rdommin>2</rdommin>
            <rdommax>15</rdommax>
            <attrunit>integers</attrunit>
          </rdom>
        </attrdomv>
      </attr>
      <attr>
        <attrlabl>American shad</attrlabl>
        <attrdef>fish species Alosa sapidissima</attrdef>
        <attrdefs>producer defined</attrdefs>
        <attrdomv>
          <rdom>
            <rdommin>0</rdommin>
            <rdommax>1.3</rdommax>
            <attrunit>catch per unit effort</attrunit>
          </rdom>
        </attrdomv>
      </attr>
      <attr>
        <attrlabl>Bull trout</attrlabl>
        <attrdef>fish species Salvelinus confluentus</attrdef>
        <attrdefs>producer defined</attrdefs>
        <attrdomv>
          <rdom>
            <rdommin>0</rdommin>
            <rdommax>0.8</rdommax>
            <attrunit>catch per unit effort</attrunit>
          </rdom>
        </attrdomv>
      </attr>
      <attr>
        <attrlabl>Chinook salmon</attrlabl>
        <attrdef>fish species Oncorhynchus tshawytscha</attrdef>
        <attrdefs>producer defined.</attrdefs>
        <attrdomv>
          <rdom>
            <rdommin>0</rdommin>
            <rdommax>29.8</rdommax>
            <attrunit>catch per unit effort</attrunit>
          </rdom>
        </attrdomv>
      </attr>
      <attr>
        <attrlabl>Coho samon</attrlabl>
        <attrdef>fish species Oncorhynchus kisutch</attrdef>
        <attrdefs>producer defined</attrdefs>
        <attrdomv>
          <rdom>
            <rdommin>0</rdommin>
            <rdommax>47.0</rdommax>
            <attrunit>catch per unit effort</attrunit>
          </rdom>
        </attrdomv>
      </attr>
      <attr>
        <attrlabl>Chum salmon</attrlabl>
        <attrdef>fish species Oncorhynchus keta</attrdef>
        <attrdefs>producer defined</attrdefs>
        <attrdomv>
          <rdom>
            <rdommin>0</rdommin>
            <rdommax>1.9</rdommax>
            <attrunit>catch per unit effort</attrunit>
          </rdom>
        </attrdomv>
      </attr>
      <attr>
        <attrlabl>Cottid sp.</attrlabl>
        <attrdef>fish species from the Family Cottidae</attrdef>
        <attrdefs>producer defined</attrdefs>
        <attrdomv>
          <rdom>
            <rdommin>0</rdommin>
            <rdommax>36.0</rdommax>
            <attrunit>catch per unit effort</attrunit>
          </rdom>
        </attrdomv>
      </attr>
      <attr>
        <attrlabl>Cutthroat trout</attrlabl>
        <attrdef>fish species Oncorhynchus clarkii</attrdef>
        <attrdefs>producer defined</attrdefs>
        <attrdomv>
          <rdom>
            <rdommin>0</rdommin>
            <rdommax>0.8</rdommax>
            <attrunit>catch per unit effort</attrunit>
          </rdom>
        </attrdomv>
      </attr>
      <attr>
        <attrlabl>English sole</attrlabl>
        <attrdef>fish species Parophrys vetulus</attrdef>
        <attrdefs>producer defined</attrdefs>
        <attrdomv>
          <rdom>
            <rdommin>0</rdommin>
            <rdommax>0.1</rdommax>
            <attrunit>catch per unit effort</attrunit>
          </rdom>
        </attrdomv>
      </attr>
      <attr>
        <attrlabl>Flatfish spp.</attrlabl>
        <attrdef>fish species from the Order Pleuronectiformes</attrdef>
        <attrdefs>producer defined</attrdefs>
        <attrdomv>
          <rdom>
            <rdommin>0</rdommin>
            <rdommax>8.8</rdommax>
            <attrunit>catch per unit effort</attrunit>
          </rdom>
        </attrdomv>
      </attr>
      <attr>
        <attrlabl>Lamprey ammocoete</attrlabl>
        <attrdef>Early life stage of the genus Lampetra or Entosphenus</attrdef>
        <attrdefs>producer defined</attrdefs>
        <attrdomv>
          <rdom>
            <rdommin>0</rdommin>
            <rdommax>0.2</rdommax>
            <attrunit>catch per unit effort</attrunit>
          </rdom>
        </attrdomv>
      </attr>
      <attr>
        <attrlabl>Osmerid sp.</attrlabl>
        <attrdef>fish species from the Family Osmeridae</attrdef>
        <attrdefs>producer defined</attrdefs>
        <attrdomv>
          <rdom>
            <rdommin>0</rdommin>
            <rdommax>0.3</rdommax>
            <attrunit>catch per unit effort</attrunit>
          </rdom>
        </attrdomv>
      </attr>
      <attr>
        <attrlabl>Prickly sculpin</attrlabl>
        <attrdef>fish species Cottus asper</attrdef>
        <attrdefs>producer defined</attrdefs>
        <attrdomv>
          <rdom>
            <rdommin>0</rdommin>
            <rdommax>15.5</rdommax>
            <attrunit>catch per unit effort</attrunit>
          </rdom>
        </attrdomv>
      </attr>
      <attr>
        <attrlabl>Redside shiner</attrlabl>
        <attrdef>fish species Richardsonius balteatus</attrdef>
        <attrdefs>producer defined</attrdefs>
        <attrdomv>
          <rdom>
            <rdommin>0</rdommin>
            <rdommax>18.5</rdommax>
            <attrunit>catch per unit effort</attrunit>
          </rdom>
        </attrdomv>
      </attr>
      <attr>
        <attrlabl>Shiner perch</attrlabl>
        <attrdef>fish species Cymatogaster aggregata</attrdef>
        <attrdefs>producer defined</attrdefs>
        <attrdomv>
          <rdom>
            <rdommin>0</rdommin>
            <rdommax>0.1</rdommax>
            <attrunit>catch per unit effort</attrunit>
          </rdom>
        </attrdomv>
      </attr>
      <attr>
        <attrlabl>Staghorn sculpin</attrlabl>
        <attrdef>fish species Leptocottus armatus</attrdef>
        <attrdefs>producer defined</attrdefs>
        <attrdomv>
          <rdom>
            <rdommin>0</rdommin>
            <rdommax>94.0</rdommax>
            <attrunit>catch per unit effort</attrunit>
          </rdom>
        </attrdomv>
      </attr>
      <attr>
        <attrlabl>Starry flounder</attrlabl>
        <attrdef>fish species Platichthys stellatus</attrdef>
        <attrdefs>producer defined</attrdefs>
        <attrdomv>
          <rdom>
            <rdommin>0</rdommin>
            <rdommax>11.2</rdommax>
            <attrunit>catch per unit effort</attrunit>
          </rdom>
        </attrdomv>
      </attr>
      <attr>
        <attrlabl>Steelhead/Rainbow trout</attrlabl>
        <attrdef>fish species Onchorhyncus mykiss</attrdef>
        <attrdefs>producer defined</attrdefs>
        <attrdomv>
          <rdom>
            <rdommin>0</rdommin>
            <rdommax>3.0</rdommax>
            <attrunit>catch per unit effort</attrunit>
          </rdom>
        </attrdomv>
      </attr>
      <attr>
        <attrlabl>Three-spined stickleback</attrlabl>
        <attrdef>fish species Gasterosteus aculeatus</attrdef>
        <attrdefs>producer defined</attrdefs>
        <attrdomv>
          <rdom>
            <rdommin>0</rdommin>
            <rdommax>1304.0</rdommax>
            <attrunit>catch per unit effort</attrunit>
          </rdom>
        </attrdomv>
      </attr>
    </detailed>
    <overview>
      <eaover>The first line of the csv file is a header line.</eaover>
      <eadetcit>U.S. Geological Survey</eadetcit>
    </overview>
  </eainfo>
  <distinfo>
    <distrib>
      <cntinfo>
        <cntorgp>
          <cntorg>U.S. Geological Survey - ScienceBase</cntorg>
        </cntorgp>
        <cntaddr>
          <addrtype>mailing and physical</addrtype>
          <address>Denver Federal Center, Building 810, Mail Stop 302</address>
          <city>Denver</city>
          <state>CO</state>
          <postal>80225</postal>
        </cntaddr>
        <cntvoice>1-888-275-8747</cntvoice>
        <cntemail>sciencebase@usgs.gov</cntemail>
      </cntinfo>
    </distrib>
    <resdesc>Fish abundance data are presented as a comma-delimited file (.csv) and associated metadata.</resdesc>
    <distliab>Unless otherwise stated, all data, metadata and related materials are considered to satisfy the quality standards relative to the purpose for which the data were collected. Although these data and associated metadata have been reviewed for accuracy and completeness and approved for release by the U.S. Geological Survey (USGS), no warranty expressed or implied is made regarding the display or utility of the data on any other system or for general or scientific purposes, nor shall the act of distribution constitute any such warranty.</distliab>
    <stdorder>
      <digform>
        <digtinfo>
          <formname>comma-delimited text</formname>
          <formvern>Microsoft Excel for Mac 2011 14.7.1</formvern>
          <formcont>comma-delimited text file</formcont>
          <filedec>No compression applied.</filedec>
          <transize>0.005</transize>
        </digtinfo>
        <digtopt>
          <onlinopt>
            <computer>
              <networka>
                <networkr>https://www.sciencebase.gov/catalog/file/get/58f4f859e4b003da51f65dfc</networkr>
                <networkr>https://doi.org/10.5066/F75B00N4</networkr>
              </networka>
            </computer>
            <accinstr>Data can be downloaded via the Internet</accinstr>
          </onlinopt>
        </digtopt>
      </digform>
      <fees>None.</fees>
    </stdorder>
  </distinfo>
  <metainfo>
    <metd>20170530</metd>
    <metc>
      <cntinfo>
        <cntperp>
          <cntper>Matthew M. Beirne</cntper>
          <cntorg>Lower Elwha Klallam Tribe</cntorg>
        </cntperp>
        <cntpos>Environmental Coordinator for Natural Resources</cntpos>
        <cntaddr>
          <addrtype>mailing and physical</addrtype>
          <address>2851 Lower Elwha Rd</address>
          <city>Port Angeles</city>
          <state>WA</state>
          <postal>98363</postal>
          <country>United States of America</country>
        </cntaddr>
        <cntvoice>360-457-4012 ext. 7480</cntvoice>
        <cntemail>matt.beirne@elwha.org</cntemail>
      </cntinfo>
    </metc>
    <metstdn>Content Standard for Digital Geospatial Metadata</metstdn>
    <metstdv>FGDC-STD-001-1998</metstdv>
  </metainfo>
</metadata>
