0,Drought impact,2,-0.7014952733263342,0.11304286701179636
1,Ecological Footprint,6,-0.7663202025503507,0.13273250550195373
2,Family,3,-0.41136636625905676,-0.12324321418510419
3,Flora ,3,1.2798174224250591,-0.8175158483109701
4,Forest restoration,2,-0.6802420270316493,0.14559970596019886
5,HFC gas emissions,5,-0.6226916314552584,0.09727101297988351
6,High-throughput sequencing,0,-0.6379725768529945,0.06514344864504784
7,Instrumentation,0,0.30950558810115614,0.3414549513089451
8,Laser precipitation monitor ,0,-0.6306264870984964,0.06342211789730079
9,Leaf dry matter content,7,-0.635216429527492,0.07971817796957097
10,Leaf stomata density,7,-0.6004788348646781,0.06605690651639716
11,Leaf stomata size,4,-0.6176936812851365,0.07469973347112839
12,Leaf toughnes,7,0.5518625192344948,-0.3506183752110032
13,Living status,6,-0.6793027085210109,0.07074975345343586
14,Marine,3,0.6472162378084189,-0.8530792873476277
15,Metabolites,7,1.5385441186715059,1.9538182885039195
16,Nitrogen Concentration,6,-0.7171516784792904,0.07655907279070728
17,Phylogenetic signals,5,-0.6862857688414856,0.0855471853550147
18,Taxon richness,6,-0.6764970372691589,0.12857456566019937
19,Taxonomic family,1,-0.6688259945521678,0.04772695020129127
20,Vegetation layer height,0,-0.6294318416472334,0.06846651589698144
21,abiotic,7,1.4862850060292243,0.3994249127055497
22,abiotic element,5,-0.668531671052379,0.07406152342816921
23,abiotic environment,4,-0.7063048824872233,0.03003967239993444
24,above ground,0,-0.6715850390343441,0.10369729776841786
25,above-ground,0,-0.6715850390343441,0.10369729776841786
26,above-ground biomass,7,-0.6295133676024022,0.0841719120201814
27,aboveground,7,0.4023096541248842,-0.2461262434602469
28,aboveground dry matter biomass,6,-0.6346513928071393,0.0762886047770161
29,aboveground wood,1,-0.6791773062063581,0.05924329585774433
30,absent,1,-0.46393166380319556,0.1704293561593523
31,abundance,0,0.2240295103975809,-0.1496356339335593
32,abundant,5,0.3525788659932313,-0.26410519503333596
33,abundant decidious species,6,-0.7448122855221673,0.0692568606258016
34,acetic,7,0.19163416012111947,0.599148248460744
35,acetic acid,5,-0.7402943746459887,0.053004001699998894
36,acid,7,0.33650458617444456,0.3550314201429858
37,acidic,7,1.1084257417618701,0.17587550016012368
38,acidity,7,1.5344349895110225,0.4832147855627369
39,aegean sea,3,0.37438023628458733,-0.707979068017438
40,african coast,2,-0.6214060805555247,0.10997674560319287
41,age,1,-0.30829520457868803,0.2521727783354877
42,agricultural,3,0.5717295047987521,-1.0755061570568418
43,agricultural land,5,-0.6783026685019639,0.12375809159199475
44,agricultural terraces,6,-0.7438587137702153,0.08473503780476807
45,agriculture,3,0.5741542709177518,-0.9627383189829062
46,agroforestry,3,1.1605053909791934,-0.8766160779928247
47,air,0,-0.24114657387223398,-0.4164284327704821
48,air pollution,7,-0.6502619504196229,0.1462927558074912
49,al,5,-0.3312545167812749,0.17364315487026627
50,algal,7,1.7269684843448347,0.036174672095049806
51,algal bloom,4,-0.6675237838422974,0.07337539917924332
52,algorithm,7,0.4195173121902526,1.1523415569793154
53,alive,7,-0.4342519421670906,-0.17085745234177283
54,alive tree,3,-0.6273555042412551,0.08956732788291581
55,alpine,4,0.39151429503378554,-0.44223525425629606
56,altitude,0,0.47143757796025376,-0.17526345605574198
57,ammonium,7,1.1919762617719596,0.5169117161964345
58,amphibian,7,1.091302468168525,-0.3999744579322818
59,anatomical,7,0.8734061802152804,1.0159098855961788
60,animal,7,0.5733410895786856,-0.424627719023861
61,animal specy,7,0.5733410895786856,-0.424627719023861
62,ant,7,0.7561227638339447,-0.21561751545705093
63,anthropogenic,5,1.7993619160369678,-0.07005672355219729
64,anthropogenic disturbance,5,-0.7896676459684994,0.07529476992205614
65,anthropogenic disturbances,5,-0.7177097793568719,0.07760722078346895
66,anthropogenic factor,5,-0.7564409354815695,0.13614748093352647
67,anti-microbial,0,-0.7188035928767091,0.053062198482841556
68,anticipate,2,-0.39707859907807985,0.068321657867107
69,antimicrobial protein,6,-0.7915545202458573,0.03775114417796933
70,antioxidant,7,1.7357943703687517,1.5312252771705368
71,aquaculture,3,1.0240211760466027,-1.067268605500749
72,aquarium,3,0.36569998962953293,-0.8481792766250864
73,aquatic,7,0.9996799737599825,-0.7713731225380631
74,aquatic animal,6,-0.6899859927672876,0.03814926137244006
75,aquatic disease,6,-0.7084048484979689,0.09289322669224254
76,aquatic environment,6,-0.7094935557560941,0.07637213904709546
77,aquatic food,6,-0.6771780776004209,0.08173427864652726
78,arable,4,1.007059150440235,-1.1123945303277458
79,arable land,5,-0.6758557400322993,0.07055677041870714
80,archaea,7,1.6944361232246092,0.886665805995179
81,area,4,-0.23039012524123226,-0.37416150601822246
82,arion vulgaris slug,5,-0.7013224466048492,0.09511200798400642
83,atmospheric carbon dioxide,7,-0.5600520864199676,0.0827406447648682
84,atmospheric co2 concentration,0,-0.5952870367078489,0.08004349347797225
85,autotrophic,7,0.3928098268967407,0.32255772589456766
86,autotrophic metabolism,6,-0.7250822448333707,0.07429152495718219
87,average temperature,0,-0.7047043830753431,0.10916665439675886
88,bacterial,7,1.7213628740161104,0.9007987335538761
89,bacterial decomposition,6,-0.7176153101704457,0.06182299937867024
90,bacterioplankton production,0,-0.0790424854779561,0.006831517139340101
91,bacterium,7,1.870265862671134,1.0006380291775145
92,bank,6,-0.3106468470380434,-0.3859263269693206
93,barrier reef,5,-0.7035304528517762,0.14269997689390843
94,basal area,0,-0.7019598360698363,0.03376243424530151
95,base,4,-0.4587191891683532,-0.14160045574197838
96,basis,6,-0.36773601513621307,0.1806294638695762
97,bathyal habitat,3,1.5993391253477574,-1.3522504402026712
98,bathymetric,3,0.7060699199981264,0.06285771464340402
99,bay,3,-0.08346815987058955,-0.3899430624950462
100,beach,4,-0.013088513469460392,-0.8237112502989379
101,bean,1,0.26858155935936556,-0.3283086488753531
102,bedrock,4,-0.06140697606639472,-0.0779124718084865
103,bee,7,0.4663271222771507,-0.3982296098313936
104,below ground biomass,7,-0.6264837727853816,0.08143448997084424
105,below-ground,0,-0.6561040690933327,0.08929417309304574
106,below-ground biomass,7,-0.6264837727853816,0.08143448997084424
107,below-ground carbon,2,-0.6275074936756051,0.07867767545106619
108,belowground,7,0.6499356316874052,0.007008963921595887
109,bent,4,-0.303170859949378,0.03982441402012826
110,benthic,7,1.519224169467788,0.13360466966233678
111,benthic habitat,0,-0.8424734516311903,0.05949921969288985
112,beta-diversity,4,-0.6694408899854528,0.08289813823384212
113,biodiversity,3,1.75435729500394,-1.0931055223900592
114,biodiversity conservation,5,-0.6823008539808085,0.11309270497683431
115,biodiversity conservation policy,4,-0.6068304401607468,0.036153598213081437
116,biodiversity crisis,6,-0.6851710416386811,0.057085766463864214
117,biodiversity los,2,-0.6519456435265701,0.07257995551388868
118,biodiversity relationship,0,-0.7586176506914611,0.14524364897581601
119,bioenergy,3,1.0755076435561368,-0.6308652409059562
120,biofuel,7,0.8288253812171071,-0.639405681095681
121,biological,7,0.9528279656211013,0.5566220551808831
122,biological community,6,-0.6527272127576866,0.07653673246792916
123,biological invasion,1,-0.7004170384821433,0.09236767144519528
124,biological mechanism,0,-0.7082457904335837,0.03926584341924104
125,biological organization,5,-0.6590234344584684,0.08303610412762216
126,biologically,7,1.1385603495803076,0.5379231024325539
127,biologist,7,1.1337003084413442,-0.5004031664169539
128,biology,7,0.9196978891448618,0.26204235868360626
129,biomarker,7,1.3448760546191523,1.869055711333086
130,biomass,7,1.2509571568202658,-0.6072826482725919
131,biomass_above,2,-0.6465672242712639,0.07326614769691601
132,biomass_below,7,-0.6335583829667513,0.08729312823590571
133,biome,3,1.365910010543452,-0.5992751349342361
134,biosynthetic gene,5,-0.826136193727229,0.11841515180186354
135,biota,7,1.8702079553645325,-0.19683683971837837
136,biotic,7,1.5214876754299975,0.15496740203722156
137,bird,7,0.6512722222078519,-0.7987920397329435
138,bird specy,7,0.6512722222078519,-0.7987920397329435
139,birth,5,-0.14343200588787794,0.09652342054692489
140,botanical,4,1.1274265149352003,-0.4161654934372097
141,botanical garden,1,-0.7405194842347071,0.13034537892353878
142,botany,7,1.040970708520004,-0.7647510371856039
143,boundary,4,0.08960883146540174,-0.35372358957232497
144,breeding,1,0.7134030298938248,-0.640641031002727
145,breeding bird,6,-0.7253959138860671,0.057575219910912016
146,broad,4,-0.3107356111039048,0.15290149551332508
147,broad-leaved,1,-0.6308560264645895,0.07758323571983222
148,broad-leaved forest,4,-0.6329651189773225,0.06088598681040609
149,butterfly,7,0.5747168223575047,-0.47092142114076213
150,c,7,-0.20545572897746545,0.4772922021211147
151,ca,4,-0.08923948563816503,0.3072205112132465
152,cadmium,7,1.017846666580755,0.4324600336661603
153,calcium,7,1.284834042744752,1.3266539591586335
154,canopy,3,0.4932214648369497,-0.6748195159036121
155,canopy cover,2,-0.7239701109012519,0.14975075546375113
156,canopy layer,1,-0.7922232794941592,0.1117002965093038
157,capacity,0,-0.2509914472359059,0.06950659905172844
158,carbohydrate,7,1.0464705285009617,1.0413828196790758
159,carbon,2,0.7165938341630338,-0.23164490956035189
160,carbon content,4,-0.6339636699967462,0.074014730206559
161,carbon dioxide,1,-0.7053191209770854,0.056262044124362365
162,carbon flux,4,-0.676582404154933,0.007839233455579188
163,carbon footprint,6,-0.7605232792957606,0.08373614617630556
164,carbon nitrogen ratio,2,-0.6182254720934648,0.08043373827281596
165,carbon to nitrogen ratio,2,-0.6182254720934648,0.08043373827281596
166,caterpillar,7,1.022528752056485,-0.1764366226950396
167,cecum,7,0.8403446921692277,0.7921918185256143
168,cellulose,7,1.3632727032219978,0.5444606908068641
169,cellulosic biofuel,5,-0.7190534066364554,0.08455671160991629
170,charcoal,4,0.34480700751598337,-0.6139203489210969
171,chemical,7,0.62736965234763,0.332608330290315
172,chemical composition,3,-0.7364427317044975,0.08040346042927074
173,chemical element,5,-0.6594392825488853,0.09973670709142893
174,chemical leaf composition,7,-0.616251034129127,0.07858873864751667
175,chemistry,1,0.41192509434012053,0.4271655605020293
176,chromosomal,7,1.495633646639461,2.0295299228348593
177,city,4,-0.39811835379621985,-0.4563201736455156
178,cl,0,-0.329494901119613,0.47046983134156045
179,clay,7,0.4158344902243373,-0.41639141121921314
180,climate,2,0.35979110746944254,-0.5653363982875071
181,climate change,2,-0.6701965080903707,0.06613515938876567
182,climate condition,7,-0.6136950501203035,0.06426360075361606
183,climatic,5,0.9713537099158327,-0.32994112886152055
184,climatic condition,0,-0.6446201923405311,0.08928495507820551
185,climatic conditions,5,-0.6144210860454337,-0.012448578965548164
186,clone,1,-0.11264374772664995,0.425240413108269
187,cloud,3,-0.19322902127683497,-0.28029767171387043
188,cluster,7,0.05446270246684917,0.23223916929701144
189,cn,3,-0.01758199609448388,0.2364132812772203
190,co2,7,0.6879621392088272,0.14931219047419364
191,co2 concentration,4,-0.6840918030670236,0.07718294994712446
192,co2 emission,5,-0.7120853830301465,0.060058043547671726
193,coal,2,0.3030170342583903,-0.7567577040624747
194,coarse,1,0.28029431054980414,0.24569205647599704
195,coarse material,5,-0.6575860718759821,0.04232214429896493
196,coarse sand,4,-0.6622503702400532,0.01770883365628405
197,coarse silt,0,-0.6742318141395548,0.026483301797551574
198,coarse-grained soil,7,-0.6017999137060841,0.06539492051181645
199,coast,3,-0.09154525874977563,-0.7707749922245921
200,coastal,3,0.306445897298523,-1.1107280796406358
201,coastal ecosystem,6,-0.7518598206272142,0.08751165772207214
202,coastal saline soil,0,-0.6005522578834458,0.061169709741246595
203,coastal water,5,-0.6420485200087557,0.06306601688744816
204,coastal wetland,0,-0.7152126123587474,0.053628324723483056
205,cold,6,-0.224510113204339,-0.2702182372871168
206,collection,0,-0.20104840542855512,-0.027958465605092204
207,colon,7,0.5370209990119772,0.8461036745593687
208,colonies,7,0.7672473600742418,-0.2911272446657284
209,colonization,5,0.800660032142427,-0.02844081692451835
210,colonizing,7,0.656277154130417,-0.2724748554423586
211,colony,7,0.4943659092064527,-0.4323653049024727
212,community,3,-0.3639712723315547,-0.254627913157833
213,community composition,7,-0.60030906573886,0.0645195392202749
214,community disassembly,6,-0.660993179525276,0.08313851893722778
215,community growth,6,-0.6315660058190813,0.0890831017453888
216,community level,2,-0.6195266588974199,0.06061539645141397
217,community structure,6,-0.6580178748326584,0.06934112741862139
218,composition,4,0.22376108782152868,0.5614668497236901
219,compost,7,0.8608407406403867,-0.8507448343303162
220,compound,7,-0.005227789129431696,0.4089311864216136
221,concentration,0,0.15752003272735282,0.44180369546789133
222,condition,1,-0.17186666936911504,-0.03282664535883938
223,conductivity,7,1.4492658595464762,1.125522791217602
224,conservation,3,0.6439849430539051,-1.3269997348394618
225,conservation effort,6,-0.6233961756374677,0.09334694662593164
226,consistency,0,-0.15503566577486794,0.2819379290398126
227,construction,4,-0.2573535696622809,-0.4948714840205235
228,consumption,0,0.1806071107480389,0.18766412796504348
229,content,0,-0.039300684758172964,0.4181680827816924
230,contents of carbon,5,-0.6356391647188696,0.08448114872621333
231,continent,3,0.09546480197121779,-0.12884932703216695
232,cooked leaf,0,-0.6754944483511496,0.034836644782715934
233,coral,7,1.502025862618281,-0.771727489591817
234,coral habitat,0,-0.8819976541181732,0.08110712957739309
235,coral reef,0,-0.9098585591032402,0.033444104658788006
236,cotton,1,0.35868081622195663,-0.7683911597298151
237,count,6,-0.378738763628158,0.14533369078115152
238,country,4,-0.45919854087678647,-0.16281530722598941
239,county,4,-0.18176692067797118,-0.37887057534733054
240,coverage,0,-0.5100744370920077,0.11856490619307115
241,crop,1,0.42597907329702994,-0.8597294228669465
242,cropland,3,1.066778130557484,-1.440850316579588
243,crown width,2,-0.6777638642632225,0.057848275386085765
244,crust,7,0.7938047928468445,0.11247536329832172
245,cultivated area,2,-0.6566674645254111,0.09250223204917969
246,current,2,-0.4530883258201925,0.04427722119715678
247,curved,7,0.23734675894040608,0.17102619391280852
248,cytochrome,7,0.8288673457442712,1.3892333082372486
249,cytochrome c,5,-0.6715033014443464,0.1229428259238357
250,damaged,6,-0.2524377907587515,-0.15702049403898333
251,data set,5,-0.6767704025706419,0.0969670196691489
252,dataset,7,0.7230303625064646,0.7486246741477829
253,date,6,-0.4852167841756184,0.11643157158369825
254,date time,0,-0.6496019783621568,0.09072873416612352
255,dead,4,-0.25174917410875813,-0.2946808954114794
256,dead wood,1,-0.66080363808092,0.07861960379745093
257,deadwood,4,0.05666502554572974,-0.43512709611897077
258,decay,5,0.6199174430987839,0.146107806842909
259,decayed,7,0.44895652250468193,0.06420110647777383
260,decidious species,7,1.8773914980185478,-0.5320434909432881
261,decomposers,7,1.084850250299316,-0.02874576468954361
262,decomposing,7,0.734631191664891,-0.01604389752203142
263,decomposition,7,1.4583780620640383,0.3887018303378692
264,deep,6,-0.20968546994686418,-0.13332923671344402
265,deep sea system,2,-0.626653972786323,0.08328638918173158
266,deep water,1,-0.7040368756517026,0.07963893062815676
267,deepwater,3,0.6253285550440816,-0.5244598449338508
268,deforestation,3,1.1733514268092096,-1.2485051477813667
269,degradation,3,0.6657985661544203,0.05800606022707557
270,dense,4,0.4075216086736947,0.028938341354110917
271,density,0,0.6927903413890134,0.31224736257116914
272,deposition,6,0.11251843470789766,0.5573697140005603
273,depth,0,-0.14751372188910797,0.1857150460954313
274,development,3,-0.20828086695753836,-0.11321824064509944
275,diameter,7,0.6618143827873267,0.4419568676449668
276,direction,4,-0.522642865241893,-0.0014045634242316216
277,disease,7,0.771413365975326,0.1973181042565358
278,dissolved inorganic nitrogen,7,-0.6036300676891272,0.07028105769238534
279,dissolved phosphoru,6,-0.22338477075163313,0.3603043799023401
280,distance,4,-0.31054388400084665,-0.07544104607966842
281,distribution,0,-0.17873544207078126,0.15690158609029445
282,distributional,3,0.5185638530945077,0.29791881137339016
283,diverse tree community,2,-0.6298826491920764,0.06044152862925957
284,diversity,0,0.33122437478062666,-0.08607504915284735
285,dna,7,0.41740868718183666,0.846348161994441
286,domesticate,7,0.28345207863175076,-0.059193350951051334
287,drinking water,6,-0.6543265830008114,0.07480993271432204
288,drought,3,0.5137431269802236,-1.2717794953446409
289,drought resistance,6,-0.6831651632096299,0.1471451679362992
290,drought-sensitive specy,6,-0.6509161206016193,0.10333066645510797
291,dry,0,0.1468374367020945,-0.6312023644245077
292,dry matter content,7,-0.6312813973064049,0.08027896395616166
293,dry period,6,-0.6552242276242619,0.05894401726166834
294,dry season,1,-0.6407010897229105,0.08321025570998204
295,dune,3,1.0513241096586712,-0.8924429296037135
296,duodenum,7,0.997828899374059,1.157405539713066
297,earth,5,0.3185159540559993,-0.4435888815242219
298,earthworm,7,1.3740687881727291,-0.3316652490205288
299,ecologic,3,0.7499919044386839,-0.21612944022929667
300,ecological,3,1.090021286224591,-0.8501643790848411
301,ecological community,6,-0.6803738543343462,0.09953079812491093
302,ecological degradation,4,-0.7377945493594039,0.022726320380707727
303,ecological functioning,0,-0.7039607170074771,0.10891315419146652
304,ecological recovery,1,-0.6442049490400931,0.06385483293059747
305,ecological resilience,6,-0.7500579198595575,0.08688177854705616
306,ecological system,5,-0.7160418379409884,0.11134980569996895
307,ecology,3,1.1559319282616132,-0.8681155146308149
308,ecosystem,3,1.1116880844548556,-0.662313731250104
309,ecosystem functioning,6,-0.7393193025372699,0.1274409426032838
310,efficiency,0,-0.07918739424187407,0.10651053952379377
311,electricity,2,-0.0057196381083330855,-0.6876919456375165
312,elevation,4,0.29042128237990805,-0.1349314193796427
313,emission,2,0.5418311790822207,-0.12725445073978797
314,endangered specy,3,0.3490533976575997,-0.7789687348967778
315,endemic specy,5,0.3684252959397672,-0.11570927260594101
316,energy,2,-0.042095574271744686,-0.38634671439293583
317,energy consumption,6,-0.7076276420024982,0.09770774934516417
318,energy efficiency,6,-0.6759373603289753,0.04711169195362767
319,environment,2,0.0970935371533565,-0.3359848568563108
320,environmental,2,0.3468965718727268,-0.7606120115384162
321,environmental background,5,-0.6535047088742124,0.09526731607446311
322,environmental change,1,-0.6890169175710075,0.09138494856424674
323,environmental stress,4,-0.6711208508110518,0.07392154111252208
324,environmental upgrading,6,-0.686116245506286,0.10789472168892573
325,enzyme,7,1.8558434425923644,2.0401841759776085
326,eol,3,-0.32026835283324206,0.23373491364880924
327,erode,0,-0.3910710547833069,-0.23449077541417782
328,erosion,3,0.3303381866342094,-0.5658276930589481
329,ethanol,7,0.6650587734960695,-0.4512319520404011
330,evaporation,5,0.8903627959380918,-0.3076250747437268
331,event,2,-0.5250773171803328,-0.0665341914916941
332,evolution,5,0.3138190944615818,0.5012812569088617
333,exotic,7,0.23667115807295186,-0.2900798523259203
334,experiment,7,0.025165805992598787,0.3591357352445502
335,experimental site,0,-0.6885262884099294,0.08336703135483942
336,exposed,2,-0.25648272194980265,0.2502024177611886
337,extinction,3,0.6868639379391338,-0.48332442457030605
338,extinction filter,6,-0.6183491570704849,0.02499330649659664
339,extinction risk,6,-0.7085902229215868,0.11223074530351386
340,families,2,-0.4015854190856608,-0.21364204700084216
341,family,3,-0.41136636625905676,-0.12324321418510421
342,family name,1,-0.6376588588134131,0.09762589209452292
343,farm,4,0.08704312199692536,-0.9878344438426946
344,farming,3,0.5123430420663152,-1.1415254181350747
345,farmland,4,0.4730122383601991,-1.5391227502506395
346,fatty acid,0,-0.6999416483318133,0.06745211347315483
347,fauna,3,1.1358994988736977,-0.9616669164373681
348,faunal,7,1.4560448239640176,0.048691835227020815
349,faunal abundance,6,-0.750252348047467,0.10426896429185692
350,fe,2,-0.2773435917154169,0.26135142743438183
351,fecundity,7,1.0790716914256107,0.23477485366123318
352,federal land,5,-0.6456328169533576,0.09810517116664208
353,female,1,-0.2711622736172789,0.15064798165437876
354,female sample size,0,-0.6255731087479313,0.08622692692705451
355,fern,7,1.2222060464942919,-0.7003015807436842
356,fertile,4,0.3906672211776169,-0.529852436249044
357,fertility,0,0.9084230034093976,0.06494884090666206
358,fertilization,7,1.6191182234477097,0.006316927654420559
359,fertilizer,7,0.5940100605496408,-0.9399777493605574
360,field,4,-0.2520062949371381,-0.14960572441163036
361,fine sand,7,-0.6731585501223031,0.1127305758222751
362,fine-grained soil,4,-0.6280885833320436,0.06728083899908706
363,fire,2,-0.35092107660072575,-0.5678970035332436
364,fires,5,-0.02890534151356667,-0.695949729833355
365,fish,3,0.7357701359949519,-0.7525578069474705
366,fish abundance,1,-0.715084213911892,0.10848157348880394
367,fish specy,3,0.7357701359949519,-0.7525578069474705
368,fishery,3,0.9185314569600377,-1.2372136124347384
369,flora,3,1.2798174224250591,-0.8175158483109701
370,flower,4,0.39746516391010406,-0.7994413338539643
371,flower-visiting insect,2,-0.6389094022416395,0.07710674643843914
372,flowering season,0,-0.6821201219690496,0.11390464892461688
373,flux,4,-0.0651810249545329,0.4938263249399767
374,focal tree,0,-0.7139572546599534,0.0878948233470674
375,food,0,0.09301395904592089,-0.5032817964723181
376,food plant,2,-0.6514823913839005,0.09285540461248604
377,food-web,7,-0.6239644954757374,0.07892770803793196
378,forage,7,1.3195146150643806,-0.9105872031314842
379,foraged,7,0.577099937875279,-0.42684653429329555
380,foraging,7,1.0680500880640824,-0.5017359975086737
381,forest,3,0.7570478888376073,-1.53923860417186
382,forest area,5,-0.6615156865549903,0.1101679075310786
383,forest ecosystem,5,-0.8498067523658798,0.08900877917470884
384,forest floor,1,-0.6742484847393283,0.11214786748081008
385,forest fragmentation,5,-0.728695519288076,0.0918576205558455
386,forest preservation,2,-0.7171898678008803,0.121893649781732
387,forest replenishment,6,-0.7112106286970206,0.02345007999758251
388,forest reserve,2,-0.7224422386322853,0.07104287881169272
389,forest service,6,-0.6843046050942654,0.0710788641705242
390,forested,4,0.7402297358382102,-1.2400779539127762
391,forested area,5,-0.6716345101742623,0.11570561891864191
392,forested landscape,5,-0.71663188138172,0.15239380865812877
393,forested site,6,-0.6730078292672425,0.0936065018690169
394,forestry,3,0.4281945260674187,-1.3875131315130933
395,fossil,7,1.5343538711826186,-0.27875877367298024
396,fragment,7,0.31335900499191355,0.580266737936145
397,fragmentation,3,0.2874370150650522,0.18620820261508828
398,fresh water,6,-0.6886112736330546,0.08756085051334174
399,freshwater,3,1.1922513636925547,-1.0180082063494902
400,fruit,1,0.4207713659052836,-0.5437620083625261
401,fuel,2,-0.02717967288402044,-0.4289210627316533
402,functional,7,0.12999440293196793,0.6965852922733572
403,functional biodiversity,0,-0.7597592481341687,0.11314098078757605
404,functional diversity,5,-0.6868789329930352,0.10002842528898871
405,functional group,4,-0.6540569315577515,0.06587863610419681
406,functional richnes,7,0.12999440293196793,0.6965852922733572
407,functional trait,4,-0.6708684416670563,0.06289867401062489
408,fungal,7,1.5707804250693447,0.41400257651459915
409,fungal community,2,-0.6535233024190845,0.057449158561969256
410,fungal community abundance,7,-0.6247791890422287,0.07812229471103321
411,fungal diversity,5,-0.6780269401580457,0.0649454887297384
412,fungal family,0,-0.6458992691505847,0.08090386437603228
413,fungi,7,1.654001698081421,0.13166567033150522
414,fungi community,2,-0.6632632938616247,0.08149729654761635
415,ga,5,-0.1428680820887661,0.09789561203787925
416,garden,4,0.3975121992621418,-1.0087680555092182
417,gene,7,1.7157119627467443,1.9634718454178015
418,genera,7,1.1910321626919538,0.37494981233452795
419,genetic,7,1.2424741659840204,1.202146783370569
420,genetic barcoding,5,-0.7053963537183263,0.09294591358626801
421,genetic content,6,-0.6946865893102788,0.09816225673148177
422,genetic diversity,5,-0.687306849658203,0.05032262877646856
423,genome,7,1.7841409474085963,1.5676361691890262
424,genome sequencing,5,-0.8769719398150246,0.13784537902357757
425,genu,5,-0.12732698559522868,0.7381402656701596
426,genus,7,1.6425761015768676,0.44575613958591565
427,geo,5,0.4187331846709692,0.018295149864005995
428,geographic,4,0.29870730779600546,0.278774225027515
429,geographic region,2,-0.6659412604992886,0.0632894150012356
430,geographical,4,0.3186394987183085,0.10870137587826138
431,geological,5,1.039178217301353,-0.3013304052111294
432,geology,4,0.9310565596852741,-0.40738760935058754
433,geos,3,-0.19508382857347756,0.13743280423286575
434,global change,5,-0.6524438133855008,0.07228512778600843
435,global change phenomena,5,-0.6306603328652934,0.08056666411858028
436,global temperature,2,-0.6398310021053913,0.033532767278607295
437,glycerol,7,1.3169235347647397,1.2665424863275885
438,grain,1,0.2960918618877065,-0.5393440069508806
439,grain size,3,-0.6897525609748334,0.08983726730605399
440,gras,5,0.1512202682317964,-0.06945721421843203
441,grass,4,0.5308970288046515,-1.0030543945284784
442,grassland,4,1.2796900812125371,-1.2557816748726687
443,grassy biome,0,-0.7610824361310193,0.11824946030394969
444,gravel,4,0.27812376350990997,-0.8467761912134624
445,grazing,3,0.759444096154762,-0.9998705819918794
446,green space,0,-0.639930787853429,0.10502473881609424
447,greenhouse,7,0.7910132178196986,-0.907647633293013
448,greenhouse ga,1,-0.6331313163408694,0.052995517362264905
449,greenland,4,0.04415534643503787,-0.4302170723707602
450,greya moth,7,0.9454840870660977,-0.5261995382703617
451,ground,6,-0.24950425626090564,-0.3878736535750535
452,ground-based plots,0,-0.6335494743428854,0.0730193171032409
453,groundwater,3,1.049506329470147,-1.1106512833614182
454,group,2,-0.5303238845559723,0.13362671329368922
455,grow,2,-0.10219226971424726,-0.17218202484492856
456,growing,4,-0.301380227966915,-0.1511487775809097
457,growing season,1,-0.6336405441592157,0.09166755485493938
458,grown,1,-0.26249145384667877,-0.1569705932203332
459,growth,2,-0.00703653007360175,0.04075146509425519
460,gut,7,0.1319988455810579,0.4928729550513123
461,h2o,3,-0.16973029409592474,-0.001621302730539421
462,habitat,3,1.5993391253477574,-1.3522504402026712
463,habitat degradation,0,-0.7368804957805217,0.03464459216275478
464,habitat fragmentation,5,-0.7913779338098162,0.13127858343281723
465,harbor,7,-0.04338441677160692,-0.4818527295694943
466,harvested forest,5,-0.7778024923379206,0.11436577693284038
467,heat,2,-0.029967974240344884,-0.169458135205256
468,heat combustion,1,-0.6915150023929396,0.0894748881497071
469,heat production,4,-0.6203673899048059,0.05859700346340269
470,heavy,2,-0.5730340719836458,-0.12770600291506312
471,heavy metal,1,-0.6822941809394072,0.07824916975351355
472,height,1,-0.21233959618686585,0.04944201637840329
473,herb,7,0.7636057338417434,-0.33318912976342635
474,herb layer,1,-0.7360512575340608,0.05258973718418154
475,herbivore,7,1.724369004695858,0.10221561441187055
476,herbivore diversity,6,-0.779171169914177,0.1350754543075252
477,herbivorous animal,5,-0.7207673122197366,0.09428600706897883
478,herbivory,7,1.5925873210483221,0.25815006818973085
479,herbivory class,2,-0.636322993165359,0.023926893499385336
480,heterocylic nitrogenous compound,0,-0.7354320752564296,0.03813635993622565
481,heterotrophic,7,0.5179969052811799,0.4475072727815481
482,holobiont communities,2,-0.06833359386383192,-0.42652020223381243
483,honey,7,0.4139632237210545,-0.4736583666300143
484,horizontal,7,0.19788162520700422,0.37376736090278834
485,horse,1,-0.1822297268874937,-0.42912130560442413
486,host,2,-0.5141099715626906,-0.026204763126497287
487,human,7,0.3363419405086637,0.1689501246878454
488,humid,2,0.3658443661988048,-0.7296635519987547
489,humidity,2,0.6008825333513814,-0.37881172862539314
490,humidity condition,4,-0.6532931837125953,0.07238970923024754
491,hydrology,3,1.0572205087121833,-0.8614980613184774
492,hydrothermal vent,1,-0.7873215567479475,0.06655687602460875
493,hypersaline,7,0.5601448957859002,-0.03641235082559117
494,ice,3,0.17419505838515145,-0.40613827326188195
495,ice storm,2,-0.6570154615707562,0.05626475332903448
496,ice-free land,4,-0.6329534827068288,0.07225455294931861
497,ileum,7,0.8296009021059053,0.9488733122954707
498,imbalance,5,0.13523448309479308,0.15353210067963982
499,immigration,6,-0.08945242096215424,-0.26118884278067844
500,index of organism name,3,-0.6415818626362143,0.07530410469299595
501,indicator,6,-0.06594542176769118,0.3412498516292567
502,individual,7,-0.2701343825888061,0.290826817960736
503,individual growth,6,-0.6380567089827253,0.09992752825765201
504,individual tree,0,-0.7268406111032506,0.10783700081251643
505,infrastructure,3,-0.12676846246383194,-0.4215308176093161
506,ingredient,1,0.25269474552986715,0.5154186874709008
507,inorganic,7,0.7548417297134766,0.7431840760389049
508,inorganic nitrogen,6,-0.6834281110776805,0.03283587154462687
509,insect,7,1.4722408514020648,-0.35950430696574914
510,insect herbivore microbiome,7,-0.5264976785141179,0.07323632789112754
511,insect pollination,0,-0.8625756777077087,0.18110324918445395
512,insect pollinator,0,-0.8606095514590699,0.18369565959208703
513,insect taxa,6,-0.8378666880439026,0.09401233494784161
514,intense,2,-0.4331180767527652,0.0045449436183246
515,intensity,0,-0.043279593762666047,0.22644073807647247
516,interaction,2,0.020489469687713,0.43307204484089185
517,intestine,7,1.1326132642840865,1.039835197737961
518,invasion,4,-0.04486380180501368,-0.20949618052414506
519,invertebrate,7,1.3409760559683304,0.08249549208757231
520,ion,7,0.2815213713130965,0.8350844541376813
521,iron,7,0.07507554017258038,0.2187989083535088
522,irrigation,3,0.6403510586072144,-1.3220609146226625
523,island,7,0.06516311537216399,-0.5724234357824869
524,kinetic energy,0,-0.6500776106755349,0.0638409893209858
525,land,4,0.014470766190064377,-1.00740377723756
526,land area,5,-0.670241680123985,0.09074896720526729
527,land cover,5,-0.6663544088362664,0.07800839858883163
528,land use,1,-0.6345951979945629,0.09589696223145229
529,land-use,1,-0.6345951979945629,0.09589696223145229
530,landscape,4,0.1834299381912764,-0.6125513099698014
531,landscape scale,5,-0.6826851968915292,0.09518791177326107
532,large,4,-0.26740155097716267,0.041648211264436366
533,large area,6,-0.6445626068532601,0.08509298854610065
534,latitude,1,0.012365776445223065,-0.06407820431820065
535,latitudinal,5,0.8904321324488164,0.23502988983994821
536,layer,3,0.26180754571656756,0.5350002678706975
537,leaf,7,0.5518625192344948,-0.3506183752110032
538,leaf area,2,-0.6531510997553516,0.05894929756655013
539,leaf length,7,-0.6194040948818178,0.1225389034310541
540,leaf penetration strength,4,-0.6346618858041843,0.06633920077327536
541,leaf surface,0,-0.6922225894927206,0.023794397743833892
542,leaf tensile strength,1,-0.6315718173358219,0.0798713095183989
543,leaf trait,0,-0.6682181340461344,0.05868747072007509
544,leafflower moth,7,0.9454840870660977,-0.5261995382703617
545,leave damage,1,-0.6333542130271387,0.0648912262049939
546,length,0,-0.21934056731622179,0.23983953790089305
547,lepidopteran phylogenetic diversity,3,-0.602691776435832,0.0800068647173339
548,life span study,7,-0.6341457649403721,0.08565203563284504
549,light,6,-0.3159414641643965,-0.015458679524586384
550,light condition,0,-0.6436158958015223,0.05847802676812735
551,liming,2,0.4953142434821347,-0.30509279040557413
552,lipid,7,1.5973487273537694,1.6338322858868461
553,liquid fuel,5,-0.6733456655746083,0.06454740917793973
554,live,0,-0.3976249811371635,-0.23157484599869554
555,living,2,-0.2409745143212178,-0.4197220364070842
556,living leaf,0,-0.6342383398852227,0.07533766997853138
557,living resource,0,-0.6354410742507671,0.06936824891107332
558,living tissue,4,-0.6786387509311754,0.07638526697651561
559,located in,7,-0.6152749610465353,0.09072059945493159
560,location,2,-0.19473162576380748,-0.07210533348806708
561,long,0,-0.45022087440817016,-0.08128845238493096
562,longevity study,0,-0.6740062987778825,0.04235332590719689
563,longitude,5,0.4252965260252262,0.19604748787606457
564,longitudinal,5,0.5139282942779215,1.127565455316104
565,low density,5,-0.6506005876124973,0.09965930234147256
566,lytic enzyme,0,-0.8053934660567327,0.07376058508573183
567,macroinvertebrate,3,0.4526801802269805,-0.026366346298440913
568,macronutrient,7,0.8997199232233652,0.8887229914230477
569,magnesium,7,0.7565773700891371,0.6061276356701149
570,magnetic,5,0.517150786855462,0.7502486468036816
571,magnetic field,4,-0.6608565384078594,0.09174156586302372
572,maize,1,0.825893979601648,-0.6880180727696216
573,male,1,-0.04822834385138647,0.25259147064571397
574,male sample size,6,-0.625114376867624,0.08595542184964967
575,mammal,7,1.3835373556623276,-0.3563672111389337
576,mammal specy,7,1.3835373556623276,-0.3563672111389337
577,mangrove,3,1.3541386653617329,-1.2423365715086898
578,manufacturing,0,-0.010419711981753104,-0.023800175148846383
579,marine,3,0.6472162378084189,-0.8530792873476277
580,marine benthic habitat,3,-0.5261014036375512,0.04905034788228489
581,marine biodiversity,6,-0.7308621118687286,0.0657220872158319
582,marine ecosystem,6,-0.8063572386401405,0.09231134819326635
583,marine environment,6,-0.6900600663317291,0.05894758772280656
584,marine protected area,1,-0.6284304743200175,0.07489340375318426
585,marsh,3,1.0508583409930279,-1.1826716592152209
586,mas,5,-0.398878887139826,0.19476366561855366
587,meadow,4,0.6411001803602936,-0.8568477616770513
588,measure,6,-0.29017784392114476,0.17269501369684256
589,measurement,0,0.1559077456588441,0.7067741401097238
590,meat,6,0.222485560178379,-0.3413337625792465
591,mechanism,5,0.257246662349798,0.6545029450586899
592,median life expectancy,7,-0.6285584908709487,0.06741614335418632
593,mediterranean sea,6,-0.7442706186978698,0.06530988662567476
594,metabolism,7,1.5784480620195833,1.5016550202223247
595,metabolite,7,1.4460550559938332,1.9765584381875203
596,metal,5,-0.12175708597507404,0.015527850408643632
597,metazoan,7,1.1386873435167995,0.7823937615216865
598,methane,7,1.3904522228238505,-0.22651219088319072
599,methane emission,5,-0.6821475491097929,0.07941137754364808
600,methane seep,1,-0.7860274078008651,0.10931949833196755
601,mg,7,0.4811639056822391,1.1353480932090625
602,microbe,7,1.7636629251128342,0.7856280215595912
603,microbe biomass,4,-0.8119075001543121,0.026427193266743858
604,microbial,7,2.031691528466269,0.8410032106501718
605,microbial activity,0,-0.693165311685506,-0.00874614931992943
606,microbial biomass,4,-0.768605707633729,0.04657971326568011
607,microbial biomass,4,-0.768605707633729,0.04657971326568011
608,microbial community,5,-0.6732000595735611,0.06627196932220669
609,microbial host,4,-0.6278719937975513,0.06613222516610695
610,microbiome,7,1.5170113689525633,0.9679555200994895
611,microbiota,7,1.9833646181552678,1.2220330868882507
612,microbiota richnes,7,1.9833646181552678,1.2220330868882507
613,microclimate,7,1.4032793753391137,-0.690842562320331
614,microorganism,7,1.9269432842929444,0.7599965352156324
615,minced meat,5,-0.6741260675269084,0.010026700199537653
616,mineral,7,0.6394040236935701,-0.2912042202776536
617,mineralisation rate,2,-0.21840064232720102,0.07837594901781311
618,minimum temperature,1,-0.7312181098564898,0.08714762944382405
619,mining,2,0.08806809726664303,-0.7126471082415619
620,mitigation,3,0.3511922070740062,-0.4883258003414147
621,mitochondrial dna,6,-0.7491106797964373,0.09935185653164579
622,mixed broad-leaved forest,5,-0.6328416838625175,0.0805766121184663
623,moisture,7,1.3175842209459974,-0.30734617594065916
624,moisture ,7,1.3175842209459974,-0.30734617594065916
625,molecular,7,1.5337654300623542,1.9565787923483016
626,molecular diversity,6,-0.6853674627220145,0.1091146662873359
627,monument,4,-0.09346778067893753,-0.6633452538158173
628,morphologically,7,1.4734120618997562,1.010233426963296
629,morphology,7,1.637182354585615,1.2548142579333976
630,mortality rate,1,-0.6327164562893492,0.09736697790460583
631,mosquito,7,0.9860717740976876,-0.6268902545356453
632,multi-trait,4,-0.6089014752862402,0.05903211924237512
633,n,6,-0.5459163078551901,0.08778137816358428
634,national biocapacity,7,-0.6128910120518933,0.09557390986708332
635,national forest,5,-0.6392991064938982,0.06521395128773813
636,national forest reserve,3,-0.6277895660058708,0.07417139191678225
637,national nature reserve,5,-0.6342340981602645,0.07592447490840615
638,national park,6,-0.6315320666428994,0.0817393758394791
639,native,4,-0.08166999911870504,-0.5805802013683541
640,natural,7,0.36439288906514256,-0.1732744331118627
641,natural enemy,6,-0.7118148165369587,0.09720605298098582
642,natural forest,1,-0.6861106213078266,0.0974144124231997
643,natural ga,0,-0.6533236915261217,0.061378897312455966
644,natural habitat,6,-0.7301403228535958,0.0983649053641048
645,natural system,5,-0.6648192801632864,0.0965076865064628
646,natural vegetation,6,-0.6924129596639734,0.12260344213468598
647,nature,2,0.13556342667428015,-0.11113156602393634
648,nature conservation,6,-0.6568781785699368,0.016226452533634975
649,nature reserve,2,-0.6644080471681778,0.009855753894451508
650,neighbour diversity,0,0.33122437478062666,-0.08607504915284735
651,neighbour richness,0,0.5155727309401132,0.007788382254312719
652,neotropical,7,0.8316171983164558,0.0754853168908242
653,neotropical herbivore,6,-0.7890950944627946,0.10846443858816494
654,nitrate,7,1.1258140115100401,0.14423443672125524
655,nitrification rate,0,-0.6796807201633003,0.05456752957680496
656,nitrogen,7,1.5099550875714314,-0.17512412271537092
657,nitrogen concentration,6,-0.7171516784792904,0.07655907279070728
658,nitrogen content,4,-0.6884617864485127,0.11144728964267545
659,nitrous oxide,0,-0.7062155138071122,0.08955128948366783
660,nitrous oxide emissions,0,-0.608572292094509,0.10539262876160196
661,non-exotic,7,-0.686991185793609,0.12263871145412855
662,non-trophic,4,-0.683813280687362,0.057518673953495206
663,north american zoo,5,-0.632134067405083,0.08413591470545129
664,nucleotide,7,1.667551269284947,2.0565892246377193
665,nutrient,7,1.730284612337401,0.207865025800582
666,nutrient cycling,6,-0.5970479088937592,0.07714820417438946
667,nutrient regeneration,5,-0.7744048827577311,0.040021864130125255
668,nutrient uptake,5,-0.7331386382994166,0.11431424436292748
669,o2,5,-0.3861470359056194,0.22747511284598387
670,o2 production,7,-0.606050088596673,0.11873843790840256
671,observation,5,-0.13025748774201215,0.14248409695716482
672,observed.div,4,-0.6551104941798744,0.02638448599308883
673,occurrence,5,0.167339964056417,0.20907040759662243
674,ocean,3,0.7112206312141398,-0.7260986253032485
675,ocean warming,5,-0.6368848547738624,0.07544650254564311
676,oceanic,5,1.0826904537345443,-0.06571674358670936
677,oceanic bathypelagic specy,5,1.0826904537345443,-0.06571674358670936
678,oil,3,0.16124152870736277,-0.5387948616078264
679,oil palm,6,-0.6975871166498747,0.1356570217648397
680,old,4,-0.5848762412765947,-0.18461664005932454
681,open,3,-0.5821442244093169,-0.18269601917690345
682,open water,6,-0.6365557241000079,0.06687841597234251
683,open-habitat,6,-0.7053219136380527,0.11127882091842801
684,organ,7,0.22779476245976696,0.2436552984323909
685,organic,7,0.558631127518783,-0.14988876827559447
686,organic carbon,1,-0.708546889294586,0.05540716196455923
687,organic carbon content,0,-0.6211709451850248,0.07872723906341163
688,organic compound,1,-0.6936906672396651,0.0689957153594311
689,organic nitrogen,5,-0.7132760682641318,0.08675951476955876
690,organic nitrogen content,0,-0.6159349750395268,0.07327138147634216
691,organic soil,6,-0.6862781617925277,0.09240206107545655
692,organic soil layer,7,-0.6019860827296813,0.08342222226002634
693,organism,7,1.7497595903269745,0.8133608330716631
694,organism count,5,-0.6939802970083095,0.08349731097519834
695,organization,2,-0.5081485888583203,0.040910526681058434
696,ornamental,4,0.6360003761609272,-0.6481622479225198
697,ornamental exotic plant,0,-0.6120617439408544,0.06962750983609234
698,overexploitation,3,1.3156231510993872,-0.9258259979698392
699,oxide,7,0.9965067932550471,0.6976907622290348
700,park,3,-0.12171870169302806,-0.8416777552335762
701,pathogen,7,1.8876088993835252,0.717312680198054
702,pelagic biomass,2,-0.7248112261563365,0.0759596873262244
703,penetration,0,-0.13426896482934864,0.3566767554707162
704,peptide,7,1.4609216587066798,2.1475156669663162
705,perimeter,4,-0.15787931218380197,-0.2883321587490606
706,perpendicular to,7,0.5479799423198494,0.5554646100857777
707,pet,2,-0.02609579971298879,-0.5071495910048506
708,ph,7,-0.29591519298235386,0.235486719397827
709,ph value,5,-0.6262518587529854,0.08186279422323793
710,ph-value,5,-0.6262518587529854,0.08186279422323793
711,phagocytosis,7,1.466842172645499,1.304834209103813
712,phenomena,5,0.4436303470763139,0.3378605011710276
713,photosynthetic,7,2.211829825263353,0.4930216267152461
714,photosynthetic o2 production,0,-0.6272828945530374,0.06812151115245635
715,photosynthetically,7,0.17957246021118925,0.11255472852516903
716,phylogenetic,7,1.8350017798009808,1.1387184782389412
717,phylogenetic independence,7,-0.6613088174680047,0.12055650436388717
718,phylogenetic tree,5,-0.8675975881684298,0.030378320995530093
719,phylogenies,7,0.9767017124384797,0.6049428414918951
720,phylogeny,7,1.7321571153694288,0.9928183047529441
721,phylum,7,1.3348734646237252,1.0027888476411129
722,physiological,7,1.2318342622052683,1.2369496326079503
723,physiological similarity,6,-0.6881275794606351,0.12287378379052102
724,place,6,-0.5300588885203508,-0.20518773304849044
725,plain,6,-0.4175629674077503,-0.0992637164190671
726,plant,7,0.36866337685696327,-0.5630135850482723
727,plant collection,1,-0.6566173838700345,0.07501788345363929
728,plant collection record,4,-0.6355501114414315,0.08281683295940938
729,plant community,7,-0.6636194103582658,0.09410316229086364
730,plant disease,4,-0.7144741055269882,0.016389432490087195
731,plant diversity,0,-0.6627867901083169,0.1346518077719885
732,plant family name,0,-0.6334374284000431,0.07244853409725577
733,plant height,5,-0.6575922633810481,0.11379684961760406
734,plant leaf,1,-0.7527043897968869,0.07878180447160198
735,plant nitrogen concentration,0,-0.6010060445977097,0.07416204816815283
736,plant performance,7,-0.5631109617330695,0.11600100825923855
737,plant population,6,-0.7230414393838777,0.09694499351265913
738,plant productivity,3,-0.6665772685501381,0.06196381493254697
739,plant propagation,0,-0.7436724890829942,0.021797242184239382
740,plant quality,1,-0.5972055611386438,0.1103627575767933
741,plant specy,7,0.36866337685696327,-0.5630135850482723
742,plant tissue,2,-0.7235002878802621,0.024249017690638863
743,plantation,4,0.4076552249497134,-1.0293253410865504
744,planted,1,0.15958052139390794,-0.7373059426098162
745,planted_specy,1,0.15958052139390794,-0.7373059426098162
746,planting,1,0.3467510661443555,-1.0239159824492619
747,plasmid,7,1.0793825129960484,1.634398444490647
748,plastic,2,-0.04247630811020754,-0.031167452832208828
749,plot,4,-0.12505406999753388,-0.2341615013131801
750,plot diversity,4,-0.6469827676622456,0.08325162338084677
751,plot name,7,-0.6187348848935456,0.09894459077678734
752,plot richness,2,-0.670966475439963,0.08064715834220194
753,policy measure,6,-0.6376580412524614,0.11871552275849342
754,pollen,7,1.665546919848127,-0.03834892431888403
755,pollination,3,1.7244243456813302,-0.5706594481988336
756,pollinator,7,1.6361796263363169,-0.31080969441475115
757,pollution,2,0.6272530401339148,-0.875159906215329
758,polyketide,7,0.4602213940541537,0.7006368729628072
759,polymorphism,7,1.4542681971271632,2.233940775831227
760,polyphenols,7,2.2114798159900415,1.4960453744568791
761,population,3,0.39933478353316104,-0.2417317673843247
762,position,2,-0.524141233197775,0.06890079946036504
763,potassium,7,1.4240717083976389,0.9395257614010686
764,potato leaf,0,-0.6975455966116987,0.0626507148222333
765,precipitation,5,1.3544443315700112,-0.8383929954717414
766,predation,3,1.2015182906125248,-0.28268435677171255
767,predator,7,0.6246160199679593,-0.3716928965454575
768,presence,4,-0.3183623914291622,0.15863331088770635
769,preservation,0,0.358920524225185,-0.5692525867522609
770,preserve,0,-0.10978077476961677,-0.4424699974632883
771,pressure,6,-0.48332875434498757,-0.023608172084517196
772,prey,5,0.021300904669421108,-0.2535194534273019
773,proces,7,-0.1011293161345249,0.17339172950078685
774,prominent,4,-0.6188842123653355,0.08932191008054771
775,protected area,6,-0.6517755049849409,0.09509771002133824
776,protection,2,-0.15983007581754868,-0.2078923839239689
777,protein,7,1.6113473022784357,1.836613429118302
778,protozoans,7,0.9495970849153528,0.2743393183753736
779,publication,6,-0.3830252674642721,0.18612565528903544
780,qualitative,0,-0.015996226395154692,0.36937938941313186
781,quality,0,-0.1903550372884307,0.0005066897739209133
782,quality control,1,-0.6576795816971808,0.1023660175280209
783,rain,3,0.2088643966090176,-1.131316687411615
784,rain gauge,0,-0.6180052314304915,0.0768618071265192
785,raindrops,5,0.34214575649406326,-0.3277293460281103
786,rainfall,3,1.2178428641320376,-1.4148585639818616
787,rainfall intensity,2,-0.656187539997325,0.08290420894953118
788,rainforest,3,1.0849226725459813,-1.4247996388647268
789,rainy,4,-0.17161667200535988,-1.1747740098264878
790,rainy season,1,-0.6388382172197277,0.11955110323162256
791,range,0,-0.3480328641781478,0.09594451538472873
792,rate,2,-0.21840064232720102,0.07837594901781311
793,ratio,0,-0.022079878326010167,0.4824194066976648
794,reasearch plot,6,-0.6811466375110048,0.09980371972662351
795,rectum,7,0.37427501606715324,0.7595170672871658
796,reduction,2,-0.08561935090675367,0.1657372454055782
797,reef,3,1.1121850810410205,-0.7837608797065706
798,regeneration,3,0.6385161178800182,-0.0111533851706587
799,region,3,-0.1641255206380718,-0.2914432035939199
800,renewable,7,0.4961439427616196,-0.5023538259061459
801,reproduction,7,0.8960843169832622,0.22248240282151555
802,reproduction of an organism,1,-0.6310181815781732,0.07735336527662101
803,reproductive,7,0.8555870220264835,0.17289382664294806
804,reptile,7,0.6900535709688196,-0.7480967105598308
805,research plot,5,-0.6620055665248945,0.12881710348680223
806,reserve,3,-0.1637285628804933,-0.45704324135871904
807,reservoir,3,0.6680032776978206,-0.557568400326713
808,resilience,1,-0.1286351428747948,0.017956774824404713
809,ribosomal,7,1.1194576031590944,1.4227856351680166
810,ribosomal rna,7,1.1194576031590944,1.4227856351680166
811,rice,1,0.47812810268585926,-0.7296015865205684
812,richness,0,0.5155727309401132,0.007788382254312719
813,riparian,3,1.2502581270658017,-1.297007010312952
814,river,3,0.44551409292735206,-1.0094354353646064
815,river fish,5,-0.7025988685074367,0.06193041707536342
816,rock,4,-0.14911025875560316,-0.24474701216648406
817,rock fragment,2,-0.692323919269795,0.03818424844426281
818,root,1,0.15048340415960926,0.03610307468125095
819,root intensity,7,-0.6475914985227392,0.1281126406687869
820,royal jelly,7,-0.6589481227466533,0.07951149993029445
821,s content,7,-0.5951385990894179,0.1149794615445413
822,saline,7,0.9331275162141967,-0.05704710632707199
823,saline soil,4,-0.7364872224051108,-0.022588481895650388
824,salinity,3,1.8553952934675892,-0.7584896466712548
825,salt,6,0.368035173818649,-0.42263139628315355
826,saltwater,7,0.7534342450543728,-0.6626416887652042
827,sample,0,0.16250618099211023,0.6923559069936815
828,sample size,2,-0.6937980026882903,0.07006568916543783
829,sampling,0,0.18944277935122272,0.31018315967261173
830,sampling period,2,-0.6392656358128138,0.08508927626690634
831,sand,4,0.16385773188063607,-0.6771711776081514
832,sand content,4,-0.6721429824432805,0.12769207323639156
833,sand dune,5,-0.7109344591376052,0.07528699850941638
834,savanna,4,1.2427382833105056,-1.0668313489404437
835,savannah,4,0.8544736816144077,-0.896723903823305
836,scientific name,5,-0.696025041629305,0.12153185481524197
837,scientific plant,0,-0.6926218005015096,0.04976566133716383
838,scientific plant species name,6,-0.6361196585066307,0.08151836755942696
839,scientific species fullname,1,-0.676461830093214,0.04800871109596332
840,scientific specy,5,0.46114196220064374,0.18252866023010222
841,se,6,-0.44298724570189124,0.2273446585316333
842,sea,3,0.37438023628458733,-0.707979068017438
843,sea ice,5,-0.6646411121277137,0.041378160623995276
844,sea ice cover,0,-0.6300371019904327,0.07245528543590456
845,sea level,0,-0.7081886668013263,0.09373447812927226
846,seafloor,7,1.323164315059609,-0.1795826251955489
847,season,1,-0.3299908730101531,-0.1303457769208334
848,secondary,0,-0.37655232209109357,0.11030374868976733
849,secondary forest,7,-0.6401185650002106,0.10295729978846348
850,sediment,3,1.6271709642259955,-0.4660227959489018
851,seed,7,0.330473872836208,-0.48495577228349374
852,seed predator,6,-0.7017362712629058,0.15175545990438236
853,seedling,7,1.1601456654629776,-0.7842963389419189
854,sensitive,2,-0.10701933293625161,0.10624213727026921
855,sensitivity,1,0.12516852181337595,0.688464077339024
856,sewage,7,0.4598470310237911,-0.8176655479417546
857,sex,2,-0.15150656219050435,0.008506772858050777
858,sexual,7,0.08215732709551264,0.22687212019323125
859,shallow,7,0.2623070880467361,-0.24947423091172463
860,shape,4,-0.199776948002508,0.12165100838195803
861,shore,3,-0.31311773494373674,-0.5938736529793798
862,shoreline,3,0.6148222084238356,-1.0779719583447445
863,short,0,-0.4474772359492887,-0.06759902926745251
864,shrub,7,1.164308417066285,-0.8231440498322063
865,silt,3,1.0875949059056955,-0.8399744041262425
866,site,4,-0.2930932170701241,-0.21623950225710958
867,size,0,-0.04011923651171663,0.23839514695512262
868,size distribution,6,-0.6743305757221455,0.09310637942746752
869,sky,4,-0.2444730919335921,-0.601410376118117
870,slope,4,0.35227275594241964,-0.4660830396609679
871,slug,7,-0.09338458243736246,0.07771410921277462
872,small,4,-0.3268690704137633,-0.03232708257283187
873,snow,4,0.08137157356508015,-0.8950459839876317
874,soil,4,0.7488922440172096,-0.6218824017425088
875,soil base,6,-0.6985988664067818,0.07780183074094058
876,soil carbon content,3,-0.626071543150174,0.07801293255446419
877,soil crust,0,-0.7884800743628589,0.007041215056583155
878,soil depth,5,-0.6800241608823354,0.1308395608228907
879,soil ecology,2,-0.6858935629697048,0.02241179499360978
880,soil erosion,6,-0.7230314137675513,0.04576033880070337
881,soil faunal biomass,3,-0.5773964019038467,0.06360353912225093
882,soil horizon,6,-0.688063009687963,0.09361491982322519
883,soil layer,0,-0.7861266275088649,0.0003667579353146578
884,soil lipid,0,-0.8367608263697565,-0.014163470837651328
885,soil microbe,0,-0.7578742641855591,-0.0052485987332900495
886,soil microbial community,2,-0.6302202299394849,0.07522869927637163
887,soil moisture,5,-0.7430818579138813,0.05415709099112444
888,soil nutrient,1,-0.790038586554551,0.026071326055964378
889,soil organic,6,-0.6862781617925277,0.09240206107545655
890,soil organic carbon,2,-0.6131489517623187,0.06611175067589678
891,soil organic carbon content,4,-0.6377508040097682,0.07961460900800303
892,soil profile,1,-0.6245045366344094,0.08430881155183749
893,soil property,7,-0.6201690262907381,0.10190853142960347
894,soil structure,6,-0.7561960234641634,0.06182210968114515
895,solid,0,-0.5025821681431726,0.11803933742484998
896,solid fuel,4,-0.6542383504203145,0.11684779926968805
897,soya bean,6,-0.7926403031590419,0.060855491003672546
898,space,2,-0.2989133377206107,-0.25339814398581384
899,spatial distribution,5,-0.6870094909367577,0.15677275394400364
900,speciation,7,2.268715581280035,0.8496793207327886
901,specie,7,0.9394605674669113,-0.32503936291585056
902,species,7,1.8773914980185478,-0.5320434909432881
903,species abundance,6,-0.7717230804250743,0.1032180256650415
904,species coexistence,6,-0.7574340011353604,0.10600876882888395
905,species common name,6,-0.6374099876320127,0.07791766566912349
906,species composition,6,-0.71172767844837,0.07535310624921271
907,species conservation,6,-0.6913892036783216,0.07284106469219594
908,species diversity,6,-0.7976661221443347,0.11858362999966102
909,species endangerment,5,-0.6847437109529699,0.11488540163322708
910,species fullname,7,1.8773914980185478,-0.5320434909432881
911,species interaction,6,-0.762731176673492,0.0722858970888674
912,species loss,0,-0.7093392818649822,0.14830037834784382
913,species name,3,-0.7201858319020972,0.07165024935303389
914,species richness,6,-0.7638945369453431,0.1075740250364248
915,species-rich,6,-0.6710189063043024,0.03931755919068763
916,speciman,1,-0.20514300733436458,0.08546434222170585
917,specimen,7,1.0039042760961507,0.16565137918796682
918,speed,0,-0.3664930523790027,0.1666272739377976
919,splash,4,-0.4942521505112544,-0.2359984693487699
920,spring,4,-0.24289255861458314,-0.29308116701007214
921,stability,2,-0.16095849892035166,0.018237811863248014
922,stability of ecosystem,6,-0.741631534461147,0.17236799871671074
923,steep slope,7,-0.6523860373477922,0.09910134722292577
924,stem,1,-0.2215404464078427,-0.13692890979454858
925,stomach,7,-0.10352568867269986,0.34998626778889524
926,stomatal,7,0.906082182401792,0.6012400667179287
927,storm,5,-0.16921283296771458,-0.615308075586342
928,straight,0,-0.6190367795427034,-0.1249817421976894
929,strain,7,-0.017196167438528392,0.4129963240694712
930,stream,3,-0.07423222494815129,-0.20925003107309909
931,strength,1,-0.43044268713474365,0.3138050945153449
932,structure,4,0.048070448671688665,0.27330778254635363
933,structured,2,-0.29370793817354723,0.2639468804537058
934,study,5,0.14426005241067877,0.4732397863386103
935,sub-saharan,7,-0.15326328989315222,0.12563972857524905
936,sub-tropical,3,-0.6588996807342581,0.07308833200254572
937,sub-tropical forest,0,-0.6289420101633991,0.07914827633468029
938,subplot,1,-0.21297280464974713,0.13846486076295106
939,subset,7,0.1014204114103448,1.0985274161408214
940,subtropical,7,1.1745690429242819,-0.575911136577341
941,subtropical forest,5,-0.7528140408182331,0.12188924461352187
942,subtropical forest ecosystem,3,-0.5639650089135272,0.04884341303948127
943,subtropics,7,1.0859724768747694,-0.28584940198065606
944,sugar,6,0.3327619317621098,-0.17522694476878073
945,sugar composition analysis,6,-0.6278230152375258,0.08034858506108525
946,sulphur content,0,-0.039300684758172964,0.4181680827816924
947,summer,4,-0.4455198772766112,-0.31553240879867855
948,surface,7,0.29666577719185155,0.0183385468013533
949,surface water,5,-0.6801213236374197,0.05697626647878831
950,system,2,-0.3325897310927436,0.16143989135259523
951,tag,1,-0.3793456160908573,0.27129452088994205
952,tannin,7,1.4852756850972397,0.5618434692699369
953,taxa,7,2.0885755661476044,0.5426349965052251
954,taxon,7,1.0411066702946723,0.40033272946331794
955,taxonomic,7,1.6135682709721642,0.40921255471529344
956,taxonomic ,7,1.6135682709721642,0.40921255471529344
957,taxonomic affiliation,5,-0.7750849285714188,0.1959000949032535
958,taxonomic change,3,-0.6435068090012345,0.09092883281639995
959,taxonomic diversity,5,-0.7883008304542383,0.09927545230783122
960,taxonomically,7,0.624797954423968,0.5077120399009692
961,taxonomy,7,0.8101784191889169,0.3523924890152378
962,temperate,7,0.7072311208123702,-0.5812206218980198
963,temperature,7,0.7699413778667501,0.1314538174298422
964,temporal,5,0.4343107753976404,0.7647749608668963
965,terrestrial,5,0.7297716255431382,0.05977601766352119
966,terrestrial ecosystem,6,-0.8217107726813982,0.05740719810940742
967,terrestrial vegetation,6,-0.796550925673873,0.036241867550902696
968,texture,0,0.7814666857396435,0.42005628622503444
969,the gutianshan national nature reserve,6,-0.6345300152184103,0.0788745867557047
970,the mediterranean sea,3,-0.6324778461013429,0.0789437180165602
971,thickness,0,0.8651176213529612,0.9929993769525792
972,time,6,-0.519747828329288,-0.020331510437825072
973,tissue,7,0.9556250907948657,0.7609871826496396
974,topography,4,0.936711663525739,-0.44799760632782865
975,total area,6,-0.6647939248657837,0.09206573224205046
976,total organic nitrogen content,6,-0.6374579565630728,0.07958491307099314
977,total soil organic carbon content,0,-0.6342235332913674,0.07920348819867175
978,total sulphur content,4,-0.6593947202746918,0.12048656135801487
979,toxic,7,0.35495489329959695,0.1316060375860456
980,toxicity,7,1.1913393101116796,0.9334815645285658
981,trait,1,0.32316647672788273,0.5236015479149109
982,trait evolution,5,-0.6673568159037057,0.0610628498463958
983,trait interrelationships,4,-0.7628665853546462,0.09575395224499567
984,trait variation,1,-0.7216052331974669,0.11894007269365672
985,treatment,0,-0.140353731117647,0.2366968938308837
986,tree,3,0.5360569999469021,-0.9137558060109979
987,tree age,7,-0.6409687511054664,0.09169435868985872
988,tree community,0,-0.6610404899232487,0.1233511823380201
989,tree diversity,6,-0.7303250719092282,0.13652263785535967
990,tree growth,4,-0.6544472986093811,0.09090857583858394
991,tree height,6,-0.6616735362375541,0.11841362430645695
992,tree layer,6,-0.7286518838916871,0.03464811532732465
993,tree quality,1,-0.6664498883689226,0.0954595374743585
994,tree species richness,3,-0.5989710686524669,0.0679091504172926
995,tree specy,3,0.5360569999469021,-0.9137558060109979
996,trench,4,0.17501481891542509,-0.18207489879846422
997,trophic,7,1.765040552438798,0.7790532360765954
998,trophic level,6,-0.7387365245701921,0.014822299436413569
999,trophic levels,0,-0.7121252720282741,0.028423334413336127
1000,tropic,7,0.7817373559681051,-0.015782032906030738
1001,tropical,7,0.8625933238120633,-0.7252507398368815
1002,tropical deforestation,6,-0.7587480405393046,0.1636828521005138
1003,tropical forest,6,-0.7753317600218719,0.16696661579750505
1004,tropical forest ecosystem,3,-0.5577226516302562,0.043825890481577055
1005,tropical place,1,-0.6586726098924741,0.11243140791522066
1006,un-harvested forest,4,-0.6323214064855815,0.06680414914341609
1007,underwater,3,0.25538562096941303,-0.6566240043969532
1008,variability,5,1.0657702436123797,0.6021604674368937
1009,variance,1,0.04063080868326611,0.08381321968413041
1010,vascular plant species,3,-0.5941197677205652,0.07294753275536148
1011,vascular plant specy,2,-0.7474727735108158,0.08149103385464816
1012,vegetable,4,0.3822906023057,-0.5976403053108464
1013,vegetated conditions,5,-0.6201417622383596,0.07595398194964939
1014,vegetation,3,1.607459354065844,-1.2488866839685753
1015,vegetation cover,2,-0.7406081444484197,0.0941278385935349
1016,vegetation factor,5,-0.7440773616895174,0.13557013423355455
1017,vegetation type,5,-0.7160630342782639,0.13111608728959467
1018,vertebrate,7,1.9281654652969922,0.7701504310576913
1019,vertical,4,0.03638091010765899,0.3411924526355214
1020,volatile compound,0,-0.6695708575045191,0.10324222758864324
1021,volcanic ash,1,-0.7402849693692812,0.09770272556917169
1022,volume,0,-0.06846427014448488,0.3510658365900232
1023,warm,2,-0.09844239568351296,-0.3196407908911294
1024,water,3,0.3631497010117508,-0.922549907530149
1025,water condition,4,-0.6542028655608932,0.053545609852768704
1026,water consumption,4,-0.6679115575792414,0.05293592759931805
1027,water depth,3,-0.6780573150720264,0.06542681803229755
1028,water quality,6,-0.6673817472793401,0.07081973379486216
1029,water resource,5,-0.6560621271970194,0.08201679010002769
1030,water resource region,7,-0.6271848976930625,0.07268917124408904
1031,weather,2,0.04022279530473727,-0.8762448179176442
1032,weather condition,4,-0.6257233415957588,0.09167380164549274
1033,weighed,6,-0.5334787067110414,-0.0028626459342942522
1034,weighing,6,-0.5023808294327751,0.008953379845762435
1035,weight,0,-0.026955758195250125,0.3880101348528931
1036,wetland,3,1.333098097055168,-1.4115867053123938
1037,width,0,0.3592312986830395,0.41256521471400076
1038,wildlife,3,0.9184939236563768,-1.669926524236427
1039,wind,4,-0.019966421838956333,-0.5856069501089672
1040,wood,4,0.34266093410937454,-0.6116472212333426
1041,woodland,4,0.7972657918662703,-1.3049031016491999
1042,woodland type,0,-0.6651340820315077,0.10876832494450682
1043,woody,7,1.1210588613956018,-0.4007842926743923
1044,woody plant,0,-0.7732454294630119,0.07168332215778332
1045,young,1,-0.5432831241360201,-0.09227921826169333
1046,young leaf,7,-0.5859258553795698,0.08178801162689948
1047,young tree,7,-0.6099363816512349,0.0977024976606794
