{"name":"cityofaustin_psx7-v95h","title":"Tree Planting Prioritization 2014","description":"This dataset shows U.S.\n\nThis dataset shows U.S. Census Tract (2010) boundaries containing tabular data related to tree planting priorities. Prioritization is based on 31 GIS datasets summarized into eight broad categories: public health & safety, air quality, environmental justice, water quality, critical places, forest replenishment, forest preservation & development impacts, and urban heat island. The City of Austin’s Tree Planting Prioritization serves as a decision support tool for locating tree planting sites for Austin’s October through March tree planting season.\n\nSource: https://data.austintexas.gov/d/psx7-v95h  \nLast updated at https://data.austintexas.gov/ : 2020-01-06","homepage":"https://data.world/cityofaustin/psx7-v95h","license":"PDDL","resources":[{"name":"geo_export_6782abdc_a810_49f0_a994_f870b95438cf","schema":{"fields":[{"name":"air_qual","title":"air_qual","type":"number","rdfType":"http://www.w3.org/2001/XMLSchema#decimal","dwSourceId":"air_qual"},{"name":"critical_p","title":"critical_p","type":"number","rdfType":"http://www.w3.org/2001/XMLSchema#decimal","dwSourceId":"critical_p"},{"name":"district","title":"district","type":"string","rdfType":"http://www.w3.org/2001/XMLSchema#string","dwSourceId":"district"},{"name":"ej","title":"ej","type":"number","rdfType":"http://www.w3.org/2001/XMLSchema#decimal","dwSourceId":"ej"},{"name":"geoid10","title":"geoid10","type":"integer","rdfType":"http://www.w3.org/2001/XMLSchema#integer","dwSourceId":"geoid10"},{"name":"health","title":"health","type":"number","rdfType":"http://www.w3.org/2001/XMLSchema#decimal","dwSourceId":"health"},{"name":"preserve","title":"preserve","type":"number","rdfType":"http://www.w3.org/2001/XMLSchema#decimal","dwSourceId":"preserve"},{"name":"replenish","title":"replenish","type":"number","rdfType":"http://www.w3.org/2001/XMLSchema#decimal","dwSourceId":"replenish"},{"name":"score","title":"score","type":"number","rdfType":"http://www.w3.org/2001/XMLSchema#decimal","dwSourceId":"score"},{"name":"shape_area","title":"shape_area","type":"number","rdfType":"http://www.w3.org/2001/XMLSchema#decimal","dwSourceId":"shape_area"},{"name":"shape_leng","title":"shape_leng","type":"number","rdfType":"http://www.w3.org/2001/XMLSchema#decimal","dwSourceId":"shape_leng"},{"name":"uhi","title":"uhi","type":"number","rdfType":"http://www.w3.org/2001/XMLSchema#decimal","dwSourceId":"uhi"},{"name":"water_qual","title":"water_qual","type":"number","rdfType":"http://www.w3.org/2001/XMLSchema#decimal","dwSourceId":"water_qual"}]},"path":"data/geo_export_6782abdc_a810_49f0_a994_f870b95438cf.csv","format":"csv"},{"name":"tree_planting_prioritization_2014_1","schema":{"fields":[{"name":"the_geom","title":"the_geom","type":"string","rdfType":"http://www.w3.org/2001/XMLSchema#string","dwSourceId":"the_geom"},{"name":"geoid10","title":"GEOID10","type":"integer","rdfType":"http://www.w3.org/2001/XMLSchema#integer","dwSourceId":"geoid10"},{"name":"district","title":"DISTRICT","type":"string","rdfType":"http://www.w3.org/2001/XMLSchema#string","dwSourceId":"district"},{"name":"health","title":"HEALTH","type":"number","rdfType":"http://www.w3.org/2001/XMLSchema#decimal","dwSourceId":"health"},{"name":"air_qual","title":"AIR_QUAL","type":"number","rdfType":"http://www.w3.org/2001/XMLSchema#decimal","dwSourceId":"air_qual"},{"name":"ej","title":"EJ","type":"number","rdfType":"http://www.w3.org/2001/XMLSchema#decimal","dwSourceId":"ej"},{"name":"water_qual","title":"WATER_QUAL","type":"number","rdfType":"http://www.w3.org/2001/XMLSchema#decimal","dwSourceId":"water_qual"},{"name":"critical_p","title":"CRITICAL_P","type":"number","rdfType":"http://www.w3.org/2001/XMLSchema#decimal","dwSourceId":"critical_p"},{"name":"replenish","title":"REPLENISH","type":"number","rdfType":"http://www.w3.org/2001/XMLSchema#decimal","dwSourceId":"replenish"},{"name":"preserve","title":"PRESERVE","type":"number","rdfType":"http://www.w3.org/2001/XMLSchema#decimal","dwSourceId":"preserve"},{"name":"uhi","title":"UHI","type":"number","rdfType":"http://www.w3.org/2001/XMLSchema#decimal","dwSourceId":"uhi"},{"name":"score","title":"SCORE","type":"number","rdfType":"http://www.w3.org/2001/XMLSchema#decimal","dwSourceId":"score"},{"name":"shape_leng","title":"Shape_Leng","type":"number","rdfType":"http://www.w3.org/2001/XMLSchema#decimal","dwSourceId":"shape_leng"},{"name":"shape_area","title":"Shape_Area","type":"number","rdfType":"http://www.w3.org/2001/XMLSchema#decimal","dwSourceId":"shape_area"}]},"path":"data/tree_planting_prioritization_2014_1.csv","format":"csv"},{"name":"original/geo_export_6782abdc-a810-49f0-a994-f870b95438cf.dbf","path":"original/geo_export_6782abdc-a810-49f0-a994-f870b95438cf.dbf","format":"dbf","mediatype":"application/dbf","bytes":174849},{"name":"original/geo_export_6782abdc-a810-49f0-a994-f870b95438cf.prj","path":"original/geo_export_6782abdc-a810-49f0-a994-f870b95438cf.prj","format":"prj","mediatype":"text/plain","bytes":212},{"name":"original/geo_export_6782abdc-a810-49f0-a994-f870b95438cf.shp","path":"original/geo_export_6782abdc-a810-49f0-a994-f870b95438cf.shp","format":"shp","mediatype":"application/x-shapefile","bytes":667044},{"name":"original/geo_export_6782abdc-a810-49f0-a994-f870b95438cf.shx","path":"original/geo_export_6782abdc-a810-49f0-a994-f870b95438cf.shx","format":"shx","mediatype":"application/x-shapefile","bytes":1700},{"name":"original/tree-planting-prioritization-2014-1.csv","path":"original/tree-planting-prioritization-2014-1.csv","format":"csv","mediatype":"text/csv","bytes":1611823},{"name":"original/tree-planting-prioritization-2014-2-2.xml","path":"original/tree-planting-prioritization-2014-2-2.xml","format":"xml","mediatype":"application/xml","bytes":1783966}],"keywords":["tree","planting","prioritization","urban forestry","arborist","environment","urban","forest","master plan","locations and maps"]}