{"name":"data-ny-gov_vk8g-ypxi","title":"Breeding Bird Atlases","description":"New York State’s first and second breeding bird atlases documented the distribution of the state’s avifauna during...\n\nNew York State’s first and second breeding bird atlases documented the distribution of the state’s avifauna during two distinct time periods: 1980-1985 and 2000-2005. Over 4,300 individuals submitted data during the first atlas yielding a final, cumulative dataset of over 361,583 records. Over 1,200 individuals submitted data for the second atlas project, resulting in a final database of 519,570 records.\n\nSource: https://data.ny.gov/d/vk8g-ypxi  \nLast updated at https://data.ny.gov/data.json : 2019-06-10  \nBefore using the data, download the Terms of Service, https://data.ny.gov/download/77gx-ii52/application/pdf, to read the data license requirements.","homepage":"https://data.world/data-ny-gov/vk8g-ypxi","license":"Other","resources":[{"name":"breeding_bird_atlases_1","schema":{"fields":[{"name":"fed_region","title":"Fed. Region","type":"integer","rdfType":"http://www.w3.org/2001/XMLSchema#integer","dwSourceId":"fed_region"},{"name":"block_id","title":"Block ID","type":"string","rdfType":"http://www.w3.org/2001/XMLSchema#string","dwSourceId":"block_id"},{"name":"map_link","title":"Map Link","type":"string","rdfType":"http://www.w3.org/2001/XMLSchema#anyURI","dwSourceId":"map_link"},{"name":"county","title":"County","type":"string","rdfType":"http://www.w3.org/2001/XMLSchema#string","dwSourceId":"county"},{"name":"common_name","title":"Common Name","type":"string","rdfType":"http://www.w3.org/2001/XMLSchema#string","dwSourceId":"common_name"},{"name":"scientific_name","title":"Scientific Name","type":"string","rdfType":"http://www.w3.org/2001/XMLSchema#string","dwSourceId":"scientific_name"},{"name":"nys_protection_status","title":"NYS Protection Status","type":"string","rdfType":"http://www.w3.org/2001/XMLSchema#string","dwSourceId":"nys_protection_status"},{"name":"family_name","title":"Family Name","type":"string","rdfType":"http://www.w3.org/2001/XMLSchema#string","dwSourceId":"family_name"},{"name":"family_description","title":"Family Description","type":"string","rdfType":"http://www.w3.org/2001/XMLSchema#string","dwSourceId":"family_description"},{"name":"breeding_behavior","title":"Breeding Behavior","type":"string","rdfType":"http://www.w3.org/2001/XMLSchema#string","dwSourceId":"breeding_behavior"},{"name":"month","title":"Month","type":"integer","rdfType":"http://www.w3.org/2001/XMLSchema#integer","dwSourceId":"month"},{"name":"day","title":"Day","type":"integer","rdfType":"http://www.w3.org/2001/XMLSchema#integer","dwSourceId":"day"},{"name":"year","title":"Year","type":"gyear","rdfType":"http://www.w3.org/2001/XMLSchema#gYear","dwSourceId":"year"},{"name":"breeding_status","title":"Breeding Status","type":"string","rdfType":"http://www.w3.org/2001/XMLSchema#string","dwSourceId":"breeding_status"},{"name":"date","title":" Date","type":"date","rdfType":"http://www.w3.org/2001/XMLSchema#date","dwSourceId":"date"}]},"path":"data/breeding_bird_atlases_1.csv","format":"csv"},{"name":"original/breeding-bird-atlases-1.csv","path":"original/breeding-bird-atlases-1.csv","format":"csv","mediatype":"text/csv","bytes":195687269}],"keywords":["breeding","bird","atlas","new","york","state","distribution","first","second","1st","2nd","1980","1985","2000","2005","energy environment"]}