,,1.                                                                Aquaculture Production Business,2. Registration Number,3.                         Geographical position & co-ordinate system,,4. Species kept,,,,,,,,,,,,5. Recognised health status,,,,,,,,,,,,,,,,,,,,,,,,,,,,,,,,6. Farm Type,,,,,,,,,,,7. Farm Production,,,,,,,,,,,,,,,,,,,,
,,,,,,,,,,,,,,,,,,,,,,,,,,,,,,,,,,,,,,,,,,,,,,,,,,,,,,,,,,,,,,,,,,,,,,,,,,,,,,,,,
,Last Updated 07/10/2015,,,,,         4.1.1        Viral haemorrhagic septicaemia        (VHS),,,4.1.2  Infectious haematopoietic necrosis (IHN),,, 4.1.3       Koi       herpes      virus    (KHV),,,4.1.4  Infectious salmon anaemia (ISA),,,           5.1.1           Viral haemorrhagic septicaemia (VHS),,,,5.1.2       Infectious haematopoietic necrosis (IHN),,,,           5.1.3                     Koi              herpes virus            (KHV),,,,5.1.4  Infectious salmon anaemia (ISA),,,,5.1.5  Infectious pancreatic necrosis (IPN),,,,5.1.6  Gyrodactylus salaris (GS),,,,    5.1.7         Bacterial kidney disease (BKD),,,,          5.1.8             Other diseases,,,,,,,,,,,,,,,,,,,,,,,,,,,,,,,,,,,
County,Name of the Aquaculture Production business / farm,Address or location of the farm,,Longitude decimal degrees,Latitude decimal degrees,"No, Susceptible or vector species present       ",Susceptible species present,Vector species present,"No, Susceptible or vector species present", Susceptible species present, Vector species present,"No, Susceptible or vector species present ",Susceptible species present,Vector species present,"No, Susceptible or vector species present",Susceptible species present,Vector species present, Declared disease free, Under Surveillance programme,Not known to be infected,Other,Declared disease free,Under Surveillance programme,Not known to be infected,Other,Declared disease free,Under Surveillance programme,Not known to be infected,Other,Declared disease free,Under Surveillance programme,Not known to be infected,Other,Declared disease free, Under Surveillance programme,Not known to be infected,Other,Declared disease free,Under Surveillance programme,Not known to be infected,Other,Declared disease free,Under Surveillance programme, Not known to be infected,Other,Declared disease free,Under Surveillance programme,Not known to be infected,Other,Saltwater Cages / enclosures / pens,Saltwater ponds, Saltwater tanks / raceways,Saltwater closed (recirculation),Freshwater cages / enclosures / pens,Freshwater ponds,Freshwater tanks / raceways,Freshwater closed (recirculation),Research facility,Quarantine Facility,Other, Hatchery,Nursery,Brood Stock,Grow out for human consumption,Put & Take fisheries, Other,,,,,,,,,,,,,,,
Cavan,PDS Irish Waters Ltd,"Knockaughey, Corlesmore, Ballinagh, Co. Cavan",002 - FHA,-7.50854,53.90173,a,,,a,,,a,,,a,,,a,,,,a,,,,a,,,,a,,,,,,,,a,,,,a,,,,,,,,,,,,,a,a,,,,,a,a,a,,,,,,,,,,,,,,,,,,
Clare,City Analysts Ltd,"Shannon Town Centre, Shannon, Co. Clare",602 - FHA,-8.92303,52.70043,,a,,,a,,a,,,,a,,a,,,,a,,,,a,,,,a,,,,,,,,a,,,,a,,,,,,,,,,a,,,,a,,a,,,,,,,,a,,,,,,,,,,,,,,,
Clare,"Scariff, Whitegate & Mountshannon Angling Club ","Cappabane, Scariff, Co. Clare",005 - FHA,-8.50244,52.94531,a,,,,a,,a,,,,a,,a,,,,a,,,,a,,,,a,,,,,,,,a,,,,a,,,,,,,,,,,,,,a,,,,,a,,,,,,,,,,,,,,,,,,,,
Cork,Aquaculture & Fisheries Development Centre,"Aquaculture & Fisheries Development Centre, UCC, Co. Cork",006 - FHA,-8.49156,51.89173,a,,,,a,,a,,,,,,a,,,,a,,,,a,,,,a,,,,,,,,a,,,,a,,,,,,,,,,,a,,,,a,a,,,,,,,,a,,,,,,,,,,,,,,,
Cork,Araglen Valley Trout Farm Ltd. ,"Araglen, Kilworth, Co. Cork",007 - FHA,-8.13331,52.20090,,a,,,a,,a,,,,a,,a,,,,a,,,,a,,,,a,,,,,,,,a,,,,a,,,,,,,,,,,,,a,a,,,,,a,,,a,,,,,,,,,,,,,,,,,
Cork,Daiti O Murchu Research Station ,"Daiti O Murchu Research Station, Gearhies, Bantry, Co. Cork",008 - FHA,-9.58389,51.63500,a,,,,a,,a,,,,a,,a,,,,a,,,,a,,,,a,,,,,,,,a,,,,a,,,,,,,,,,a,,,,,,,a,,,,,,,,,,,,,,,,,,,,,,
Cork,Douglas Valley Hatchery Ltd,"Kilclough, Kilworth, Co. Cork",009 - FHA,-8.22554,52.17282,a,,,,a,,a,,,,a,,a,,,,a,,,,a,,,,a,,,,,,,,a,,,,a,,,,,,,,,,,,,,a,,,,,a,a,,,,,,,,,,,,,,,,,,,
Cork,ESB Fisheries Conservation ," ESB Salmon Hatchery,Carrigadrohid, Macroom Co. Cork",010 - FHA,-8.86081,51.89698,a,,,,a,,a,,,,a,,a,,,,a,,,,a,,,,a,,,,,,,,a,,,,a,,,,,,,,,,,,,,a,,,,,a,a,a,,,,,,,,,,,,,,,,,,
Cork,Murphys Irish Seafood Ltd,"Cuan Boui, Gearhies, Bantry, Co Cork",011 - FHA,-9.58607,51.65015,a,,,,a,,a,,,,a,,a,,,,a,,,,a,,,,a,,,,,,,,a,,,,a,,,,,,,,a,,,,,,,,,,,,,,a,,,,,,,,,,,,,,,,,
Cork,Murphys Irish Seafood Ltd,"Borlin Hatchery, Derrynafinchin, Borlin, Co. Cork",012 - FHA,-9.39422,51.79640,a,,,,a,,a,,,,a,,a,,,,a,,,,a,,,,a,,,,,,,,a,,,,a,,,,,,,,,,,,,,a,,,,,a,,,,,,,,,,,,,,,,,,,,
Cork,Inland Fisheries Ireland,"Lough Allua, Ballingeary, Co. Cork",015 - FHA,-9.20340,51.84094,a,,,,a,,a,,,,a,,a,,,,a,,,,a,,,,a,,,,,,,,a,,,,a,,,,,,,,,,,,a,,,,,,,,a,,,,,,,,,,,,,,,,,,,
Cork,Marine Harvest Ireland Ltd.,"Roancarriag, Castletownbere, Co.Cork",040 - FHA,-9.77682,51.65627,a,,,,a,,a,,,,a,,a,,,,a,,,,a,,,,a,,,,,,,,a,,,,a,,,,,,,,a,,,,,,,,,,,,,,a,,,,,,,,,,,,,,,,,
Cork,Marine Harvest Ireland Ltd.,"Innishfinard, Castletownbere, Co.Cork",041 - FHA,-10.00767,51.71200,a,,,,a,,a,,,,a,,a,,,,a,,,,a,,,,a,,,,,,,,a,,,,a,,,,,,,,a,,,,,,,,,,,,,,a,,,,,,,,,,,,,,,,,
Cork,Marine Harvest Ireland Ltd.,"Waterfall, Curryglass, Waterfall, Beara, Co. Cork",043 - FHA,-9.82666,51.65374,,a,,,a,,a,,,,a,,a,,,,a,,,,a,,,,a,,,,,,,,a,,,,a,,,,,,,,a,,,,,,,,,,,,,,a,,,,,,,,,,,,,,,,,
Cork,Marine Harvest Ireland Ltd.,"Palmer Point, Curryglass, Waterfall, Beara, Co. Cork",044 - FHA,-9.80637,51.64506,,a,,,a,,a,,,,a,,a,,,,a,,,,a,,,,a,,,,,,,,a,,,,a,,,,,,,,a,,,,,,,,,,,,,,a,,,,,,,,,,,,,,,,,
Cork,Marine Harvest Ireland Ltd.,"Ahabeg Sea Site, Ahabeg, Co.Cork",550 - FHA,-9.754158,51.66101,a,,,,a,,a,,,,a,,a,,,,a,,,,a,,,,a,,,,,,,,a,,,,a,,,,,,,,a,,,,,,,,,,,,,,a,,,,,,,,,,,,,,,,,
Donegal,Buncrana Anglers Association,"BAA Salmon Broodstock Hatchery, Sladran Glen, Buncrana, Co. Donegal",016 - FHA,-7.44586,55.18429,a,,,,a,,a,,,,a,,a,,,,a,,,,a,,,,a,,,,,,,,a,,,,a,,,,,,,,,,,,,,a,,,,,a,,a,,,,,,,,,,,,,,,,,,
Donegal,Marine Harvest Ireland Ltd.,"Whelans, Inver Bay, Co. Donegal",557 - FHA,-8.31328,54.62650,a,,,,a,,a,,,,a,,a,,,,a,,,,a,,,,a,,,,,,,,a,,,,a,,,,,,,,a,,,,,,,,,,,,,,a,,,,,,,,,,,,,,,,,
Donegal,Eany Fish Products Ltd.,"Pier Site, Inver Bay, Co. Donegal",022 - FHA,-8.29884,54.63556,,a,,,a,,a,,,,a,,a,,,,a,,,,a,,,,a,,,,,,,,a,,,,a,,,,,,,,a,,,,,,,,,,,,,,a,,,,,,,,,,,,,,,,,
Donegal,Marine Harvest Ireland Ltd.,"Kindrum Freshwater Unit, Kindrum, Letterkenny, Co. Donegal",023 - FHA,-7.70325,55.22494,a,,,,a,,a,,,,a,,a,,,,a,,,,a,,,,a,,,,,,,,a,,,,a,,,,,,,,,,,,,,a,,,,,a,,a,,,,,,,,,,,,,,,,,,
Donegal,Marine Harvest Ireland Ltd.,"Pettigo Freshwater Smolt Unit, Teivetooey, Pettigo, Co. Donegal",024 - FHA,-7.85864,54.63326,a,,,,a,,a,,,,a,,a,,,,a,,,,a,,,,a,,,,,,,,a,,,,a,,,,,,,,,,,,,,a,,,,,a,a,,,,,,,,,,,,,,,,,,,
Donegal,Marine Harvest Ireland Ltd.,"Altan Freshwater Smolt Unit, Procklis, Falcarragh, Co. Donegal ",025 - FHA,-8.09925,55.08102,a,,,,a,,a,,,,a,,a,,,,a,,,,a,,,,a,,,,,,,,a,,,,a,,,,,,,,,,,,,,a,,,,,a,a,,,,,,,,,,,,,,,,,,,
Donegal,Marine Harvest Ireland Ltd.,"Milford Marine Site, Mulroy Bay",026 - FHA,-7.69032,55.11760,a,,,,a,,a,,,,a,,a,,,,a,,,,a,,,,a,,,,,,,,a,,,,a,,,,,,,,a,,,,,,,,,,,,,,a,,,,,,,,,,,,,,,,,
Donegal,Marine Harvest Ireland Ltd.,"Cranford Sea Site A  Mulroy Bay, Co Donegal",027 - FHA,-7.69648,55.16017,a,,,,a,,a,,,,a,,a,,,,a,,,,a,,,,a,,,,,,,,a,,,,a,,,,,,,,a,,,,,,,,,,,,,,a,,,,,,,,,,,,,,,,,
Donegal,Marine Harvest Ireland Ltd.,"Cranford Sea B, Mulroy Bay, Co. Donegal",028 - FHA,-7.70280,55.17317,a,,,,a,,a,,,,a,,a,,,,a,,,,a,,,,a,,,,,,,,a,,,,a,,,,,,,,a,,,,,,,,,,,,,a,,,,,,,,,,,,,,,,,,
Donegal,Marine Harvest Ireland Ltd.,"Cranford Sea Site C, Mulroy Bay, Co. Donegal",029 - FHA,-7.68943,55.14978,a,,,,a,,a,,,,a,,a,,,,a,,,,a,,,,a,,,,,,,,a,,,,a,,,,,,,,a,,,,,,,,,,,,,,a,,,,,,,,,,,,,,,,,
Donegal,Marine Harvest Ireland Ltd.,"Kindrum Sea Site, Mulroy Bay, Co. Donegal",030 - FHA,-7.70742,55.22455,a,,,,a,,a,,,,a,,a,,,,a,,,,a,,,,a,,,,,,,,a,,,,a,,,,,,,,a,,,,,,,,,,,,,,a,,,,,,,,,,,,,,,,,
Donegal,Marine Harvest Ireland Ltd.,"Moross 1 & 2, Mulroy Bay, Co. Donegal",031 - FHA,-7.70963,55.18838,a,,,,a,,a,,,,a,,a,,,,a,,,,a,,,,a,,,,,,,,a,,,,a,,,,,,,,a,,,,,,,,,,,,,,a,,,,,,,,,,,,,,,,,
Donegal,Marine Harvest Ireland Ltd.,"Millstone, Mulroy Bay, Co.Donegal",032 - FHA,-7.75602,55.19112,a,,,,a,,a,,,,a,,a,,,,a,,,,a,,,,a,,,,,,,,a,,,,a,,,,,,,,a,,,,,,,,,,,,,,a,,,,,,,,,,,,,,,,,
Donegal,Marine Harvest Ireland Ltd.,"Glinsk, Mulroy Bay, Co.Donegal",033 - FHA,-7.78068,55.20063,a,,,,a,,a,,,,a,,a,,,,a,,,,a,,,,a,,,,,,,,a,,,,a,,,,,,,,a,,,,,,,,,,,,,,a,,,,,,,,,,,,,,,,,
Donegal,Marine Harvest Ireland Ltd.,"Anny Point, Lough Swilly, Co.Donegal",034 - FHA,-7.55020,55.15848,a,,,,a,,a,,,,a,,a,,,,a,,,,a,,,,a,,,,,,,,a,,,,a,,,,,,,,a,,,,,,,,,,,,,,a,,,,,,,,,,,,,,,,,
Donegal,Millbrook Salmon Hatcheries Ltd,"Drumcavney, Trentagh, Letterkenny, Co.Donegal",045 - FHA,-7.85308,54.99137,a,,,,a,,a,,,,a,,a,,,,a,,,,a,,,,a,,,,,,,,a,,,,a,,,,,,,,,,,,,,a,,,,,a,,,,,,,,,,,,,,,,,,,,
Donegal,Ocean Farm Ltd ,"Inver Bay, Co Donegal",046 - FHA,-8.36943,54.59759,a,,,,a,,a,,,,a,,a,,,,a,,,,a,,,,a,,,,,,,,a,,,,a,,,,,,,,a,,,,,,,,,,,,,,a,,,,,,,,,,,,,,,,,
Donegal,Ocean Farm Ltd ,"McSwynes Bay, Co. Donegal",047 - FHA,-8.43104,54.61707,a,,,,a,,a,,,,a,,a,,,,a,,,,a,,,,a,,,,,,,,a,,,,a,,,,,,,,a,,,,,,,,,,,,,,a,,,,,,,,,,,,,,,,,
Donegal,Salmo Salar Ltd  ,"ESB Ballyshannon Hatchery, Knather Road, Ballyshannon, Co. Donegal",048 - FHA,-8.17745,54.50093,a,,,,a,,a,,,,a,,a,,,,a,,,,a,,,,a,,,,,,,,a,,,,a,,,,,,,,,,,,,a,a,,,,,a,,a,,,,,,,,,,,,,,,,,,
Donegal,Marine Harvest Ireland Ltd.,"Creevin, Inver Bay, Co. Donegal",573- FHA,-8.297167,54.623444,a,,,,a,,a,,,,a,,a,,,,a,,,,a,,,,a,,,,,,,,a,,,,a,,,,,,,,a,,,,,,,,,,,,,,a,,,,,,,,,,,,,,,,,
Galway,Delphi Fishery Ltd,"Delphi, Leenane, Co. Galway ",057 - FHA,-9.74700,53.63222,a,,,,a,,a,,,,a,,a,,,,a,,,,a,,,,a,,,,,,,,a,,,,a,,,,,,,,,,,,,,a,,,,,a,,a,,,a,,,,,,,,,,,,,,,
Galway,Derrylea Holdings Ltd.,"Lough Fee, Letteretterin, Renvyle, Co. Galway ",059 - FHA,-9.83500,53.59096,a,,,,a,,a,,,,a,,a,,,,a,,,,a,,,,a,,,,,,,,a,,,,a,,,,,,,,,,,,a,,,,,,,,a,,,,a,,,,,,,,,,,,,,,
Galway,Galway Atlantaquaria,"Galway Atlantaquaria, Salthill, Co. Galway",060 - FHA,-9.07394,53.26004,,a,a,,a,a,,a,,,a,,a,,,,a,,,,a,,,,a,,,,,,,,a,,,,a,,,,,,,,,,,a,,,,a,,a,,,,,,,a,,,,,,,,,,,,,,,
Galway,Mannin Bay Salmon Co. Ltd,"Hawks Nest, Clifden Bay, Clifden, Co. Galway",063 - FHA,-10.06833,53.48500,a,,,,a,,a,,,,a,,a,,,,a,,,,a,,,,a,,,,,,,,a,,,,a,,,,,,,,a,,,,,,,,,,,,,,a,,,,,,,,,,,,,,,,,
Galway,Mannin Bay Salmon Co. Ltd,"Curhownagh, Mannin Bay, Clifden, Co. Galway",064 - FHA,-10.08469,53.46578,a,,,,a,,a,,,,a,,a,,,,a,,,,a,,,,a,,,,,,,,a,,,,a,,,,,,,,a,,,,,,,,,,,,,,a,,,,,,,,,,,,,,,,,
Galway,Mannin Bay Salmon Co. Ltd,"Freaghillaun, Ballinakill Bay, Clifden, Co. Galway",065 - FHA,-10.03460,53.57654,a,,,,a,,a,,,,a,,a,,,,a,,,,a,,,,a,,,,,,,,a,,,,a,,,,,,,,a,,,,,,,,,,,,,,a,,,,,,,,,,,,,,,,,
Galway,Mannin Bay Salmon Co. Ltd,"Ballinakill Inner, Ballinakill Bay, Clifden, Co. Galway ",066 - FHA,-10.00100,53.56500,a,,,,a,,a,,,,a,,a,,,,a,,,,a,,,,a,,,,,,,,a,,,,a,,,,,,,,a,,,,,,,,,,,,,,a,,,,,,,,,,,,,,,,,
Galway,Mannin Bay Salmon Co. Ltd,"Ardbear, Ardbear Bay, Clifden, Co. Galway",067 - FHA,-10.04833,53.47667,a,,,,a,,a,,,,a,,a,,,,a,,,,a,,,,a,,,,,,,,a,,,,a,,,,,,,,a,,,,,,,,,,,,,,a,,,,,,,,,,,,,,,,,
Galway,Mannin Bay Salmon Co. Ltd,"Lake Beaghcauneen, Ballinaboy, Clifden, Co.Galway",068 - FHA,-9.98843,53.45727,a,,,,a,,a,,,,a,,a,,,,a,,,,a,,,,a,,,,,,,,a,,,,a,,,,,,,,,,,,a,,,,,,,,a,,,,,,,,,,,,,,,,,,,
Galway,Mannin Bay Salmon Co. Ltd,"Letterard, Bertraghboy Bay, Carna, Co. Galway",069 - FHA,-9.86333,53.37500,a,,,,a,,a,,,,a,,a,,,,a,,,,a,,,,a,,,,,,,,a,,,,a,,,,,,,,a,,,,,,,,,,,,,,a,,,,,,,,,,,,,,,,,
Galway,Bradan Beo Teoranta,"Oileain Iarthach, Lettercallow Pier, Lettermore, Co Galway ",583 - FHA,-9.73810,53.28695,a,,,,a,,a,,,,a,,a,,,,a,,,,a,,,,a,,,,,,,,a,,,,a,,,,,,,,a,,,,,,,,,,,,,,a,,,,,,,,,,,,,,,,,
Galway,Bradan Beo Teoranta,"Knock, Cill Chiarian Bay, Co. Galway",584 - FHA,-9.71101,53.27038,a,,,,a,,a,,,,a,,a,,,,a,,,,a,,,,a,,,,,,,,a,,,,a,,,,,,,,a,,,,,,,,,,,,,,a,,,,,,,,,,,,,,,,,
Galway,Bradan Beo Teoranta,"Ardmore,Kilkieran, Co.Galway",587- FHA,-9.78146,53.28006,a,,,,a,,a,,,,a,,a,,,,a,,,,a,,,,a,,,,,,,,a,,,,a,,,,,,,,a,,,,,,,,,,,,,,a,,,,,,,,,,,,,,,,,
Galway,Bradan Beo Teoranta,"Golam, Lettermullen, Co. Galway",585 - FHA,-9.75931,53.23720,a,,,,a,,a,,,,a,,a,,,,a,,,,a,,,,a,,,,,,,,a,,,,a,,,,,,,,a,,,,,,,,,,,,,,a,,,,,,,,,,,,,,,,,
Galway,Bradan Beo Teoranta,"Cuigeal, Lettermullen, Co. Galway",586- FHA,-9.70730,53.22897,a,,,,a,,a,,,,a,,a,,,,a,,,,a,,,,a,,,,,,,,a,,,,a,,,,,,,,a,,,,,,,,,,,,,,a,,,,,,,,,,,,,,,,,
Galway,Bradan Beo Teoranta,"Bir Beg, Ardmore, Kilkieran, Co.Galway",588 - FHA,-9.76637,53.29956,a,,,,a,,a,,,,a,,a,,,,a,,,,a,,,,a,,,,,,,,a,,,,a,,,,,,,,a,,,,,,,,,,,,,,a,,,,,,,,,,,,,,,,,
Galway,Bradan Beo Teoranta,"Na Meachain, Lettermullen, Co. Galway",589 - FHA,-9.83088,53.23966,a,,,,a,,a,,,,a,,a,,,,a,,,,a,,,,a,,,,,,,,a,,,,a,,,,,,,,a,,,,,,,,,,,,,,a,,,,,,,,,,,,,,,,,
Galway,Bradan Beo Teoranta,"Dinish, Lettermullen, Co. Galway",556 - FHA,-9.74331,53.26755,a,,,,a,,a,,,,a,,a,,,,a,,,,a,,,,a,,,,,,,,a,,,,a,,,,,,,,a,,,,,,,,,,,,,,a,,,,,,,,,,,,,,,,,
Galway,"MRI Carna, National University of Ireland, Galway ","Marine Research Institute, Carna, Co. Galway",084 - FHA,-9.83826,53.30634,,a,,a,,,a,,,a,,,a,,,,a,,,,a,,,,a,,,,,,,,a,,,,a,,,,,,,,,,a,a,,,a,a,a,a,,a,a,a,,,,,,,,,,,,,,,,,,
Galway,Raford Fish Farm,"Raford Fish Farms Kiltulla, Athenry, Co. Galway",086 - FHA,-8.58496,53.28381,,a,,,a,,a,,,,a,,a,,,,a,,,,a,,,,a,,,,,,,,a,,,,a,,,,,,,,,,,,,,,,,,,,,,,,,,,,,,,,,,,,,,,
Galway,Stofnfiskur Ireland Ltd.,"Bunatober, Corrandulla, Co. Galway",087 - FHA,-9.01271,53.42549,,a,,,a,,a,,,,a,,a,,,,a,,,,a,,,,a,,,,,,,,a,,,,a,,,,,,,,,,,,,,a,a,a,,,a,a,a,a,,,,,,,,,,,,,,,,,
Galway,Bradan Beo Teoranta,"Casheen, Lettermullen, Co. Galway",590 - FHA,-9.73573,53.26541,a,,,,a,,a,,,,a,,a,,,,a,,,,a,,,,a,,,,,,,,a,,,,a,,,,,,,,a,,,,,,,,,,,,,,a,,,,,,,,,,,,,,,,,
Galway,Derrylea Holdings Ltd.,"Screebe Hatchery, Screebe, Camus, Co. Galway",535 - FHA,-9.54342,53.40766,a,,,,a,,a,,,,a,,a,,,,a,,,,a,,,,a,,,,,,,,a,,,,a,,,,,,,,,,,,,,a,,,,,a,,,,,,,,,,,,,,,,,,,,
Galway,Derrylea Holdings Ltd.,"Lough Ahalia, Screebe, Camus, Co. Galway",536 - FHA,-9.56529,53.39289,a,,,,a,,a,,,,a,,a,,,,a,,,,a,,,,a,,,,,,,,a,,,,a,,,,,,,,,,,,a,,,,,,,,a,,,,,,,,,,,,,,,,,,,
Galway,Mannin Bay Salmon Co. Ltd,"Rosroe, Renvyle, Co.Galway",544 - FHA,-9.86425,53.62370,a,,,,a,,a,,,,a,,a,,,,a,,,,a,,,,a,,,,,,,,a,,,,a,,,,,,,,a,,,,,,,,,,,,,,a,,,,,,,,,,,,,,,,,
Galway,Mannin Bay Salmon Co. Ltd,"Inishdeighil, Renvyle, Co.Galway",545 - FHA,-9.90142,53.63788,a,,,,a,,a,,,,a,,a,,,,a,,,,a,,,,a,,,,,,,,a,,,,a,,,,,,,,a,,,,,,,,,,,,,,a,,,,,,,,,,,,,,,,,
Galway,Mannin Bay Salmon Co. Ltd,"Bertraghbuoi Bay Outer (OBB), Letterard, Co. Galway",574 - FHA,-9.54300,53.21700,a,,,,a,,a,,,,a,,a,,,,a,,,,a,,,,a,,,,,,,,a,,,,a,,,,,,,,a,,,,,,,,,,,,,,a,,,,,,,,,,,,,,,,,
Galway,Feirmeoiri Bradan Chill Chiarain Teo,"Red Flag, Lettermullen, Co. Galway",593 - FHA,-9.811248474,53.2699047,a,,,,a,,a,,,,a,,a,,,,a,,,,a,,,,a,,,,,,,,a,,,,a,,,,,,,,a,,,,,,,,,,,,,,a,,,,,,,,,,,,,,,,,
Kerry,Murphys Irish Seafood Ltd,"St. Killians, Killmackillogue, Co. Kerry",577- FHA,-9.80400,51.77400,a,,,,a,,a,,,,a,,a,,,,a,,,,a,,,,a,,,,,,,,a,,,,a,,,,,,,,,,,,,,a,,,,,a,,,,,,,,,,,,,,,,,,,,
Kerry,Marine Harvest Ireland Ltd.,"Deenish, Co. Kerry",042 - FHA,-10.21113,51.73826,a,,,,a,,a,,,,a,,a,,,,a,,,,a,,,,a,,,,,,,,a,,,,a,,,,,,,,a,,,,,,,,,,,,,,a,,,,,,,,,,,,,,,,,
Kerry,Waterville Fisheries Development Group,"Clodragh, Derriana,Waterville, Co. Kerry",090 - FHA,-10.04224,51.89340,a,,,,a,,a,,,,a,,a,,,,a,,,,a,,,,a,,,,,,,,a,,,,a,,,,,,,,,,,,,,a,,,,,a,a,,,,,,,,,,,,,,,,,,,
Kerry,Mara Beo Teo - Dingle Oceanworld,"The Wood, Dingle, Co. Kerry",091 - FHA,-10.27851,52.13991,,a,a,,a,a,,a,,,a,,a,,,,a,,,,a,,,,a,,,,,,,,a,,,,a,,,,,,,,,,a,a,,,a,a,,a,,,,,,,a,,,,,,,,,,,,,,,
Kerry,Upper Caragh Fishery ,"Lyranes Hatchery, Lyranes Lower, Glencar, Co. Kerry",599 - FHA,-9.521428,52.0026,a,,,,a,,a,,,,a,,a,,,,a,,,,a,,,,a,,,,,,,,a,,,,a,,,,,,,,a,,,,,,,,,,,,,,a,,,,,,,,,,,,,,,,,
Kilkenny,Goatsbridge Trout Farm Ltd,"Goatsbridge, Thomastown, Co. Kilkenny",093 - FHA,-7.22512,52.47229,,a,,,a,,a,,,,a,,a,,,,a,,,,a,,,,a,,,,,,,,a,,,,a,,,,,,,,,,,,a,a,,,,,,a,,,a,,,,,,,,,,,,,,,,,
Kilkenny,Goatsbridge Trout Farm Ltd,"Ballyduff, Thomastown, Co. Kilkenny",094 - FHA,-7.10102,52.48897,,a,,,a,,a,,,,a,,a,,,,a,,,,a,,,,a,,,,,,,,a,,,,a,,,,,,,,,,,,a,a,,,,,,a,,,a,,,,,,,,,,,,,,,,,
Kilkenny,William Connolly & Sons Ltd (Connolly's Red Mills),"RED MILLS Trout Facility, Lower Grange, Goresbridge, Co. Kilkenny",095 - FHA,-6.99302,52.63530,,a,,a,,,a,,,,a,,a,,,,a,,,,a,,,,a,,,,,,,,a,,,,a,,,,,,,,,,,,,,a,,,,,a,,,,,,,,,,,,,,,,,,,,
Mayo,Marine Harvest Ireland Ltd.,"Clew Bay Smolt Site, Clare Island Sea Farms, Cloughmore, Achill, Co. Mayo",035 - FHA,-9.95117,53.80317,a,,,,a,,a,,,,a,,a,,,,a,,,,a,,,,a,,,,,,,,a,,,,a,,,,,,,,a,,,,,,,,,,,,,,a,,,,,,,,,,,,,,,,,
Mayo,Marine Harvest Ireland Ltd.,"Innishdoonver, Clew Bay, Co.Mayo by the drumlins",036 - FHA,-9.65167,53.87983,a,,,,a,,a,,,,a,,a,,,,a,,,,a,,,,a,,,,,,,,a,,,,a,,,,,,,,a,,,,,,,,,,,,,,a,,,,,,,,,,,,,,,,,
Mayo,Marine Harvest Ireland Ltd.,"Innishcannon, Clare Island Sea Farms, Cloughmore, Achill, Co. Mayo",037 - FHA,-9.66950,53.86983,a,,,,a,,a,,,,a,,a,,,,a,,,,a,,,,a,,,,,,,,a,,,,a,,,,,,,,a,,,,,,,,,,,,,,a,,,,,,,,,,,,,,,,,
Mayo,Marine Harvest Ireland Ltd.,"Portlea, Clare Island Sea Farms, Cloughmore, Achill, Co. Mayo",038 - FHA,-9.95900,53.82050,a,,,,a,,a,,,,a,,a,,,,a,,,,a,,,,a,,,,,,,,a,,,,a,,,,,,,,a,,,,,,,,,,,,,,a,,,,,,,,,,,,,,,,,
Mayo,Marine Harvest Ireland Ltd.,"Carrickachaash, Clare Island Sea Farms, Cloughmore, Achill, Co. Mayo",039 - FHA,-9.91222,53.79972,a,,,,a,,a,,,,a,,a,,,,a,,,,a,,,,a,,,,,,,,a,,,,a,,,,,,,,a,,,,,,,,,,,,,,a,,,,,,,,,,,,,,,,,
Mayo,Inland Fisheries Ireland,"Cong Salmon Hatchery, Cong, Co. Mayo",088 - FHA,-9.28491,53.53750,,a,,,a,,a,,,,a,,a,,,,a,,,,a,,,,a,,,,,,,,a,,,,a,,,,,,,,,,,,,,a,,,,,a,a,a,,,,,,,,,,,,,,,,,,
Mayo,Inland Fisheries Ireland,"Salmon Hatchery, Srahatloe, Leenane, Co. Mayo",089 - FHA,-9.66871,53.61927,a,,,,a,,a,,,,a,,a,,,,a,,,,a,,,,a,,,,,,,,a,,,,a,,,,,,,,,,,,,,a,,,,,a,,,,,,,,,,,,,,,,,,,,
Mayo,Curraun Fisheries Ltd,"Doughill, Mulranny, Westport, Co. Mayo",098 - FHA,-9.79987,53.91761,,a,,,a,,a,,,,a,,a,,,,a,,,,a,,,,a,,,,,,,,a,,,,a,,,,,,,,a,,,,,,,,,,,,,,a,,,,,,,,,,,,,,,,,
Mayo,Marine Institute Newport,"Marine Institute, Freshwater Rearing Facility, Furnace, Newport, Co. Mayo",101 - FHA,-9.57273,53.92252,,a,,,a,,a,,,,a,,a,,,,a,,,,a,,,,a,,,,,,,,a,,,,a,,,,,,,,,,,,,,a,,a,,,a,a,a,,,a,,,,,,,,,,,,,,,
Monaghan,Ballybay Perch Ltd,"Corkeeran, Ballybay, Co.Monaghan ",102 - FHA,-6.90422,54.13325,a,,,a,,,a,,,a,,,a,,,,a,,,,a,,,,a,,,,,,,,a,,,,a,,,,,,,,,,,,,,,a,,,,,,,a,,,,,,,,,,,,,,,,,
Offaly,Irish Ornamental Fishfarms Ltd.,"Garrbridge, Rhode, Co. Offaly",103 - FHA,-7.20176,53.37990,a,,,a,,,,a,,a,,,a,,,,a,,,,a,,,,a,,,,,,,,a,,,,a,,,,,,,,,,,a,,,a,a,a,,a,a,a,a,,,a,,,,,,,,,,,,,,,
Roscommon,Keywater Fisheries Ltd. ,"Cloonloo, Boyle, Co. Roscommon",104 - FHA,-8.41432,53.97005,a,,,a,,,a,,,a,,,a,,,,a,,,,a,,,,a,,,,,,,,a,,,,a,,,,,,,,,,,,,a,,a,,,,a,,a,,,,,,,,,,,,,,,,,,
Roscommon,Lakeland Fishery,"New Roosky, Roosky, Co Roscommon",105 - FHA,-7.92498,53.82452,a,,,a,,,,a,,a,,,a,,,,a,,,,a,,,,a,,,,,,,,a,,,,a,,,,,,,,,,,,,a,a,,,,,a,,a,,,a,,,,,,,,,,,,,,,
Tipperary,Inland Fisheries Ireland,"IFI Roscrea Fish Farm, Roscrea, Co.Tipperary",049 - FHA,-7.83700,52.96633,,a,a,,a,a,,a,,,a,,a,,,,a,,,,a,,,,a,,,,,,,,a,,,,a,,,,,,,,,,,,,a,a,a,a,,,a,a,,,,a,,,,,,,,,,,,,,,
Tipperary,Clune Fisheries Ltd. ,"Clune, Clonoulty, Cashel, Co. Tipperary",107 - FHA,-8.00697,52.59437,a,,,a,,,a,,,a,,,a,,,,a,,,,a,,,,a,,,,,,,,a,,,,a,,,,,,,,,,,,,,,a,,,,a,a,a,a,,,,,,,,,,,,,,,,,
Tipperary,ESB Fisheries Conservation ,"Parteen Salmon Hatchery, Parteen, Birdhill, Co. Tipperary",108 - FHA,-8.47325,52.76044,a,,,,a,,a,,,,a,,a,,,,a,,,,a,,,,a,,,,,,,,a,,,,a,,,,,,,,,,,,,,a,,,,,a,,a,,,,,,,,,,,,,,,,,,
Tipperary,Santa Cruise Salmon Farm Ltd,"Carrigahorig, Nenagh, Co.Tipperary",109 - FHA,-8.14655,53.06571,,a,,,a,,a,,,,a,,a,,,,a,,,,a,,,,a,,,,,,,,a,,,,a,,,,,,,,,,,,,,a,,,,,a,a,,,,,,,,,,,,,,,,,,,
Tipperary,Seastream Ltd. ,"The Mine, Gortdrum,Co. Tipperary",597 - FHA,-8.18441,52.51681,,a,,,a,,a,,,,a,,a,,,,a,,,,a,,,,a,,,,,,,,a,,,,a,,,,,,,,,,,,a,,,,,,,,,,a,,,,,,,,,,,,,,,,,
Westmeath,Inland Fisheries Ireland,"IFI Cullion Fish Farm, Mullingar, Co. Westmeath",050 - FHA,-7.35217,53.54283,,a,,,a,,a,,,,a,,a,,,,a,,,,a,,,,a,,,,,,,,a,,,,a,,,,,,,,,,,,,a,a,,,,,a,a,a,,,,,,,,,,,,,,,,,,
Westmeath,Lough Ree Fish Hatchery Association,"Lough Ree Fish Hatchery, Coosan, Athlone, Co. Westmeath",110 - FHA,-7.93980,53.44179,,a,,a,,,a,,,,a,,a,,,,a,,,,a,,,,a,,,,,,,,a,,,,a,,,,,,,,,,,,,,a,a,,,,a,a,,,,,,,,,,,,,,,,,,,
Wexford,Derrylea Holdings Ltd.,"Poulmounty Salmon Hatchery, Ballywilliam, New Ross, Co. Wexford",058 - FHA,-6.90306,52.46656,a,,,,a,,a,,,,a,,a,,,,a,,,,a,,,,a,,,,,,,,a,,,,a,,,,,,,,,,,,,,a,,,,,a,a,,,,a,,,,,,,,,,,,,,,
Wicklow,IDAS Trout Ltd.,"Augrim Farm, Augrim, Co.Wicklow ",111 - FHA,-6.32400,52.85496,,a,,,a,,a,,,,a,,a,,,,a,,,,a,,,,a,,,,,,,,a,,,,a,,,,,,,,,,,,,a,a,,,,,a,,,a,,,,,,,,,,,,,,,,,
Wicklow,IDAS Trout Ltd.,"Coatsbridge Farm, Augrim, Co. Wicklow",112 - FHA,-6.29118,52.84898,,a,,,a,,a,,,,a,,a,,,,a,,,,a,,,,a,,,,,,,,a,,,,a,,,,,,,,,,,,,a,a,,,,,,,,a,,,,,,,,,,,,,,,,,
Wicklow,IDAS Trout Ltd.,"Main Farm, Woodenbridge, Arklow, Co.Wicklow  ",113 - FHA,-6.24200,52.83314,,a,,,a,,a,,,,a,,a,,,,a,,,,a,,,,a,,,,,,,,a,,,,a,,,,,,,,,,,,,a,a,,,,,,,,a,,,,,,,,,,,,,,,,,
Wicklow,IDAS Trout Ltd.,"Lower Farm, Woodenbridge, Arklow, Co. Wicklow",114 - FHA,-6.24900,52.83500,,a,,,a,,a,,,,a,,a,,,,a,,,,a,,,,a,,,,,,,,a,,,,a,,,,,,,,,,,,,a,a,,,,,,,,a,,,,,,,,,,,,,,,,,
Wicklow,Sea Life Centre Bray Ltd,"National Sea Life Centre, Strand Road, Bray, Co Wicklow",116 - FHA,-6.10183,53.20693,,a,a,,a,a,,a,,,a,,a,,,,a,,,,a,,,,a,,,,,,,,a,,,,a,,,,,,,,,,,a,,,,a,,,,,,,,,a,,,,,,,,,,,,,,,
,,,,,,,,,,,,,,,,,,,,,,,,,,,,,,,,,,,,,,,,,,,,,,,,,,,,,,,,,,,,,,,,,,,,,,,,,,,,,,,,,
,,,,,,,,,,,,,,,,,,,,,,,,,,,,,,,,,,,,,,,,,,,,,,,,,,,,,,,,,,,,,,,,,,,,,,,,,,,,,,,,,
,,,,,,,,,,,,,,,,,,,,,,,,,,,,,,,,,,,,,,,,,,,,,,,,,,,,,,,,,,,,,,,,,,,,,,,,,,,,,,,,,
,,,,,,,,,,,,,,,,,,,,,,,,,,,,,,,,,,,,,,,,,,,,,,,,,,,,,,,,,,,,,,,,,,,,,,,,,,,,,,,,,
,,,,,,,,,,,,,,,,,,,,,,,,,,,,,,,,,,,,,,,,,,,,,,,,,,,,,,,,,,,,,,,,,,,,,,,,,,,,,,,,,
,,,,,,,,,,,,,,,,,,,,,,,,,,,,,,,,,,,,,,,,,,,,,,,,,,,,,,,,,,,,,,,,,,,,,,,,,,,,,,,,,
,,,,,,,,,,,,,,,,,,,,,,,,,,,,,,,,,,,,,,,,,,,,,,,,,,,,,,,,,,,,,,,,,,,,,,,,,,,,,,,,,
,,,,,,,,,,,,,,,,,,,,,,,,,,,,,,,,,,,,,,,,,,,,,,,,,,,,,,,,,,,,,,,,,,,,,,,,,,,,,,,,,
,,,,,,,,,,,,,,,,,,,,,,,,,,,,,,,,,,,,,,,,,,,,,,,,,,,,,,,,,,,,,,,,,,,,,,,,,,,,,,,,,
,,,,,,,,,,,,,,,,,,,,,,,,,,,,,,,,,,,,,,,,,,,,,,,,,,,,,,,,,,,,,,,,,,,,,,,,,,,,,,,,,
,,,,,,,,,,,,,,,,,,,,,,,,,,,,,,,,,,,,,,,,,,,,,,,,,,,,,,,,,,,,,,,,,,,,,,,,,,,,,,,,,
,,,,,,,,,,,,,,,,,,,,,,,,,,,,,,,,,,,,,,,,,,,,,,,,,,,,,,,,,,,,,,,,,,,,,,,,,,,,,,,,,
,,,,,,,,,,,,,,,,,,,,,,,,,,,,,,,,,,,,,,,,,,,,,,,,,,,,,,,,,,,,,,,,,,,,,,,,,,,,,,,,,
,,,,,,,,,,,,,,,,,,,,,,,,,,,,,,,,,,,,,,,,,,,,,,,,,,,,,,,,,,,,,,,,,,,,,,,,,,,,,,,,,
,,,,,,,,,,,,,,,,,,,,,,,,,,,,,,,,,,,,,,,,,,,,,,,,,,,,,,,,,,,,,,,,,,,,,,,,,,,,,,,,,
,,,,,,,,,,,,,,,,,,,,,,,,,,,,,,,,,,,,,,,,,,,,,,,,,,,,,,,,,,,,,,,,,,,,,,,,,,,,,,,,,
,,,,,,,,,,,,,,,,,,,,,,,,,,,,,,,,,,,,,,,,,,,,,,,,,,,,,,,,,,,,,,,,,,,,,,,,,,,,,,,,,
,,,,,,,,,,,,,,,,,,,,,,,,,,,,,,,,,,,,,,,,,,,,,,,,,,,,,,,,,,,,,,,,,,,,,,,,,,,,,,,,,
,,,,,,,,,,,,,,,,,,,,,,,,,,,,,,,,,,,,,,,,,,,,,,,,,,,,,,,,,,,,,,,,,,,,,,,,,,,,,,,,,
,,,,,,,,,,,,,,,,,,,,,,,,,,,,,,,,,,,,,,,,,,,,,,,,,,,,,,,,,,,,,,,,,,,,,,,,,,,,,,,,,
,,,,,,,,,,,,,,,,,,,,,,,,,,,,,,,,,,,,,,,,,,,,,,,,,,,,,,,,,,,,,,,,,,,,,,,,,,,,,,,,,
,,,,,,,,,,,,,,,,,,,,,,,,,,,,,,,,,,,,,,,,,,,,,,,,,,,,,,,,,,,,,,,,,,,,,,,,,,,,,,,,,
,,,,,,,,,,,,,,,,,,,,,,,,,,,,,,,,,,,,,,,,,,,,,,,,,,,,,,,,,,,,,,,,,,,,,,,,,,,,,,,,,
,,,,,,,,,,,,,,,,,,,,,,,,,,,,,,,,,,,,,,,,,,,,,,,,,,,,,,,,,,,,,,,,,,,,,,,,,,,,,,,,,
,,,,,,,,,,,,,,,,,,,,,,,,,,,,,,,,,,,,,,,,,,,,,,,,,,,,,,,,,,,,,,,,,,,,,,,,,,,,,,,,,
,,,,,,,,,,,,,,,,,,,,,,,,,,,,,,,,,,,,,,,,,,,,,,,,,,,,,,,,,,,,,,,,,,,,,,,,,,,,,,,,,
,,,,,,,,,,,,,,,,,,,,,,,,,,,,,,,,,,,,,,,,,,,,,,,,,,,,,,,,,,,,,,,,,,,,,,,,,,,,,,,,,
,,,,,,,,,,,,,,,,,,,,,,,,,,,,,,,,,,,,,,,,,,,,,,,,,,,,,,,,,,,,,,,,,,,,,,,,,,,,,,,,,
,,,,,,,,,,,,,,,,,,,,,,,,,,,,,,,,,,,,,,,,,,,,,,,,,,,,,,,,,,,,,,,,,,,,,,,,,,,,,,,,,
,,,,,,,,,,,,,,,,,,,,,,,,,,,,,,,,,,,,,,,,,,,,,,,,,,,,,,,,,,,,,,,,,,,,,,,,,,,,,,,,,
,,,,,,,,,,,,,,,,,,,,,,,,,,,,,,,,,,,,,,,,,,,,,,,,,,,,,,,,,,,,,,,,,,,,,,,,,,,,,,,,,
,,,,,,,,,,,,,,,,,,,,,,,,,,,,,,,,,,,,,,,,,,,,,,,,,,,,,,,,,,,,,,,,,,,,,,,,,,,,,,,,,
,,,,,,,,,,,,,,,,,,,,,,,,,,,,,,,,,,,,,,,,,,,,,,,,,,,,,,,,,,,,,,,,,,,,,,,,,,,,,,,,,
,,,,,,,,,,,,,,,,,,,,,,,,,,,,,,,,,,,,,,,,,,,,,,,,,,,,,,,,,,,,,,,,,,,,,,,,,,,,,,,,,
,,,,,,,,,,,,,,,,,,,,,,,,,,,,,,,,,,,,,,,,,,,,,,,,,,,,,,,,,,,,,,,,,,,,,,,,,,,,,,,,,
,,,,,,,,,,,,,,,,,,,,,,,,,,,,,,,,,,,,,,,,,,,,,,,,,,,,,,,,,,,,,,,,,,,,,,,,,,,,,,,,,
,,,,,,,,,,,,,,,,,,,,,,,,,,,,,,,,,,,,,,,,,,,,,,,,,,,,,,,,,,,,,,,,,,,,,,,,,,,,,,,,,
,,,,,,,,,,,,,,,,,,,,,,,,,,,,,,,,,,,,,,,,,,,,,,,,,,,,,,,,,,,,,,,,,,,,,,,,,,,,,,,,,
,,,,,,,,,,,,,,,,,,,,,,,,,,,,,,,,,,,,,,,,,,,,,,,,,,,,,,,,,,,,,,,,,,,,,,,,,,,,,,,,,
,,,,,,,,,,,,,,,,,,,,,,,,,,,,,,,,,,,,,,,,,,,,,,,,,,,,,,,,,,,,,,,,,,,,,,,,,,,,,,,,,
,,,,,,,,,,,,,,,,,,,,,,,,,,,,,,,,,,,,,,,,,,,,,,,,,,,,,,,,,,,,,,,,,,,,,,,,,,,,,,,,,
,,,,,,,,,,,,,,,,,,,,,,,,,,,,,,,,,,,,,,,,,,,,,,,,,,,,,,,,,,,,,,,,,,,,,,,,,,,,,,,,,
,,,,,,,,,,,,,,,,,,,,,,,,,,,,,,,,,,,,,,,,,,,,,,,,,,,,,,,,,,,,,,,,,,,,,,,,,,,,,,,,,
,,,,,,,,,,,,,,,,,,,,,,,,,,,,,,,,,,,,,,,,,,,,,,,,,,,,,,,,,,,,,,,,,,,,,,,,,,,,,,,,,
,,,,,,,,,,,,,,,,,,,,,,,,,,,,,,,,,,,,,,,,,,,,,,,,,,,,,,,,,,,,,,,,,,,,,,,,,,,,,,,,,
,,,,,,,,,,,,,,,,,,,,,,,,,,,,,,,,,,,,,,,,,,,,,,,,,,,,,,,,,,,,,,,,,,,,,,,,,,,,,,,,,
,,,,,,,,,,,,,,,,,,,,,,,,,,,,,,,,,,,,,,,,,,,,,,,,,,,,,,,,,,,,,,,,,,,,,,,,,,,,,,,,,
,,,,,,,,,,,,,,,,,,,,,,,,,,,,,,,,,,,,,,,,,,,,,,,,,,,,,,,,,,,,,,,,,,,,,,,,,,,,,,,,,
,,,,,,,,,,,,,,,,,,,,,,,,,,,,,,,,,,,,,,,,,,,,,,,,,,,,,,,,,,,,,,,,,,,,,,,,,,,,,,,,,
,,,,,,,,,,,,,,,,,,,,,,,,,,,,,,,,,,,,,,,,,,,,,,,,,,,,,,,,,,,,,,,,,,,,,,,,,,,,,,,,,
,,,,,,,,,,,,,,,,,,,,,,,,,,,,,,,,,,,,,,,,,,,,,,,,,,,,,,,,,,,,,,,,,,,,,,,,,,,,,,,,,
,,,,,,,,,,,,,,,,,,,,,,,,,,,,,,,,,,,,,,,,,,,,,,,,,,,,,,,,,,,,,,,,,,,,,,,,,,,,,,,,,
,,,,,,,,,,,,,,,,,,,,,,,,,,,,,,,,,,,,,,,,,,,,,,,,,,,,,,,,,,,,,,,,,,,,,,,,,,,,,,,,,
,,,,,,,,,,,,,,,,,,,,,,,,,,,,,,,,,,,,,,,,,,,,,,,,,,,,,,,,,,,,,,,,,,,,,,,,,,,,,,,,,
,,,,,,,,,,,,,,,,,,,,,,,,,,,,,,,,,,,,,,,,,,,,,,,,,,,,,,,,,,,,,,,,,,,,,,,,,,,,,,,,,
,,,,,,,,,,,,,,,,,,,,,,,,,,,,,,,,,,,,,,,,,,,,,,,,,,,,,,,,,,,,,,,,,,,,,,,,,,,,,,,,,
,,,,,,,,,,,,,,,,,,,,,,,,,,,,,,,,,,,,,,,,,,,,,,,,,,,,,,,,,,,,,,,,,,,,,,,,,,,,,,,,,
,,,,,,,,,,,,,,,,,,,,,,,,,,,,,,,,,,,,,,,,,,,,,,,,,,,,,,,,,,,,,,,,,,,,,,,,,,,,,,,,,
,,,,,,,,,,,,,,,,,,,,,,,,,,,,,,,,,,,,,,,,,,,,,,,,,,,,,,,,,,,,,,,,,,,,,,,,,,,,,,,,,
,,,,,,,,,,,,,,,,,,,,,,,,,,,,,,,,,,,,,,,,,,,,,,,,,,,,,,,,,,,,,,,,,,,,,,,,,,,,,,,,,
,,,,,,,,,,,,,,,,,,,,,,,,,,,,,,,,,,,,,,,,,,,,,,,,,,,,,,,,,,,,,,,,,,,,,,,,,,,,,,,,,
,,,,,,,,,,,,,,,,,,,,,,,,,,,,,,,,,,,,,,,,,,,,,,,,,,,,,,,,,,,,,,,,,,,,,,,,,,,,,,,,,
,,,,,,,,,,,,,,,,,,,,,,,,,,,,,,,,,,,,,,,,,,,,,,,,,,,,,,,,,,,,,,,,,,,,,,,,,,,,,,,,,
,,,,,,,,,,,,,,,,,,,,,,,,,,,,,,,,,,,,,,,,,,,,,,,,,,,,,,,,,,,,,,,,,,,,,,,,,,,,,,,,,
,,,,,,,,,,,,,,,,,,,,,,,,,,,,,,,,,,,,,,,,,,,,,,,,,,,,,,,,,,,,,,,,,,,,,,,,,,,,,,,,,
,,,,,,,,,,,,,,,,,,,,,,,,,,,,,,,,,,,,,,,,,,,,,,,,,,,,,,,,,,,,,,,,,,,,,,,,,,,,,,,,,
,,,,,,,,,,,,,,,,,,,,,,,,,,,,,,,,,,,,,,,,,,,,,,,,,,,,,,,,,,,,,,,,,,,,,,,,,,,,,,,,,
,,,,,,,,,,,,,,,,,,,,,,,,,,,,,,,,,,,,,,,,,,,,,,,,,,,,,,,,,,,,,,,,,,,,,,,,,,,,,,,,,
,,,,,,,,,,,,,,,,,,,,,,,,,,,,,,,,,,,,,,,,,,,,,,,,,,,,,,,,,,,,,,,,,,,,,,,,,,,,,,,,,
,,,,,,,,,,,,,,,,,,,,,,,,,,,,,,,,,,,,,,,,,,,,,,,,,,,,,,,,,,,,,,,,,,,,,,,,,,,,,,,,,
,,,,,,,,,,,,,,,,,,,,,,,,,,,,,,,,,,,,,,,,,,,,,,,,,,,,,,,,,,,,,,,,,,,,,,,,,,,,,,,,,
,,,,,,,,,,,,,,,,,,,,,,,,,,,,,,,,,,,,,,,,,,,,,,,,,,,,,,,,,,,,,,,,,,,,,,,,,,,,,,,,,
,,,,,,,,,,,,,,,,,,,,,,,,,,,,,,,,,,,,,,,,,,,,,,,,,,,,,,,,,,,,,,,,,,,,,,,,,,,,,,,,,
,,,,,,,,,,,,,,,,,,,,,,,,,,,,,,,,,,,,,,,,,,,,,,,,,,,,,,,,,,,,,,,,,,,,,,,,,,,,,,,,,
,,,,,,,,,,,,,,,,,,,,,,,,,,,,,,,,,,,,,,,,,,,,,,,,,,,,,,,,,,,,,,,,,,,,,,,,,,,,,,,,,
,,,,,,,,,,,,,,,,,,,,,,,,,,,,,,,,,,,,,,,,,,,,,,,,,,,,,,,,,,,,,,,,,,,,,,,,,,,,,,,,,
,,,,,,,,,,,,,,,,,,,,,,,,,,,,,,,,,,,,,,,,,,,,,,,,,,,,,,,,,,,,,,,,,,,,,,,,,,,,,,,,,
,,,,,,,,,,,,,,,,,,,,,,,,,,,,,,,,,,,,,,,,,,,,,,,,,,,,,,,,,,,,,,,,,,,,,,,,,,,,,,,,,
,,,,,,,,,,,,,,,,,,,,,,,,,,,,,,,,,,,,,,,,,,,,,,,,,,,,,,,,,,,,,,,,,,,,,,,,,,,,,,,,,
,,,,,,,,,,,,,,,,,,,,,,,,,,,,,,,,,,,,,,,,,,,,,,,,,,,,,,,,,,,,,,,,,,,,,,,,,,,,,,,,,
,,,,,,,,,,,,,,,,,,,,,,,,,,,,,,,,,,,,,,,,,,,,,,,,,,,,,,,,,,,,,,,,,,,,,,,,,,,,,,,,,
,,,,,,,,,,,,,,,,,,,,,,,,,,,,,,,,,,,,,,,,,,,,,,,,,,,,,,,,,,,,,,,,,,,,,,,,,,,,,,,,,
,,,,,,,,,,,,,,,,,,,,,,,,,,,,,,,,,,,,,,,,,,,,,,,,,,,,,,,,,,,,,,,,,,,,,,,,,,,,,,,,,
,,,,,,,,,,,,,,,,,,,,,,,,,,,,,,,,,,,,,,,,,,,,,,,,,,,,,,,,,,,,,,,,,,,,,,,,,,,,,,,,,
,,,,,,,,,,,,,,,,,,,,,,,,,,,,,,,,,,,,,,,,,,,,,,,,,,,,,,,,,,,,,,,,,,,,,,,,,,,,,,,,,
,,,,,,,,,,,,,,,,,,,,,,,,,,,,,,,,,,,,,,,,,,,,,,,,,,,,,,,,,,,,,,,,,,,,,,,,,,,,,,,,,
,,,,,,,,,,,,,,,,,,,,,,,,,,,,,,,,,,,,,,,,,,,,,,,,,,,,,,,,,,,,,,,,,,,,,,,,,,,,,,,,,
,,,,,,,,,,,,,,,,,,,,,,,,,,,,,,,,,,,,,,,,,,,,,,,,,,,,,,,,,,,,,,,,,,,,,,,,,,,,,,,,,
,,,,,,,,,,,,,,,,,,,,,,,,,,,,,,,,,,,,,,,,,,,,,,,,,,,,,,,,,,,,,,,,,,,,,,,,,,,,,,,,,
,,,,,,,,,,,,,,,,,,,,,,,,,,,,,,,,,,,,,,,,,,,,,,,,,,,,,,,,,,,,,,,,,,,,,,,,,,,,,,,,,
,,,,,,,,,,,,,,,,,,,,,,,,,,,,,,,,,,,,,,,,,,,,,,,,,,,,,,,,,,,,,,,,,,,,,,,,,,,,,,,,,
,,,,,,,,,,,,,,,,,,,,,,,,,,,,,,,,,,,,,,,,,,,,,,,,,,,,,,,,,,,,,,,,,,,,,,,,,,,,,,,,,
,,,,,,,,,,,,,,,,,,,,,,,,,,,,,,,,,,,,,,,,,,,,,,,,,,,,,,,,,,,,,,,,,,,,,,,,,,,,,,,,,
,,,,,,,,,,,,,,,,,,,,,,,,,,,,,,,,,,,,,,,,,,,,,,,,,,,,,,,,,,,,,,,,,,,,,,,,,,,,,,,,,
,,,,,,,,,,,,,,,,,,,,,,,,,,,,,,,,,,,,,,,,,,,,,,,,,,,,,,,,,,,,,,,,,,,,,,,,,,,,,,,,,
,,,,,,,,,,,,,,,,,,,,,,,,,,,,,,,,,,,,,,,,,,,,,,,,,,,,,,,,,,,,,,,,,,,,,,,,,,,,,,,,,
,,,,,,,,,,,,,,,,,,,,,,,,,,,,,,,,,,,,,,,,,,,,,,,,,,,,,,,,,,,,,,,,,,,,,,,,,,,,,,,,,
,,,,,,,,,,,,,,,,,,,,,,,,,,,,,,,,,,,,,,,,,,,,,,,,,,,,,,,,,,,,,,,,,,,,,,,,,,,,,,,,,
,,,,,,,,,,,,,,,,,,,,,,,,,,,,,,,,,,,,,,,,,,,,,,,,,,,,,,,,,,,,,,,,,,,,,,,,,,,,,,,,,
,,,,,,,,,,,,,,,,,,,,,,,,,,,,,,,,,,,,,,,,,,,,,,,,,,,,,,,,,,,,,,,,,,,,,,,,,,,,,,,,,
,,,,,,,,,,,,,,,,,,,,,,,,,,,,,,,,,,,,,,,,,,,,,,,,,,,,,,,,,,,,,,,,,,,,,,,,,,,,,,,,,
,,,,,,,,,,,,,,,,,,,,,,,,,,,,,,,,,,,,,,,,,,,,,,,,,,,,,,,,,,,,,,,,,,,,,,,,,,,,,,,,,
