id,name,parentlayerid,defaultvisibility,sublayerids,minscale,maxscale
0,Aqua regia for Agricultural Land_Ap Samples,-1,true,"[1,2,3,4,5,6,7,8,9,10,11,12,13,14,15,16,17,18,19,20,21,22,23,24,25,26,27,28,29,30,31,32,33,34,35,36,37,38,39,40,41,42,43,44,45,46,47,48,49,50,51,52,53]",false,false
1,Ag_Silver_Ap_AquaRegia,0,true,,false,false
2,Al_Alluminium_Ap_AquaRegia,0,false,,false,false
3,As_Arsenic_Ap_AquaRegia,0,false,,false,false
4,Au_Gold_Ap_AquaRegia,0,false,,false,false
5,B_Boron_Ap_AquaRegia,0,false,,false,false
6,Ba_Barium_Ap_AquaRegia,0,false,,false,false
7,Bi_Bismuth_Ap_AquaRegia,0,false,,false,false
8,Be_Beryllium_Ap_AquaRegia,0,false,,false,false
9,Ca_Calcium_AP_AquaRegia,0,false,,false,false
10,Cd_Cadmium_Ap_AquaRegia,0,false,,false,false
11,Ce_Cerium_Ap_AquaRegia,0,false,,false,false
12,Co_Cobalt_Ap_AquaRegia,0,false,,false,false
13,Cr_Chromium_Ap_AquaRegia,0,false,,false,false
14,Cs_Caesium_Ap_AquaRegia,0,false,,false,false
15,Cu_Copper_Ap_AquaRegia,0,false,,false,false
16,Fe_Iron_AP_AquaRegia,0,false,,false,false
17,Ga_Gallium_AP_AquaRegia,0,false,,false,false
18,Ge_Germanium_Ap_AquaRegia,0,false,,false,false
19,Hf_Hafnium_Ap_AquaRegia,0,false,,false,false
20,Hg_Mercury_Ap_AquaRegia,0,false,,false,false
21,In_Indium_Ap_AquaRegia,0,false,,false,false
22,K_Potassium_Ap_AquaRegia,0,false,,false,false
23,La_Lanthanum_Ap_AquaRegia,0,false,,false,false
24,Li_Lithium_Ap_AquaRegia,0,false,,false,false
25,Mg_Magnesium_Ap_AquaRegia,0,false,,false,false
26,Mn_Manganese_Ap_AquaRegia,0,false,,false,false
27,Mo_Molybdenum_Ap_AquaRegia,0,false,,false,false
28,Na_Sodium_Ap_AquaRegia,0,false,,false,false
29,Nb_Niobium_Ap_AquaRegia,0,false,,false,false
30,Ni_Nickel_Ap_AquaRegia,0,false,,false,false
31,P_Phosphorus_Ap_AquaRegia,0,false,,false,false
32,Pb_Lead_Ap_AquaRegia,0,false,,false,false
33,Pd_Palladium_Ap_AquaRegia,0,false,,false,false
34,Pt_Platinum_Ap_AquaRegia,0,false,,false,false
35,Rb_Rubidium_Ap_AquaRegia,0,false,,false,false
36,Re_Rhenium_Ap_AquaRegia,0,false,,false,false
37,S_Sulphur_Ap_AquaRegia,0,false,,false,false
38,Sb_Antimony_Ap_AquaRegia,0,false,,false,false
39,Sc_Scandium_Ap_AquaRegia,0,false,,false,false
40,Se_Selenium_Ap_AquaRegia,0,false,,false,false
41,Sn_Tin_Ap_AquaRegia,0,false,,false,false
42,Sr_Strontium_Ap_AquaRegia,0,false,,false,false
43,Ta_Tantalum_Ap_AquaRegia,0,false,,false,false
44,Te_Tellurium_Ap_AquaRegia,0,false,,false,false
45,Th_Thorium_Ap_AquaRegia,0,false,,false,false
46,Ti_Titanium_Ap_AquaRegia,0,false,,false,false
47,Tl_Thallium_Ap_AquaRegia,0,false,,false,false
48,U_Uranium_Ap_AquaRegia,0,false,,false,false
49,V_Vanadium_Ap_AquaRegia,0,false,,false,false
50,W_Tungsten_Ap_AquaRegia,0,false,,false,false
51,Y_Yttrium_Ap_AquaRegia,0,false,,false,false
52,Zn_Zinc_Ap_AquaRegia,0,false,,false,false
53,Zr_Zirconium_Ap_AquaRegia,0,false,,false,false
54,Aqua regia for Grazing Land_Gr Samples,-1,false,"[55,56,57,58,59,60,61,62,63,64,65,66,67,68,69,70,71,72,73,74,75,76,77,78,79,80,81,82,83,84,85,86,87,88,89,90,91,92,93,94,95,96,97,98,99,100,101,102,103,104,105,106,107]",false,false
55,Ag_Silver_Gr_AquaRegia ,54,true,,false,false
56,Al_Alluminium_Gr_AquaRegia  ,54,false,,false,false
57,As_Arsenic_Gr_AquaRegia  mg/kg,54,false,,false,false
58,Au_Gold_Gr_AquaRegia  mg/kg,54,false,,false,false
59,B_Boron_Gr_AquaRegia  mg/kg,54,false,,false,false
60,Ba_Barium_Gr_AquaRegia  mg/kg,54,false,,false,false
61,Be_Berillium_Gr_AquaRegia  mg/kg,54,false,,false,false
62,Bi_Bismuth_Gr_AquaRegia  mg/kg,54,false,,false,false
63,Ca_Calcium_Gr_AquaRegia  mg/kg,54,false,,false,false
64,Cd_Cadmium_Gr_AquaRegia  mg/kg,54,false,,false,false
65,Ce_Cerium_Gr_AquaRegia  mg/kg,54,false,,false,false
66,Co_Cobalt_Gr_AquaRegia  mg/kg,54,false,,false,false
67,Cr_Chromium_Gr_AquaRegia  mg/kg,54,false,,false,false
68,Cs_Caesium_Gr_AquaRegia  mg/kg,54,false,,false,false
69,Cu_Copper_Gr_AquaRegia  mg/kg,54,false,,false,false
70,Fe_Iron_Gr_AquaRegia  mg/kg,54,false,,false,false
71,Ga_Gallium_Gr_AquaRegia  mg/kg,54,false,,false,false
72,Ge_Germanium_GR_AquaRegia  mg/kg,54,false,,false,false
73,Hf_Hafnium_Gr_AquaRegia  mg/kg,54,false,,false,false
74,Hg_Mercury_Gr_AquaRegia  mg/kg,54,false,,false,false
75,In_Indium_Gr_AquaRegia  mg/kg,54,false,,false,false
76,K_Potassium_Gr_AquaRegia  mg/kg,54,false,,false,false
77,La_Lanthanum_Gr_AquaRegia  mg/kg,54,false,,false,false
78,Li_Lithium_GR_AquaRegia  mg/kg,54,false,,false,false
79,Mg_Magnesium_Gr_AquaRegia  mg/kg,54,false,,false,false
80,Mn_Manganese_Gr_AquaRegia  mg/kg,54,false,,false,false
81,Mo_Molybdenum_Gr_AquaRegia  mg/kg,54,false,,false,false
82,Na_Sodium_Gr_AquaRegia  mg/kg,54,false,,false,false
83,Nb_Niobium_Gr_AquaRegia  mg/kg,54,false,,false,false
84,Ni_Nickel_Gr_AquaRegia  mg/kg,54,false,,false,false
85,P_Potassium_Gr_AquaRegia  mg/kg,54,false,,false,false
86,Pb_Lead_Gr_AquaRegia  mg/kg,54,false,,false,false
87,Pd_Palladium_Gr_AquaRegia  mg/kg,54,false,,false,false
88,Pt_Platinum_Gr_AquaRegia  mg/kg,54,false,,false,false
89,Rb_Rubidium_Gr_AquaRegia  mg/kg,54,false,,false,false
90,Re_Rhenium_Gr_AquaRegia  mg/kg,54,false,,false,false
91,S_Sulphur_Gr_AquaRegia  mg/kg,54,false,,false,false
92,Sb_Antimony_Gr_AquaRegia  mg/kg,54,false,,false,false
93,Sc_Scandium_Gr_AquaRegia  mg/kg,54,false,,false,false
94,Se_Selenium_Gr_GEMAS_AquaRegia,54,false,,false,false
95,Sr_Strontium_Gr_GEMAS_AquaRegia,54,false,,false,false
96,Ta_Tantalum_Gr_GEMAS_AquaRegia,54,false,,false,false
97,Sn_Tin_Gr_AquaRegia  mg/kg,54,false,,false,false
98,Te_Tellurium_Gr_AquaRegia  mg/kg,54,false,,false,false
99,Th_Thorium_Gr_AquaRegia  mg/kg,54,false,,false,false
100,Ti_Titanium_Gr_AquaRegia  mg/kg,54,false,,false,false
101,Tl_Thallium_Gr_AquaRegia  mg/kg,54,false,,false,false
102,U_Uranium_Gr_AquaRegia  mg/kg,54,false,,false,false
103,V_Vanadium_Gr_AquaRegia  mg/kg,54,false,,false,false
104,W_Tungsten_Gr_AquaRegia  mg/kg,54,false,,false,false
105,Y_Yttrium_Gr_AquaRegia  mg/kg,54,false,,false,false
106,Zn_Zinc_Gr_AquaRegia  mg/kg,54,false,,false,false
107,Zr_Zirconium_Gr_AquaRegia  mg/kg,54,false,,false,false
108,MMI_Mobile Metal Ion_Agricultural Land_Ap Samples,-1,false,"[109,110,111,112,113,114,115,116,117,118,119,120,121,122,123,124,125,126,127,128,129,130,131,132,133,134,135,136,137,138,139,140,141,142,143,144,145,146,147,148,149,150,151,152,153,154,155,156,157,158,159,160,161,162]",false,false
109,Ag_Silver_Ap_MMI,108,true,,false,false
110,Al_Alluminium_Ap_MMI,108,false,,false,false
111,As_Arsenic_Ap_MMI,108,false,,false,false
112,Au_Gold_Ap_MMI,108,false,,false,false
113,Ba_Barium_Ap_MMI,108,false,,false,false
114,Bi_Bismuth_Ap_MMI,108,false,,false,false
115,Ca_Calcium_Ap_MMI,108,false,,false,false
116,Cd_Cadmium_Ap_MMI,108,false,,false,false
117,Ce_Cerium_Ap_MMI,108,false,,false,false
118,Co_Cobalt_Ap_MMI,108,false,,false,false
119,Cr_Chromium_Ap_MMI,108,false,,false,false
120,Cs_Caesium_Ap_MMI,108,false,,false,false
121,Cu_Copper_Ap_MMI,108,false,,false,false
122,Dy_Dysprosium_Ap_MMI,108,false,,false,false
123,Er_Erbium_Ap_MMI,108,false,,false,false
124,Eu_Europium_Ap_MMI,108,false,,false,false
125,Fe_Iron_Ap_MMI,108,false,,false,false
126,Ga_Gallium_Ap_MMI,108,false,,false,false
127,Gd_Gadolinium_Ap_MMI,108,false,,false,false
128,Hg_Mercury_Ap_MMI,108,false,,false,false
129,In_Indium_Ap_MMI,108,false,,false,false
130,K_Potassium_Ap_MMI,108,false,,false,false
131,La_Lanthanum_Ap_MMI,108,false,,false,false
132,Li_Lithium_AP_MMI,108,false,,false,false
133,Mg_Magnesium_Ap_MMI,108,false,,false,false
134,Mn_Manganese_Ap_MMI,108,false,,false,false
135,Mo_Molybdenum_AP_MMI,108,false,,false,false
136,Nb_Niobium_Ap_MMI,108,false,,false,false
137,Nd_Neodymium_Ap_MMI,108,false,,false,false
138,Ni_Nickel_Ap_MMI,108,false,,false,false
139,P_Phosphorus_Ap_MMI,108,false,,false,false
140,Pb_Lead_Ap_MMI,108,false,,false,false
141,Pd_Palladium_Ap_MMI,108,false,,false,false
142,Pr_Praseodemiuim_MMI,108,false,,false,false
143,Pt_Platinum_Ap_MMI,108,false,,false,false
144,Rb_Rubidium_Ap_MMI,108,false,,false,false
145,S_Sulphur_Ap_MMI,108,false,,false,false
146,Sb_Antimony_Ap_MMI,108,false,,false,false
147,Sc_Scandium_Ap_MMI,108,false,,false,false
148,Se_Selenium_Ap_MMI,108,false,,false,false
149,Sm_Samarium_Ap_MMI,108,false,,false,false
150,Sn_Tin_Ap_MMI,108,false,,false,false
151,Sr_Strontium_Ap_MMI,108,false,,false,false
152,Ta_Tantalum_Ap_MMI,108,false,,false,false
153,Tb_Terbium_Ap_MMI,108,false,,false,false
154,Te_Tellurium_Ap_MMI,108,false,,false,false
155,Th_Thorium_Ap_MMI,108,false,,false,false
156,Ti_Titanium_Ap_MMI,108,false,,false,false
157,Tl_Thallium_Ap_MMI,108,false,,false,false
158,U_Uranium_Ap_MMI,108,false,,false,false
159,V_Vanadium_Ap_MMI,108,false,,false,false
160,W_Tungsten_Ap_MMI,108,false,,false,false
161,Y_Yttrium_Ap_MMI,108,false,,false,false
162,Yb_Ytterbium_Ap_MMI,108,false,,false,false
163,XRF for Agricultural Land_Ap Samples,-1,false,"[164,165,166,167,168,169,170,171,172,173,174,175,176,177,178,179,180,181,182,183,184,185,186,187,188,189,190,191,192,193,194,195,196,197,198,199,200,201]",false,false
164,Al_Alluminium_Ap_XRF,163,false,,false,false
165,As_Arsenic_Ap_XRF,163,false,,false,false
166,Ba_Barium_Ap_XRF,163,false,,false,false
167,Bi_Bismuth_Ap_XRF,163,false,,false,false
168,Ca_Calcium_Ap_XRF,163,false,,false,false
169,Ce_Cerium_Ap_XRF,163,false,,false,false
170,Co_Cobalt_Ap_XRF,163,false,,false,false
171,Cr_Chromium_Ap_XRF,163,false,,false,false
172,Cs_Caesium_Ap_XRF,163,false,,false,false
173,Cu_Copper_Ap_XRF,163,false,,false,false
174,Fe_Iron_Ap_XRF,163,false,,false,false
175,Ga_Galliumn_Ap_XRF,163,false,,false,false
176,Hf_Hafnium_Ap_XRF,163,false,,false,false
177,K_Potassium_Ap_XRF,163,false,,false,false
178,La_Lanthanum_Ap_XRF,163,false,,false,false
179,Mg_Magnesium_Ap_XRF,163,false,,false,false
180,Mn_Manganese_Ap_XRF,163,false,,false,false
181,Na_Sodium_Ap_XRF,163,false,,false,false
182,Nb_Niobium_Ap_XRF,163,false,,false,false
183,Ni_Nickel_Ap_XRF,163,false,,false,false
184,P_Phosphorous_Ap_XRF,163,false,,false,false
185,Pb_Lead_Ap_XRF,163,false,,false,false
186,Rb_Rubidium_Ap_XRF,163,false,,false,false
187,S_Sulphur_Ap_XRF,163,false,,false,false
188,Sb_Antimony_Ap_XRF,163,false,,false,false
189,Sc_Scandium_Ap_XRF,163,false,,false,false
190,Si_Silicon_Ap_XRF,163,false,,false,false
191,Sn_Tin_Ap_XRF,163,false,,false,false
192,Sr_Strontium_Ap_XRF,163,false,,false,false
193,Ta_Tantalum_Ap_XRF,163,false,,false,false
194,Th_Thorium_Ap_XRF,163,false,,false,false
195,Ti_Titanium_Ap_XRF,163,false,,false,false
196,U_Uranium_Ap_XRF,163,false,,false,false
197,V_Vanadium_Ap_XRF,163,false,,false,false
198,W_Tungsten_Ap_XRF,163,false,,false,false
199,Y_Yttrium_Ap_XRF,163,false,,false,false
200,Zn_Zinc_Ap_XRF,163,false,,false,false
201,Zr_Zirconium_Ap_XRF,163,false,,false,false
202,XRF for Grazingland_Gr Samples,-1,false,"[203,204,205,206,207,208,209,210,211,212,213,214,215,216,217,218,219,220,221,222,223,224,225,226,227,228,229,230,231,232,233,234,235,236,237,238,239]",false,false
203,Al_Alluminium_Gr_XRF,202,false,,false,false
204,As_Arsenic_Gr_XRF,202,false,,false,false
205,Ba_Barium_Gr_XRF,202,false,,false,false
206,Bi_Bismuth_Gr_XRF,202,false,,false,false
207,Ca_Calcium_Gr_XRF,202,false,,false,false
208,Ce_Cerium_Gr_XRF,202,false,,false,false
209,Co_Cobalt_Gr_XRF,202,false,,false,false
210,Cr_Cromium_Gr_XRF,202,false,,false,false
211,Cs_Caesium_Gr_XRF,202,false,,false,false
212,Cu_Copper_Gr_XRF,202,false,,false,false
213,Fe_Iron_Gr_XRF,202,false,,false,false
214,Ga_Gallium_Gr_XRF,202,false,,false,false
215,Hf_Hafnium_Gr_XRF,202,false,,false,false
216,K_Potassium_Gr_XRF,202,false,,false,false
217,La_Lanthanum_Gr_XRF,202,false,,false,false
218,Mg_Magnesium_Gr_XRF,202,false,,false,false
219,Mn_Manganese_Gr_XRF,202,false,,false,false
220,Na_Sodium_Gr_XRF,202,false,,false,false
221,Nb_Niobium_Gr_XRF,202,false,,false,false
222,Ni_Nickel_Gr_XRF,202,false,,false,false
223,P_Potassium_Gr_XRF,202,false,,false,false
224,Pb_Lead_Gr_XRF,202,false,,false,false
225,Rb_Rubidium_Gr_XRF,202,false,,false,false
226,Sb_Antimony_Gr_XRF,202,false,,false,false
227,Sc_Scandium_Gr_XRF,202,false,,false,false
228,Si_Silicon_Gr_XRF,202,false,,false,false
229,Sn_Tin_Gr_XRF,202,false,,false,false
230,Sr_Strontium_Gr_XRF,202,false,,false,false
231,Ta_Tantalum_Gr_XRF,202,false,,false,false
232,Th_Thorium_Gr_XRF,202,false,,false,false
233,Ti_Titanium_Gr_XRF,202,false,,false,false
234,U_Uranium_Gr_XRF,202,false,,false,false
235,V_Vanadium_Gr_XRF,202,false,,false,false
236,W_Tungsten_Gr_XRF,202,false,,false,false
237,Y_Yttrium_Gr_XRF,202,false,,false,false
238,Zn_Zinc_Gr_XRF,202,false,,false,false
239,Zr_Zirconium_Gr_XRF,202,false,,false,false
240,GEMAS Additional Parameters,-1,false,"[241,246]",false,false
241,Carbon Infra Red Analyses,240,false,"[242,243,244,245]",false,false
242,Carbon_TC_Ap,241,false,,false,false
243,Carbon_TC_GR,241,false,,false,false
244,Carbon_TOC_Ap,241,false,,false,false
245,Carbon_TOC_Gr,241,false,,false,false
246,Soil Properties,240,true,"[247,250,253,256,260,263,264,267]",false,false
247,(CEC) Cation Exchange Capacity,246,true,"[248,249]",false,false
248,CEC_Ap_silver thiourea_AAS,247,false,,false,false
249,CEC_Gr_silver thiourea_AAS,247,false,,false,false
250,(CIA) Chemical Index of Alteration,246,true,"[251,252]",false,false
251,CIA_Ap,250,false,,false,false
252,CIA_GR,250,false,,false,false
253,Clay ,246,true,"[254,255]",false,false
254,Clay_Ap,253,false,,false,false
255,Clay_Gr,253,false,,false,false
256,Pb_Isotopes_Ap ,246,true,"[257,258,259]",false,false
257,Isotopes_Pb_206/207_Ap,256,false,,false,false
258,Isotopes_206Pb/208Pb_Ap,256,false,,false,false
259,Isotopes_207Pb/208Pb_Ap,256,false,,false,false
260,(LOI) Loss on ignition,246,false,"[261,262]",false,false
261,LOI_Gr,260,false,,false,false
262,LOI_Ap,260,false,,false,false
263,Magnetic Susceptibility_Ap,246,false,,false,false
264,pH_SoilAcidity,246,true,"[265,266]",false,false
265,pH_CaCl2_SoilAcidity_GEMAS_Ap,264,false,,false,false
266,pH_CaCl2_SoilAcidity_GEMAS_Gr,264,false,,false,false
267,Altitude (ALT),246,true,"[268,269]",false,false
268,Altitiude_Ap,267,false,,false,false
269,Altitude_Gr,267,false,,false,false
