{"name":"datagov-uk_f5cea3ea-ee4d-4b4b-afec-13a4e39cd0de","title":"Animal Licences","description":"Animal Licences\n\nOur Environmental Health department is responsible for animal licensing. A licence is required when keeping a Pet Shop, Zoo or Animal Boarding Establishment. This dataset lists the local authority’s Animal Licence holders. For further information or to apply for a Licence: [https://www.gov.uk/apply-for-a-licence/animal-boarding-establishment-licence/barnet/apply-1](https://www.gov.uk/apply-for-a-licence/animal-boarding-establishment-licence/barnet/apply-1) To know more about animal welfare and the Animal Welfare Act 2006: [https://www.gov.uk/animal-welfare-legislation-protecting-pets](https://www.gov.uk/animal-welfare-legislation-protecting-pets)\n\nSource: https://ckan.publishing.service.gov.uk/dataset/animal-licences1  \nLast updated at https://ckan.publishing.service.gov.uk/dataset : 2019-12-21","homepage":"https://data.world/datagov-uk/f5cea3ea-ee4d-4b4b-afec-13a4e39cd0de","license":"OGL","resources":[{"name":"animal_licenses_1","schema":{"fields":[{"name":"extractdate","title":"ExtractDate","type":"datetime","rdfType":"http://www.w3.org/2001/XMLSchema#dateTime","dwSourceId":"extractdate"},{"name":"organisationuri","title":"OrganisationURI","type":"string","rdfType":"http://www.w3.org/2001/XMLSchema#anyURI","dwSourceId":"organisationuri"},{"name":"organisationlabel","title":"OrganisationLabel","type":"string","rdfType":"http://www.w3.org/2001/XMLSchema#string","dwSourceId":"organisationlabel"},{"name":"casereference","title":"CaseReference","type":"string","rdfType":"http://www.w3.org/2001/XMLSchema#string","dwSourceId":"casereference"},{"name":"casedate","title":"CaseDate","type":"datetime","rdfType":"http://www.w3.org/2001/XMLSchema#dateTime","dwSourceId":"casedate"},{"name":"servicetype","title":"ServiceType","type":"string","rdfType":"http://www.w3.org/2001/XMLSchema#string","dwSourceId":"servicetype"},{"name":"servicetypelabel","title":"ServiceTypeLabel","type":"string","rdfType":"http://www.w3.org/2001/XMLSchema#string","dwSourceId":"servicetypelabel"},{"name":"premisesname","title":"PremisesName","type":"string","rdfType":"http://www.w3.org/2001/XMLSchema#string","dwSourceId":"premisesname"},{"name":"locationtext","title":"LocationText","type":"string","rdfType":"http://www.w3.org/2001/XMLSchema#string","dwSourceId":"locationtext"},{"name":"statusuri","title":"StatusURI","type":"string","rdfType":"http://www.w3.org/2001/XMLSchema#anyURI","dwSourceId":"statusuri"},{"name":"statuslabel","title":"StatusLabel","type":"string","rdfType":"http://www.w3.org/2001/XMLSchema#string","dwSourceId":"statuslabel"},{"name":"licensestartdate","title":"LicenseStartDate","type":"datetime","rdfType":"http://www.w3.org/2001/XMLSchema#dateTime","dwSourceId":"licensestartdate"},{"name":"licenseenddate","title":"LicenseEndDate","type":"datetime","rdfType":"http://www.w3.org/2001/XMLSchema#dateTime","dwSourceId":"licenseenddate"},{"name":"licenseholder","title":"LicenseHolder","type":"string","rdfType":"http://www.w3.org/2001/XMLSchema#string","dwSourceId":"licenseholder"},{"name":"licenseholderaddress","title":"LicenseHolderAddress","type":"string","rdfType":"http://www.w3.org/2001/XMLSchema#string","dwSourceId":"licenseholderaddress"}]},"path":"data/animal_licenses_1.csv","format":"csv"},{"name":"original/animal-licenses-1.csv","path":"original/animal-licenses-1.csv","format":"csv","mediatype":"text/csv","bytes":16475}],"keywords":["animals","boarding establishments","licenses","licensing"]}