Bird Conservation Area Name,Designated,Picture URL,GEWIDTH,GMWIDTH,GMHEIGHT,URL,POINT_X,POINT_Y,Location
Buckhorn Island,08/31/1998,,0,0,0,http://www.dec.ny.gov/animals/27685.html,-78.9880816874,43.0618647012,"(43.0618647012, -78.9880816874)"
Braddock Bay,05/05/2000,http://www.dec.ny.gov/images/environmentdec_images/BB17.jpg,250,175,117,http://www.dec.ny.gov/animals/27691.html,-77.6942944027,43.274059525,"(43.274059525, -77.6942944027)"
Montezuma Wetlands Complex,05/05/2000,http://www.dec.ny.gov/images/environmentdec_images/montezuma41006.jpg,250,175,115,http://www.dec.ny.gov/animals/27124.html,-76.7429666225,43.0811176528,"(43.0811176528, -76.7429666225)"
Eastern Lake Ontario Marshes,08/31/1998,http://www.dec.ny.gov/images/regions_images/blackpd3.jpg,300,160,120,http://www.dec.ny.gov/animals/27256.html,-76.1943013089,43.7290997409,"(43.7290997409, -76.1943013089)"
Joseph Davis,03/14/2005,,0,0,0,http://www.dec.ny.gov/animals/27159.html,-79.0405395637,43.2134654291,"(43.2134654291, -79.0405395637)"
Minnewaska,09/25/2006,,0,0,0,http://www.dec.ny.gov/animals/32008.html,-74.2767302695,41.7141447628,"(41.7141447628, -74.2767302695)"
Caumsett,09/25/2006,,0,0,0,http://www.dec.ny.gov/animals/31830.html,-73.4681342882,40.9273220738,"(40.9273220738, -73.4681342882)"
Valcour Island,09/25/2006,,0,0,0,http://www.dec.ny.gov/animals/32055.html,-73.4165568527,44.6213662824,"(44.6213662824, -73.4165568527)"
Point Peninsula,09/25/2006,http://www.dec.ny.gov/images/regions_images/ppfield.jpg,300,160,120,http://www.dec.ny.gov/animals/32025.html,-76.253481376,43.9992040708,"(43.9992040708, -76.253481376)"
Lake Shore Marshes,09/25/2006,,0,0,0,http://www.dec.ny.gov/animals/32004.html,-76.8490563365,43.2888792622,"(43.2888792622, -76.8490563365)"
Three Rivers,09/25/2006,,0,0,0,http://www.dec.ny.gov/animals/32035.html,-76.3290433111,43.2016767278,"(43.2016767278, -76.3290433111)"
Three Mile Bay,09/25/2006,,0,0,0,http://www.dec.ny.gov/animals/32033.html,-76.0687256415,43.2609144437,"(43.2609144437, -76.0687256415)"
Carlton Hill,09/25/2006,,0,0,0,http://www.dec.ny.gov/animals/31821.html,-78.152795305,42.8448544998,"(42.8448544998, -78.152795305)"
Bear Swamp,09/25/2006,,0,0,0,http://www.dec.ny.gov/animals/31803.html,-76.2992836292,42.7516452379,"(42.7516452379, -76.2992836292)"
Peconic River Headwaters,09/25/2006,,0,0,0,http://www.dec.ny.gov/animals/32019.html,-72.757785744,40.9074179575,"(40.9074179575, -72.757785744)"
Crown Point,09/25/2006,,0,0,0,http://www.dec.ny.gov/animals/32000.html,-73.431258181,44.0200206688,"(44.0200206688, -73.431258181)"
Keeney Swamp,09/25/2006,http://www.dec.ny.gov/images/regions_images/keeney1.jpg,350,181,120,http://www.dec.ny.gov/animals/32002.html,-77.8870131217,42.4246233138,"(42.4246233138, -77.8870131217)"
Tivoli Bay,09/25/2006,http://www.dec.ny.gov/images/environmentdec_images/TivoliNLaunch.jpg,300,160,120,http://www.dec.ny.gov/animals/32051.html,-73.9168889995,42.0378571644,"(42.0378571644, -73.9168889995)"
Black Creek Marsh,09/25/2006,,0,0,0,http://www.dec.ny.gov/animals/31815.html,-73.9630230899,42.6662409369,"(42.6662409369, -73.9630230899)"
Catskill High Peaks,06/10/1999,,0,0,0,http://www.dec.ny.gov/animals/27654.html,-74.3684712747,42.0517592475,"(42.0517592475, -74.3684712747)"
Bashakill,06/16/2000,,0,0,0,http://www.dec.ny.gov/animals/27702.html,-74.5068342639,41.5451401943,"(41.5451401943, -74.5068342639)"
Mongaup Valley,06/16/2000,,0,0,0,http://www.dec.ny.gov/animals/27134.html,-74.7921181034,41.5459460218,"(41.5459460218, -74.7921181034)"
Fahnestock,09/29/2000,,0,0,0,http://www.dec.ny.gov/animals/27252.html,-73.8553687652,41.4540806376,"(41.4540806376, -73.8553687652)"
Constitution Marsh,05/18/2001,,0,0,0,http://www.dec.ny.gov/animals/27458.html,-73.9437444181,41.4053825331,"(41.4053825331, -73.9437444181)"
Iona Island/Doodletown,08/31/1998,http://www.dec.ny.gov/images/environmentdec_images/ionaasmall.JPG,250,180,120,http://www.dec.ny.gov/animals/30779.html,-73.9910665534,41.2962034472,"(41.2962034472, -73.9910665534)"
David A. Sarnoff Pine Barrens Preserve,08/31/1998,http://www.dec.ny.gov/images/wildlife_images/pinebarrens10207.jpg,200,112,120,http://www.dec.ny.gov/animals/27036.html,-72.6539554413,40.8909308368,"(40.8909308368, -72.6539554413)"
Adirondack Sub-alpine Forest,11/16/2001,,0,0,0,http://www.dec.ny.gov/animals/7404.html,-74.1694171938,44.0490973692,"(44.0490973692, -74.1694171938)"
Perch River,11/16/2001,http://www.dec.ny.gov/images/regions_images/prwetland.jpg,275,160,120,http://www.dec.ny.gov/animals/27073.html,-75.9477885874,44.109229997,"(44.109229997, -75.9477885874)"
Harbor Herons,11/16/2001,,0,0,0,http://www.dec.ny.gov/animals/27238.html,-74.176208817,40.6293533817,"(40.6293533817, -74.176208817)"
Sterling Forest,10/26/2001,http://www.dec.ny.gov/images/lands_forests_images/sterlfrst61.jpg,350,181,120,http://www.dec.ny.gov/animals/27021.html,-74.2571449223,41.2150837919,"(41.2150837919, -74.2571449223)"
Lake Champlain Marshes,03/09/2002,,0,0,0,http://www.dec.ny.gov/animals/27650.html,-73.4263239574,44.5328352508,"(44.5328352508, -73.4263239574)"
High Tor,03/12/2002,,0,0,0,http://www.dec.ny.gov/animals/27226.html,-77.3560358296,42.6224332274,"(42.6224332274, -77.3560358296)"
Schodack Island,06/19/2002,,0,0,0,http://www.dec.ny.gov/animals/27032.html,-73.7788817898,42.4774847056,"(42.4774847056, -73.7788817898)"
Carter's Pond,10/22/2002,,0,0,0,http://www.dec.ny.gov/animals/27658.html,-73.4203771164,43.1729054599,"(43.1729054599, -73.4203771164)"
Upper and Lower Lakes,10/22/2002,http://www.dec.ny.gov/images/regions_images/upllakes.jpg,300,160,120,http://www.dec.ny.gov/animals/27009.html,-75.2634958879,44.5768061035,"(44.5768061035, -75.2634958879)"
Pharsalia,10/22/2002,,0,0,0,http://www.dec.ny.gov/animals/27042.html,-75.7134710874,42.6290879758,"(42.6290879758, -75.7134710874)"
Oak Orchard/Tonawanda,10/22/2002,,0,0,0,http://www.dec.ny.gov/animals/27107.html,-78.4354629721,43.106712347,"(43.106712347, -78.4354629721)"
Ashland,05/06/2003,http://www.dec.ny.gov/images/regions_images/ashfield.jpg,300,160,120,http://www.dec.ny.gov/animals/27725.html,-76.1994250785,44.1130026784,"(44.1130026784, -76.1994250785)"
Long Pond,05/06/2003,http://www.dec.ny.gov/images/lands_forests_images/longpond.jpg,300,150,120,http://www.dec.ny.gov/animals/27140.html,-75.8294787733,42.4169989948,"(42.4169989948, -75.8294787733)"
Helderberg,02/06/2004,http://www.dec.ny.gov/images/permits_ej_operations_images/thacher1.jpg,350,160,120,http://www.dec.ny.gov/animals/27233.html,-74.1821415143,42.5717472707,"(42.5717472707, -74.1821415143)"
South Shore Tidal Wetlands,02/06/2004,,0,0,0,http://www.dec.ny.gov/animals/27026.html,-73.1331899789,40.7203413084,"(40.7203413084, -73.1331899789)"
John Boyd Thacher/Thompson's Lake,04/26/2004,,0,0,0,http://www.dec.ny.gov/animals/27016.html,-74.0101118514,42.6463904279,"(42.6463904279, -74.0101118514)"
Clay Pit Ponds,03/14/2005,,0,0,0,http://www.dec.ny.gov/animals/27467.html,-74.2293094598,40.5410190236,"(40.5410190236, -74.2293094598)"
Lake Ontario Islands,08/18/2005,,0,0,0,http://www.dec.ny.gov/animals/27149.html,-76.3958590186,43.8848989988,"(43.8848989988, -76.3958590186)"
Letchworth,09/25/2006,http://www.dec.ny.gov/images/administration_images/0807letchworth.jpg,350,180,120,http://www.dec.ny.gov/animals/32006.html,-77.9748763677,42.6468473395,"(42.6468473395, -77.9748763677)"
Selkirk Shores,09/25/2006,,0,0,0,http://www.dec.ny.gov/animals/32027.html,-76.200332155,43.5558522447,"(43.5558522447, -76.200332155)"
Vischer Ferry,11/27/2006,,0,0,0,http://www.dec.ny.gov/animals/27006.html,-73.7968925814,42.7896715701,"(42.7896715701, -73.7968925814)"
Moreau Lake,12/19/2006,http://www.dec.ny.gov/images/lands_forests_images/moreaupk.jpg,225,0,0,http://www.dec.ny.gov/animals/32013.html,-73.7400976339,43.2367015515,"(43.2367015515, -73.7400976339)"
Napeague,05/14/2008,,0,0,0,http://www.dec.ny.gov/animals/45834.html,-72.0726835337,40.9927221441,"(40.9927221441, -72.0726835337)"
Nissequogue River,04/28/2000,,0,0,0,http://www.dec.ny.gov/animals/27112.html,-73.227109319,40.9001361957,"(40.9001361957, -73.227109319)"
Albany Pine Bush,09/18/2008,http://www.dec.ny.gov/images/lands_forests_images/albanypinebush(1).jpg,175,0,0,http://www.dec.ny.gov/animals/48628.html,-73.8862827294,42.7179182268,"(42.7179182268, -73.8862827294)"
Catharine Creek,10/03/2008,,0,0,0,http://www.dec.ny.gov/animals/48724.html,-76.8500146476,42.3628890488,"(42.3628890488, -76.8500146476)"
