{
 "currentVersion": 10.31,
 "serviceDescription": "Gemas Geochemical Mapping Agricultural and Grazing Land and Soil",
 "mapName": "GEMAS - Geochemical Mapping of Agricutural and Grazing Land Soil",
 "description": "",
 "copyrightText": "GSI",
 "supportsDynamicLayers": false,
 "layers": [
  {
   "id": 0,
   "name": "Aqua regia for Agricultural Land_Ap Samples",
   "parentLayerId": -1,
   "defaultVisibility": true,
   "subLayerIds": [
    1,
    2,
    3,
    4,
    5,
    6,
    7,
    8,
    9,
    10,
    11,
    12,
    13,
    14,
    15,
    16,
    17,
    18,
    19,
    20,
    21,
    22,
    23,
    24,
    25,
    26,
    27,
    28,
    29,
    30,
    31,
    32,
    33,
    34,
    35,
    36,
    37,
    38,
    39,
    40,
    41,
    42,
    43,
    44,
    45,
    46,
    47,
    48,
    49,
    50,
    51,
    52,
    53
   ],
   "minScale": 0,
   "maxScale": 0
  },
  {
   "id": 1,
   "name": "Ag_Silver_Ap_AquaRegia",
   "parentLayerId": 0,
   "defaultVisibility": true,
   "subLayerIds": null,
   "minScale": 0,
   "maxScale": 0
  },
  {
   "id": 2,
   "name": "Al_Alluminium_Ap_AquaRegia",
   "parentLayerId": 0,
   "defaultVisibility": false,
   "subLayerIds": null,
   "minScale": 0,
   "maxScale": 0
  },
  {
   "id": 3,
   "name": "As_Arsenic_Ap_AquaRegia",
   "parentLayerId": 0,
   "defaultVisibility": false,
   "subLayerIds": null,
   "minScale": 0,
   "maxScale": 0
  },
  {
   "id": 4,
   "name": "Au_Gold_Ap_AquaRegia",
   "parentLayerId": 0,
   "defaultVisibility": false,
   "subLayerIds": null,
   "minScale": 0,
   "maxScale": 0
  },
  {
   "id": 5,
   "name": "B_Boron_Ap_AquaRegia",
   "parentLayerId": 0,
   "defaultVisibility": false,
   "subLayerIds": null,
   "minScale": 0,
   "maxScale": 0
  },
  {
   "id": 6,
   "name": "Ba_Barium_Ap_AquaRegia",
   "parentLayerId": 0,
   "defaultVisibility": false,
   "subLayerIds": null,
   "minScale": 0,
   "maxScale": 0
  },
  {
   "id": 7,
   "name": "Bi_Bismuth_Ap_AquaRegia",
   "parentLayerId": 0,
   "defaultVisibility": false,
   "subLayerIds": null,
   "minScale": 0,
   "maxScale": 0
  },
  {
   "id": 8,
   "name": "Be_Beryllium_Ap_AquaRegia",
   "parentLayerId": 0,
   "defaultVisibility": false,
   "subLayerIds": null,
   "minScale": 0,
   "maxScale": 0
  },
  {
   "id": 9,
   "name": "Ca_Calcium_AP_AquaRegia",
   "parentLayerId": 0,
   "defaultVisibility": false,
   "subLayerIds": null,
   "minScale": 0,
   "maxScale": 0
  },
  {
   "id": 10,
   "name": "Cd_Cadmium_Ap_AquaRegia",
   "parentLayerId": 0,
   "defaultVisibility": false,
   "subLayerIds": null,
   "minScale": 0,
   "maxScale": 0
  },
  {
   "id": 11,
   "name": "Ce_Cerium_Ap_AquaRegia",
   "parentLayerId": 0,
   "defaultVisibility": false,
   "subLayerIds": null,
   "minScale": 0,
   "maxScale": 0
  },
  {
   "id": 12,
   "name": "Co_Cobalt_Ap_AquaRegia",
   "parentLayerId": 0,
   "defaultVisibility": false,
   "subLayerIds": null,
   "minScale": 0,
   "maxScale": 0
  },
  {
   "id": 13,
   "name": "Cr_Chromium_Ap_AquaRegia",
   "parentLayerId": 0,
   "defaultVisibility": false,
   "subLayerIds": null,
   "minScale": 0,
   "maxScale": 0
  },
  {
   "id": 14,
   "name": "Cs_Caesium_Ap_AquaRegia",
   "parentLayerId": 0,
   "defaultVisibility": false,
   "subLayerIds": null,
   "minScale": 0,
   "maxScale": 0
  },
  {
   "id": 15,
   "name": "Cu_Copper_Ap_AquaRegia",
   "parentLayerId": 0,
   "defaultVisibility": false,
   "subLayerIds": null,
   "minScale": 0,
   "maxScale": 0
  },
  {
   "id": 16,
   "name": "Fe_Iron_AP_AquaRegia",
   "parentLayerId": 0,
   "defaultVisibility": false,
   "subLayerIds": null,
   "minScale": 0,
   "maxScale": 0
  },
  {
   "id": 17,
   "name": "Ga_Gallium_AP_AquaRegia",
   "parentLayerId": 0,
   "defaultVisibility": false,
   "subLayerIds": null,
   "minScale": 0,
   "maxScale": 0
  },
  {
   "id": 18,
   "name": "Ge_Germanium_Ap_AquaRegia",
   "parentLayerId": 0,
   "defaultVisibility": false,
   "subLayerIds": null,
   "minScale": 0,
   "maxScale": 0
  },
  {
   "id": 19,
   "name": "Hf_Hafnium_Ap_AquaRegia",
   "parentLayerId": 0,
   "defaultVisibility": false,
   "subLayerIds": null,
   "minScale": 0,
   "maxScale": 0
  },
  {
   "id": 20,
   "name": "Hg_Mercury_Ap_AquaRegia",
   "parentLayerId": 0,
   "defaultVisibility": false,
   "subLayerIds": null,
   "minScale": 0,
   "maxScale": 0
  },
  {
   "id": 21,
   "name": "In_Indium_Ap_AquaRegia",
   "parentLayerId": 0,
   "defaultVisibility": false,
   "subLayerIds": null,
   "minScale": 0,
   "maxScale": 0
  },
  {
   "id": 22,
   "name": "K_Potassium_Ap_AquaRegia",
   "parentLayerId": 0,
   "defaultVisibility": false,
   "subLayerIds": null,
   "minScale": 0,
   "maxScale": 0
  },
  {
   "id": 23,
   "name": "La_Lanthanum_Ap_AquaRegia",
   "parentLayerId": 0,
   "defaultVisibility": false,
   "subLayerIds": null,
   "minScale": 0,
   "maxScale": 0
  },
  {
   "id": 24,
   "name": "Li_Lithium_Ap_AquaRegia",
   "parentLayerId": 0,
   "defaultVisibility": false,
   "subLayerIds": null,
   "minScale": 0,
   "maxScale": 0
  },
  {
   "id": 25,
   "name": "Mg_Magnesium_Ap_AquaRegia",
   "parentLayerId": 0,
   "defaultVisibility": false,
   "subLayerIds": null,
   "minScale": 0,
   "maxScale": 0
  },
  {
   "id": 26,
   "name": "Mn_Manganese_Ap_AquaRegia",
   "parentLayerId": 0,
   "defaultVisibility": false,
   "subLayerIds": null,
   "minScale": 0,
   "maxScale": 0
  },
  {
   "id": 27,
   "name": "Mo_Molybdenum_Ap_AquaRegia",
   "parentLayerId": 0,
   "defaultVisibility": false,
   "subLayerIds": null,
   "minScale": 0,
   "maxScale": 0
  },
  {
   "id": 28,
   "name": "Na_Sodium_Ap_AquaRegia",
   "parentLayerId": 0,
   "defaultVisibility": false,
   "subLayerIds": null,
   "minScale": 0,
   "maxScale": 0
  },
  {
   "id": 29,
   "name": "Nb_Niobium_Ap_AquaRegia",
   "parentLayerId": 0,
   "defaultVisibility": false,
   "subLayerIds": null,
   "minScale": 0,
   "maxScale": 0
  },
  {
   "id": 30,
   "name": "Ni_Nickel_Ap_AquaRegia",
   "parentLayerId": 0,
   "defaultVisibility": false,
   "subLayerIds": null,
   "minScale": 0,
   "maxScale": 0
  },
  {
   "id": 31,
   "name": "P_Phosphorus_Ap_AquaRegia",
   "parentLayerId": 0,
   "defaultVisibility": false,
   "subLayerIds": null,
   "minScale": 0,
   "maxScale": 0
  },
  {
   "id": 32,
   "name": "Pb_Lead_Ap_AquaRegia",
   "parentLayerId": 0,
   "defaultVisibility": false,
   "subLayerIds": null,
   "minScale": 0,
   "maxScale": 0
  },
  {
   "id": 33,
   "name": "Pd_Palladium_Ap_AquaRegia",
   "parentLayerId": 0,
   "defaultVisibility": false,
   "subLayerIds": null,
   "minScale": 0,
   "maxScale": 0
  },
  {
   "id": 34,
   "name": "Pt_Platinum_Ap_AquaRegia",
   "parentLayerId": 0,
   "defaultVisibility": false,
   "subLayerIds": null,
   "minScale": 0,
   "maxScale": 0
  },
  {
   "id": 35,
   "name": "Rb_Rubidium_Ap_AquaRegia",
   "parentLayerId": 0,
   "defaultVisibility": false,
   "subLayerIds": null,
   "minScale": 0,
   "maxScale": 0
  },
  {
   "id": 36,
   "name": "Re_Rhenium_Ap_AquaRegia",
   "parentLayerId": 0,
   "defaultVisibility": false,
   "subLayerIds": null,
   "minScale": 0,
   "maxScale": 0
  },
  {
   "id": 37,
   "name": "S_Sulphur_Ap_AquaRegia",
   "parentLayerId": 0,
   "defaultVisibility": false,
   "subLayerIds": null,
   "minScale": 0,
   "maxScale": 0
  },
  {
   "id": 38,
   "name": "Sb_Antimony_Ap_AquaRegia",
   "parentLayerId": 0,
   "defaultVisibility": false,
   "subLayerIds": null,
   "minScale": 0,
   "maxScale": 0
  },
  {
   "id": 39,
   "name": "Sc_Scandium_Ap_AquaRegia",
   "parentLayerId": 0,
   "defaultVisibility": false,
   "subLayerIds": null,
   "minScale": 0,
   "maxScale": 0
  },
  {
   "id": 40,
   "name": "Se_Selenium_Ap_AquaRegia",
   "parentLayerId": 0,
   "defaultVisibility": false,
   "subLayerIds": null,
   "minScale": 0,
   "maxScale": 0
  },
  {
   "id": 41,
   "name": "Sn_Tin_Ap_AquaRegia",
   "parentLayerId": 0,
   "defaultVisibility": false,
   "subLayerIds": null,
   "minScale": 0,
   "maxScale": 0
  },
  {
   "id": 42,
   "name": "Sr_Strontium_Ap_AquaRegia",
   "parentLayerId": 0,
   "defaultVisibility": false,
   "subLayerIds": null,
   "minScale": 0,
   "maxScale": 0
  },
  {
   "id": 43,
   "name": "Ta_Tantalum_Ap_AquaRegia",
   "parentLayerId": 0,
   "defaultVisibility": false,
   "subLayerIds": null,
   "minScale": 0,
   "maxScale": 0
  },
  {
   "id": 44,
   "name": "Te_Tellurium_Ap_AquaRegia",
   "parentLayerId": 0,
   "defaultVisibility": false,
   "subLayerIds": null,
   "minScale": 0,
   "maxScale": 0
  },
  {
   "id": 45,
   "name": "Th_Thorium_Ap_AquaRegia",
   "parentLayerId": 0,
   "defaultVisibility": false,
   "subLayerIds": null,
   "minScale": 0,
   "maxScale": 0
  },
  {
   "id": 46,
   "name": "Ti_Titanium_Ap_AquaRegia",
   "parentLayerId": 0,
   "defaultVisibility": false,
   "subLayerIds": null,
   "minScale": 0,
   "maxScale": 0
  },
  {
   "id": 47,
   "name": "Tl_Thallium_Ap_AquaRegia",
   "parentLayerId": 0,
   "defaultVisibility": false,
   "subLayerIds": null,
   "minScale": 0,
   "maxScale": 0
  },
  {
   "id": 48,
   "name": "U_Uranium_Ap_AquaRegia",
   "parentLayerId": 0,
   "defaultVisibility": false,
   "subLayerIds": null,
   "minScale": 0,
   "maxScale": 0
  },
  {
   "id": 49,
   "name": "V_Vanadium_Ap_AquaRegia",
   "parentLayerId": 0,
   "defaultVisibility": false,
   "subLayerIds": null,
   "minScale": 0,
   "maxScale": 0
  },
  {
   "id": 50,
   "name": "W_Tungsten_Ap_AquaRegia",
   "parentLayerId": 0,
   "defaultVisibility": false,
   "subLayerIds": null,
   "minScale": 0,
   "maxScale": 0
  },
  {
   "id": 51,
   "name": "Y_Yttrium_Ap_AquaRegia",
   "parentLayerId": 0,
   "defaultVisibility": false,
   "subLayerIds": null,
   "minScale": 0,
   "maxScale": 0
  },
  {
   "id": 52,
   "name": "Zn_Zinc_Ap_AquaRegia",
   "parentLayerId": 0,
   "defaultVisibility": false,
   "subLayerIds": null,
   "minScale": 0,
   "maxScale": 0
  },
  {
   "id": 53,
   "name": "Zr_Zirconium_Ap_AquaRegia",
   "parentLayerId": 0,
   "defaultVisibility": false,
   "subLayerIds": null,
   "minScale": 0,
   "maxScale": 0
  },
  {
   "id": 54,
   "name": "Aqua regia for Grazing Land_Gr Samples",
   "parentLayerId": -1,
   "defaultVisibility": false,
   "subLayerIds": [
    55,
    56,
    57,
    58,
    59,
    60,
    61,
    62,
    63,
    64,
    65,
    66,
    67,
    68,
    69,
    70,
    71,
    72,
    73,
    74,
    75,
    76,
    77,
    78,
    79,
    80,
    81,
    82,
    83,
    84,
    85,
    86,
    87,
    88,
    89,
    90,
    91,
    92,
    93,
    94,
    95,
    96,
    97,
    98,
    99,
    100,
    101,
    102,
    103,
    104,
    105,
    106,
    107
   ],
   "minScale": 0,
   "maxScale": 0
  },
  {
   "id": 55,
   "name": "Ag_Silver_Gr_AquaRegia ",
   "parentLayerId": 54,
   "defaultVisibility": true,
   "subLayerIds": null,
   "minScale": 0,
   "maxScale": 0
  },
  {
   "id": 56,
   "name": "Al_Alluminium_Gr_AquaRegia  ",
   "parentLayerId": 54,
   "defaultVisibility": false,
   "subLayerIds": null,
   "minScale": 0,
   "maxScale": 0
  },
  {
   "id": 57,
   "name": "As_Arsenic_Gr_AquaRegia  mg/kg",
   "parentLayerId": 54,
   "defaultVisibility": false,
   "subLayerIds": null,
   "minScale": 0,
   "maxScale": 0
  },
  {
   "id": 58,
   "name": "Au_Gold_Gr_AquaRegia  mg/kg",
   "parentLayerId": 54,
   "defaultVisibility": false,
   "subLayerIds": null,
   "minScale": 0,
   "maxScale": 0
  },
  {
   "id": 59,
   "name": "B_Boron_Gr_AquaRegia  mg/kg",
   "parentLayerId": 54,
   "defaultVisibility": false,
   "subLayerIds": null,
   "minScale": 0,
   "maxScale": 0
  },
  {
   "id": 60,
   "name": "Ba_Barium_Gr_AquaRegia  mg/kg",
   "parentLayerId": 54,
   "defaultVisibility": false,
   "subLayerIds": null,
   "minScale": 0,
   "maxScale": 0
  },
  {
   "id": 61,
   "name": "Be_Berillium_Gr_AquaRegia  mg/kg",
   "parentLayerId": 54,
   "defaultVisibility": false,
   "subLayerIds": null,
   "minScale": 0,
   "maxScale": 0
  },
  {
   "id": 62,
   "name": "Bi_Bismuth_Gr_AquaRegia  mg/kg",
   "parentLayerId": 54,
   "defaultVisibility": false,
   "subLayerIds": null,
   "minScale": 0,
   "maxScale": 0
  },
  {
   "id": 63,
   "name": "Ca_Calcium_Gr_AquaRegia  mg/kg",
   "parentLayerId": 54,
   "defaultVisibility": false,
   "subLayerIds": null,
   "minScale": 0,
   "maxScale": 0
  },
  {
   "id": 64,
   "name": "Cd_Cadmium_Gr_AquaRegia  mg/kg",
   "parentLayerId": 54,
   "defaultVisibility": false,
   "subLayerIds": null,
   "minScale": 0,
   "maxScale": 0
  },
  {
   "id": 65,
   "name": "Ce_Cerium_Gr_AquaRegia  mg/kg",
   "parentLayerId": 54,
   "defaultVisibility": false,
   "subLayerIds": null,
   "minScale": 0,
   "maxScale": 0
  },
  {
   "id": 66,
   "name": "Co_Cobalt_Gr_AquaRegia  mg/kg",
   "parentLayerId": 54,
   "defaultVisibility": false,
   "subLayerIds": null,
   "minScale": 0,
   "maxScale": 0
  },
  {
   "id": 67,
   "name": "Cr_Chromium_Gr_AquaRegia  mg/kg",
   "parentLayerId": 54,
   "defaultVisibility": false,
   "subLayerIds": null,
   "minScale": 0,
   "maxScale": 0
  },
  {
   "id": 68,
   "name": "Cs_Caesium_Gr_AquaRegia  mg/kg",
   "parentLayerId": 54,
   "defaultVisibility": false,
   "subLayerIds": null,
   "minScale": 0,
   "maxScale": 0
  },
  {
   "id": 69,
   "name": "Cu_Copper_Gr_AquaRegia  mg/kg",
   "parentLayerId": 54,
   "defaultVisibility": false,
   "subLayerIds": null,
   "minScale": 0,
   "maxScale": 0
  },
  {
   "id": 70,
   "name": "Fe_Iron_Gr_AquaRegia  mg/kg",
   "parentLayerId": 54,
   "defaultVisibility": false,
   "subLayerIds": null,
   "minScale": 0,
   "maxScale": 0
  },
  {
   "id": 71,
   "name": "Ga_Gallium_Gr_AquaRegia  mg/kg",
   "parentLayerId": 54,
   "defaultVisibility": false,
   "subLayerIds": null,
   "minScale": 0,
   "maxScale": 0
  },
  {
   "id": 72,
   "name": "Ge_Germanium_GR_AquaRegia  mg/kg",
   "parentLayerId": 54,
   "defaultVisibility": false,
   "subLayerIds": null,
   "minScale": 0,
   "maxScale": 0
  },
  {
   "id": 73,
   "name": "Hf_Hafnium_Gr_AquaRegia  mg/kg",
   "parentLayerId": 54,
   "defaultVisibility": false,
   "subLayerIds": null,
   "minScale": 0,
   "maxScale": 0
  },
  {
   "id": 74,
   "name": "Hg_Mercury_Gr_AquaRegia  mg/kg",
   "parentLayerId": 54,
   "defaultVisibility": false,
   "subLayerIds": null,
   "minScale": 0,
   "maxScale": 0
  },
  {
   "id": 75,
   "name": "In_Indium_Gr_AquaRegia  mg/kg",
   "parentLayerId": 54,
   "defaultVisibility": false,
   "subLayerIds": null,
   "minScale": 0,
   "maxScale": 0
  },
  {
   "id": 76,
   "name": "K_Potassium_Gr_AquaRegia  mg/kg",
   "parentLayerId": 54,
   "defaultVisibility": false,
   "subLayerIds": null,
   "minScale": 0,
   "maxScale": 0
  },
  {
   "id": 77,
   "name": "La_Lanthanum_Gr_AquaRegia  mg/kg",
   "parentLayerId": 54,
   "defaultVisibility": false,
   "subLayerIds": null,
   "minScale": 0,
   "maxScale": 0
  },
  {
   "id": 78,
   "name": "Li_Lithium_GR_AquaRegia  mg/kg",
   "parentLayerId": 54,
   "defaultVisibility": false,
   "subLayerIds": null,
   "minScale": 0,
   "maxScale": 0
  },
  {
   "id": 79,
   "name": "Mg_Magnesium_Gr_AquaRegia  mg/kg",
   "parentLayerId": 54,
   "defaultVisibility": false,
   "subLayerIds": null,
   "minScale": 0,
   "maxScale": 0
  },
  {
   "id": 80,
   "name": "Mn_Manganese_Gr_AquaRegia  mg/kg",
   "parentLayerId": 54,
   "defaultVisibility": false,
   "subLayerIds": null,
   "minScale": 0,
   "maxScale": 0
  },
  {
   "id": 81,
   "name": "Mo_Molybdenum_Gr_AquaRegia  mg/kg",
   "parentLayerId": 54,
   "defaultVisibility": false,
   "subLayerIds": null,
   "minScale": 0,
   "maxScale": 0
  },
  {
   "id": 82,
   "name": "Na_Sodium_Gr_AquaRegia  mg/kg",
   "parentLayerId": 54,
   "defaultVisibility": false,
   "subLayerIds": null,
   "minScale": 0,
   "maxScale": 0
  },
  {
   "id": 83,
   "name": "Nb_Niobium_Gr_AquaRegia  mg/kg",
   "parentLayerId": 54,
   "defaultVisibility": false,
   "subLayerIds": null,
   "minScale": 0,
   "maxScale": 0
  },
  {
   "id": 84,
   "name": "Ni_Nickel_Gr_AquaRegia  mg/kg",
   "parentLayerId": 54,
   "defaultVisibility": false,
   "subLayerIds": null,
   "minScale": 0,
   "maxScale": 0
  },
  {
   "id": 85,
   "name": "P_Potassium_Gr_AquaRegia  mg/kg",
   "parentLayerId": 54,
   "defaultVisibility": false,
   "subLayerIds": null,
   "minScale": 0,
   "maxScale": 0
  },
  {
   "id": 86,
   "name": "Pb_Lead_Gr_AquaRegia  mg/kg",
   "parentLayerId": 54,
   "defaultVisibility": false,
   "subLayerIds": null,
   "minScale": 0,
   "maxScale": 0
  },
  {
   "id": 87,
   "name": "Pd_Palladium_Gr_AquaRegia  mg/kg",
   "parentLayerId": 54,
   "defaultVisibility": false,
   "subLayerIds": null,
   "minScale": 0,
   "maxScale": 0
  },
  {
   "id": 88,
   "name": "Pt_Platinum_Gr_AquaRegia  mg/kg",
   "parentLayerId": 54,
   "defaultVisibility": false,
   "subLayerIds": null,
   "minScale": 0,
   "maxScale": 0
  },
  {
   "id": 89,
   "name": "Rb_Rubidium_Gr_AquaRegia  mg/kg",
   "parentLayerId": 54,
   "defaultVisibility": false,
   "subLayerIds": null,
   "minScale": 0,
   "maxScale": 0
  },
  {
   "id": 90,
   "name": "Re_Rhenium_Gr_AquaRegia  mg/kg",
   "parentLayerId": 54,
   "defaultVisibility": false,
   "subLayerIds": null,
   "minScale": 0,
   "maxScale": 0
  },
  {
   "id": 91,
   "name": "S_Sulphur_Gr_AquaRegia  mg/kg",
   "parentLayerId": 54,
   "defaultVisibility": false,
   "subLayerIds": null,
   "minScale": 0,
   "maxScale": 0
  },
  {
   "id": 92,
   "name": "Sb_Antimony_Gr_AquaRegia  mg/kg",
   "parentLayerId": 54,
   "defaultVisibility": false,
   "subLayerIds": null,
   "minScale": 0,
   "maxScale": 0
  },
  {
   "id": 93,
   "name": "Sc_Scandium_Gr_AquaRegia  mg/kg",
   "parentLayerId": 54,
   "defaultVisibility": false,
   "subLayerIds": null,
   "minScale": 0,
   "maxScale": 0
  },
  {
   "id": 94,
   "name": "Se_Selenium_Gr_GEMAS_AquaRegia",
   "parentLayerId": 54,
   "defaultVisibility": false,
   "subLayerIds": null,
   "minScale": 0,
   "maxScale": 0
  },
  {
   "id": 95,
   "name": "Sr_Strontium_Gr_GEMAS_AquaRegia",
   "parentLayerId": 54,
   "defaultVisibility": false,
   "subLayerIds": null,
   "minScale": 0,
   "maxScale": 0
  },
  {
   "id": 96,
   "name": "Ta_Tantalum_Gr_GEMAS_AquaRegia",
   "parentLayerId": 54,
   "defaultVisibility": false,
   "subLayerIds": null,
   "minScale": 0,
   "maxScale": 0
  },
  {
   "id": 97,
   "name": "Sn_Tin_Gr_AquaRegia  mg/kg",
   "parentLayerId": 54,
   "defaultVisibility": false,
   "subLayerIds": null,
   "minScale": 0,
   "maxScale": 0
  },
  {
   "id": 98,
   "name": "Te_Tellurium_Gr_AquaRegia  mg/kg",
   "parentLayerId": 54,
   "defaultVisibility": false,
   "subLayerIds": null,
   "minScale": 0,
   "maxScale": 0
  },
  {
   "id": 99,
   "name": "Th_Thorium_Gr_AquaRegia  mg/kg",
   "parentLayerId": 54,
   "defaultVisibility": false,
   "subLayerIds": null,
   "minScale": 0,
   "maxScale": 0
  },
  {
   "id": 100,
   "name": "Ti_Titanium_Gr_AquaRegia  mg/kg",
   "parentLayerId": 54,
   "defaultVisibility": false,
   "subLayerIds": null,
   "minScale": 0,
   "maxScale": 0
  },
  {
   "id": 101,
   "name": "Tl_Thallium_Gr_AquaRegia  mg/kg",
   "parentLayerId": 54,
   "defaultVisibility": false,
   "subLayerIds": null,
   "minScale": 0,
   "maxScale": 0
  },
  {
   "id": 102,
   "name": "U_Uranium_Gr_AquaRegia  mg/kg",
   "parentLayerId": 54,
   "defaultVisibility": false,
   "subLayerIds": null,
   "minScale": 0,
   "maxScale": 0
  },
  {
   "id": 103,
   "name": "V_Vanadium_Gr_AquaRegia  mg/kg",
   "parentLayerId": 54,
   "defaultVisibility": false,
   "subLayerIds": null,
   "minScale": 0,
   "maxScale": 0
  },
  {
   "id": 104,
   "name": "W_Tungsten_Gr_AquaRegia  mg/kg",
   "parentLayerId": 54,
   "defaultVisibility": false,
   "subLayerIds": null,
   "minScale": 0,
   "maxScale": 0
  },
  {
   "id": 105,
   "name": "Y_Yttrium_Gr_AquaRegia  mg/kg",
   "parentLayerId": 54,
   "defaultVisibility": false,
   "subLayerIds": null,
   "minScale": 0,
   "maxScale": 0
  },
  {
   "id": 106,
   "name": "Zn_Zinc_Gr_AquaRegia  mg/kg",
   "parentLayerId": 54,
   "defaultVisibility": false,
   "subLayerIds": null,
   "minScale": 0,
   "maxScale": 0
  },
  {
   "id": 107,
   "name": "Zr_Zirconium_Gr_AquaRegia  mg/kg",
   "parentLayerId": 54,
   "defaultVisibility": false,
   "subLayerIds": null,
   "minScale": 0,
   "maxScale": 0
  },
  {
   "id": 108,
   "name": "MMI_Mobile Metal Ion_Agricultural Land_Ap Samples",
   "parentLayerId": -1,
   "defaultVisibility": false,
   "subLayerIds": [
    109,
    110,
    111,
    112,
    113,
    114,
    115,
    116,
    117,
    118,
    119,
    120,
    121,
    122,
    123,
    124,
    125,
    126,
    127,
    128,
    129,
    130,
    131,
    132,
    133,
    134,
    135,
    136,
    137,
    138,
    139,
    140,
    141,
    142,
    143,
    144,
    145,
    146,
    147,
    148,
    149,
    150,
    151,
    152,
    153,
    154,
    155,
    156,
    157,
    158,
    159,
    160,
    161,
    162
   ],
   "minScale": 0,
   "maxScale": 0
  },
  {
   "id": 109,
   "name": "Ag_Silver_Ap_MMI",
   "parentLayerId": 108,
   "defaultVisibility": true,
   "subLayerIds": null,
   "minScale": 0,
   "maxScale": 0
  },
  {
   "id": 110,
   "name": "Al_Alluminium_Ap_MMI",
   "parentLayerId": 108,
   "defaultVisibility": false,
   "subLayerIds": null,
   "minScale": 0,
   "maxScale": 0
  },
  {
   "id": 111,
   "name": "As_Arsenic_Ap_MMI",
   "parentLayerId": 108,
   "defaultVisibility": false,
   "subLayerIds": null,
   "minScale": 0,
   "maxScale": 0
  },
  {
   "id": 112,
   "name": "Au_Gold_Ap_MMI",
   "parentLayerId": 108,
   "defaultVisibility": false,
   "subLayerIds": null,
   "minScale": 0,
   "maxScale": 0
  },
  {
   "id": 113,
   "name": "Ba_Barium_Ap_MMI",
   "parentLayerId": 108,
   "defaultVisibility": false,
   "subLayerIds": null,
   "minScale": 0,
   "maxScale": 0
  },
  {
   "id": 114,
   "name": "Bi_Bismuth_Ap_MMI",
   "parentLayerId": 108,
   "defaultVisibility": false,
   "subLayerIds": null,
   "minScale": 0,
   "maxScale": 0
  },
  {
   "id": 115,
   "name": "Ca_Calcium_Ap_MMI",
   "parentLayerId": 108,
   "defaultVisibility": false,
   "subLayerIds": null,
   "minScale": 0,
   "maxScale": 0
  },
  {
   "id": 116,
   "name": "Cd_Cadmium_Ap_MMI",
   "parentLayerId": 108,
   "defaultVisibility": false,
   "subLayerIds": null,
   "minScale": 0,
   "maxScale": 0
  },
  {
   "id": 117,
   "name": "Ce_Cerium_Ap_MMI",
   "parentLayerId": 108,
   "defaultVisibility": false,
   "subLayerIds": null,
   "minScale": 0,
   "maxScale": 0
  },
  {
   "id": 118,
   "name": "Co_Cobalt_Ap_MMI",
   "parentLayerId": 108,
   "defaultVisibility": false,
   "subLayerIds": null,
   "minScale": 0,
   "maxScale": 0
  },
  {
   "id": 119,
   "name": "Cr_Chromium_Ap_MMI",
   "parentLayerId": 108,
   "defaultVisibility": false,
   "subLayerIds": null,
   "minScale": 0,
   "maxScale": 0
  },
  {
   "id": 120,
   "name": "Cs_Caesium_Ap_MMI",
   "parentLayerId": 108,
   "defaultVisibility": false,
   "subLayerIds": null,
   "minScale": 0,
   "maxScale": 0
  },
  {
   "id": 121,
   "name": "Cu_Copper_Ap_MMI",
   "parentLayerId": 108,
   "defaultVisibility": false,
   "subLayerIds": null,
   "minScale": 0,
   "maxScale": 0
  },
  {
   "id": 122,
   "name": "Dy_Dysprosium_Ap_MMI",
   "parentLayerId": 108,
   "defaultVisibility": false,
   "subLayerIds": null,
   "minScale": 0,
   "maxScale": 0
  },
  {
   "id": 123,
   "name": "Er_Erbium_Ap_MMI",
   "parentLayerId": 108,
   "defaultVisibility": false,
   "subLayerIds": null,
   "minScale": 0,
   "maxScale": 0
  },
  {
   "id": 124,
   "name": "Eu_Europium_Ap_MMI",
   "parentLayerId": 108,
   "defaultVisibility": false,
   "subLayerIds": null,
   "minScale": 0,
   "maxScale": 0
  },
  {
   "id": 125,
   "name": "Fe_Iron_Ap_MMI",
   "parentLayerId": 108,
   "defaultVisibility": false,
   "subLayerIds": null,
   "minScale": 0,
   "maxScale": 0
  },
  {
   "id": 126,
   "name": "Ga_Gallium_Ap_MMI",
   "parentLayerId": 108,
   "defaultVisibility": false,
   "subLayerIds": null,
   "minScale": 0,
   "maxScale": 0
  },
  {
   "id": 127,
   "name": "Gd_Gadolinium_Ap_MMI",
   "parentLayerId": 108,
   "defaultVisibility": false,
   "subLayerIds": null,
   "minScale": 0,
   "maxScale": 0
  },
  {
   "id": 128,
   "name": "Hg_Mercury_Ap_MMI",
   "parentLayerId": 108,
   "defaultVisibility": false,
   "subLayerIds": null,
   "minScale": 0,
   "maxScale": 0
  },
  {
   "id": 129,
   "name": "In_Indium_Ap_MMI",
   "parentLayerId": 108,
   "defaultVisibility": false,
   "subLayerIds": null,
   "minScale": 0,
   "maxScale": 0
  },
  {
   "id": 130,
   "name": "K_Potassium_Ap_MMI",
   "parentLayerId": 108,
   "defaultVisibility": false,
   "subLayerIds": null,
   "minScale": 0,
   "maxScale": 0
  },
  {
   "id": 131,
   "name": "La_Lanthanum_Ap_MMI",
   "parentLayerId": 108,
   "defaultVisibility": false,
   "subLayerIds": null,
   "minScale": 0,
   "maxScale": 0
  },
  {
   "id": 132,
   "name": "Li_Lithium_AP_MMI",
   "parentLayerId": 108,
   "defaultVisibility": false,
   "subLayerIds": null,
   "minScale": 0,
   "maxScale": 0
  },
  {
   "id": 133,
   "name": "Mg_Magnesium_Ap_MMI",
   "parentLayerId": 108,
   "defaultVisibility": false,
   "subLayerIds": null,
   "minScale": 0,
   "maxScale": 0
  },
  {
   "id": 134,
   "name": "Mn_Manganese_Ap_MMI",
   "parentLayerId": 108,
   "defaultVisibility": false,
   "subLayerIds": null,
   "minScale": 0,
   "maxScale": 0
  },
  {
   "id": 135,
   "name": "Mo_Molybdenum_AP_MMI",
   "parentLayerId": 108,
   "defaultVisibility": false,
   "subLayerIds": null,
   "minScale": 0,
   "maxScale": 0
  },
  {
   "id": 136,
   "name": "Nb_Niobium_Ap_MMI",
   "parentLayerId": 108,
   "defaultVisibility": false,
   "subLayerIds": null,
   "minScale": 0,
   "maxScale": 0
  },
  {
   "id": 137,
   "name": "Nd_Neodymium_Ap_MMI",
   "parentLayerId": 108,
   "defaultVisibility": false,
   "subLayerIds": null,
   "minScale": 0,
   "maxScale": 0
  },
  {
   "id": 138,
   "name": "Ni_Nickel_Ap_MMI",
   "parentLayerId": 108,
   "defaultVisibility": false,
   "subLayerIds": null,
   "minScale": 0,
   "maxScale": 0
  },
  {
   "id": 139,
   "name": "P_Phosphorus_Ap_MMI",
   "parentLayerId": 108,
   "defaultVisibility": false,
   "subLayerIds": null,
   "minScale": 0,
   "maxScale": 0
  },
  {
   "id": 140,
   "name": "Pb_Lead_Ap_MMI",
   "parentLayerId": 108,
   "defaultVisibility": false,
   "subLayerIds": null,
   "minScale": 0,
   "maxScale": 0
  },
  {
   "id": 141,
   "name": "Pd_Palladium_Ap_MMI",
   "parentLayerId": 108,
   "defaultVisibility": false,
   "subLayerIds": null,
   "minScale": 0,
   "maxScale": 0
  },
  {
   "id": 142,
   "name": "Pr_Praseodemiuim_MMI",
   "parentLayerId": 108,
   "defaultVisibility": false,
   "subLayerIds": null,
   "minScale": 0,
   "maxScale": 0
  },
  {
   "id": 143,
   "name": "Pt_Platinum_Ap_MMI",
   "parentLayerId": 108,
   "defaultVisibility": false,
   "subLayerIds": null,
   "minScale": 0,
   "maxScale": 0
  },
  {
   "id": 144,
   "name": "Rb_Rubidium_Ap_MMI",
   "parentLayerId": 108,
   "defaultVisibility": false,
   "subLayerIds": null,
   "minScale": 0,
   "maxScale": 0
  },
  {
   "id": 145,
   "name": "S_Sulphur_Ap_MMI",
   "parentLayerId": 108,
   "defaultVisibility": false,
   "subLayerIds": null,
   "minScale": 0,
   "maxScale": 0
  },
  {
   "id": 146,
   "name": "Sb_Antimony_Ap_MMI",
   "parentLayerId": 108,
   "defaultVisibility": false,
   "subLayerIds": null,
   "minScale": 0,
   "maxScale": 0
  },
  {
   "id": 147,
   "name": "Sc_Scandium_Ap_MMI",
   "parentLayerId": 108,
   "defaultVisibility": false,
   "subLayerIds": null,
   "minScale": 0,
   "maxScale": 0
  },
  {
   "id": 148,
   "name": "Se_Selenium_Ap_MMI",
   "parentLayerId": 108,
   "defaultVisibility": false,
   "subLayerIds": null,
   "minScale": 0,
   "maxScale": 0
  },
  {
   "id": 149,
   "name": "Sm_Samarium_Ap_MMI",
   "parentLayerId": 108,
   "defaultVisibility": false,
   "subLayerIds": null,
   "minScale": 0,
   "maxScale": 0
  },
  {
   "id": 150,
   "name": "Sn_Tin_Ap_MMI",
   "parentLayerId": 108,
   "defaultVisibility": false,
   "subLayerIds": null,
   "minScale": 0,
   "maxScale": 0
  },
  {
   "id": 151,
   "name": "Sr_Strontium_Ap_MMI",
   "parentLayerId": 108,
   "defaultVisibility": false,
   "subLayerIds": null,
   "minScale": 0,
   "maxScale": 0
  },
  {
   "id": 152,
   "name": "Ta_Tantalum_Ap_MMI",
   "parentLayerId": 108,
   "defaultVisibility": false,
   "subLayerIds": null,
   "minScale": 0,
   "maxScale": 0
  },
  {
   "id": 153,
   "name": "Tb_Terbium_Ap_MMI",
   "parentLayerId": 108,
   "defaultVisibility": false,
   "subLayerIds": null,
   "minScale": 0,
   "maxScale": 0
  },
  {
   "id": 154,
   "name": "Te_Tellurium_Ap_MMI",
   "parentLayerId": 108,
   "defaultVisibility": false,
   "subLayerIds": null,
   "minScale": 0,
   "maxScale": 0
  },
  {
   "id": 155,
   "name": "Th_Thorium_Ap_MMI",
   "parentLayerId": 108,
   "defaultVisibility": false,
   "subLayerIds": null,
   "minScale": 0,
   "maxScale": 0
  },
  {
   "id": 156,
   "name": "Ti_Titanium_Ap_MMI",
   "parentLayerId": 108,
   "defaultVisibility": false,
   "subLayerIds": null,
   "minScale": 0,
   "maxScale": 0
  },
  {
   "id": 157,
   "name": "Tl_Thallium_Ap_MMI",
   "parentLayerId": 108,
   "defaultVisibility": false,
   "subLayerIds": null,
   "minScale": 0,
   "maxScale": 0
  },
  {
   "id": 158,
   "name": "U_Uranium_Ap_MMI",
   "parentLayerId": 108,
   "defaultVisibility": false,
   "subLayerIds": null,
   "minScale": 0,
   "maxScale": 0
  },
  {
   "id": 159,
   "name": "V_Vanadium_Ap_MMI",
   "parentLayerId": 108,
   "defaultVisibility": false,
   "subLayerIds": null,
   "minScale": 0,
   "maxScale": 0
  },
  {
   "id": 160,
   "name": "W_Tungsten_Ap_MMI",
   "parentLayerId": 108,
   "defaultVisibility": false,
   "subLayerIds": null,
   "minScale": 0,
   "maxScale": 0
  },
  {
   "id": 161,
   "name": "Y_Yttrium_Ap_MMI",
   "parentLayerId": 108,
   "defaultVisibility": false,
   "subLayerIds": null,
   "minScale": 0,
   "maxScale": 0
  },
  {
   "id": 162,
   "name": "Yb_Ytterbium_Ap_MMI",
   "parentLayerId": 108,
   "defaultVisibility": false,
   "subLayerIds": null,
   "minScale": 0,
   "maxScale": 0
  },
  {
   "id": 163,
   "name": "XRF for Agricultural Land_Ap Samples",
   "parentLayerId": -1,
   "defaultVisibility": false,
   "subLayerIds": [
    164,
    165,
    166,
    167,
    168,
    169,
    170,
    171,
    172,
    173,
    174,
    175,
    176,
    177,
    178,
    179,
    180,
    181,
    182,
    183,
    184,
    185,
    186,
    187,
    188,
    189,
    190,
    191,
    192,
    193,
    194,
    195,
    196,
    197,
    198,
    199,
    200,
    201
   ],
   "minScale": 0,
   "maxScale": 0
  },
  {
   "id": 164,
   "name": "Al_Alluminium_Ap_XRF",
   "parentLayerId": 163,
   "defaultVisibility": false,
   "subLayerIds": null,
   "minScale": 0,
   "maxScale": 0
  },
  {
   "id": 165,
   "name": "As_Arsenic_Ap_XRF",
   "parentLayerId": 163,
   "defaultVisibility": false,
   "subLayerIds": null,
   "minScale": 0,
   "maxScale": 0
  },
  {
   "id": 166,
   "name": "Ba_Barium_Ap_XRF",
   "parentLayerId": 163,
   "defaultVisibility": false,
   "subLayerIds": null,
   "minScale": 0,
   "maxScale": 0
  },
  {
   "id": 167,
   "name": "Bi_Bismuth_Ap_XRF",
   "parentLayerId": 163,
   "defaultVisibility": false,
   "subLayerIds": null,
   "minScale": 0,
   "maxScale": 0
  },
  {
   "id": 168,
   "name": "Ca_Calcium_Ap_XRF",
   "parentLayerId": 163,
   "defaultVisibility": false,
   "subLayerIds": null,
   "minScale": 0,
   "maxScale": 0
  },
  {
   "id": 169,
   "name": "Ce_Cerium_Ap_XRF",
   "parentLayerId": 163,
   "defaultVisibility": false,
   "subLayerIds": null,
   "minScale": 0,
   "maxScale": 0
  },
  {
   "id": 170,
   "name": "Co_Cobalt_Ap_XRF",
   "parentLayerId": 163,
   "defaultVisibility": false,
   "subLayerIds": null,
   "minScale": 0,
   "maxScale": 0
  },
  {
   "id": 171,
   "name": "Cr_Chromium_Ap_XRF",
   "parentLayerId": 163,
   "defaultVisibility": false,
   "subLayerIds": null,
   "minScale": 0,
   "maxScale": 0
  },
  {
   "id": 172,
   "name": "Cs_Caesium_Ap_XRF",
   "parentLayerId": 163,
   "defaultVisibility": false,
   "subLayerIds": null,
   "minScale": 0,
   "maxScale": 0
  },
  {
   "id": 173,
   "name": "Cu_Copper_Ap_XRF",
   "parentLayerId": 163,
   "defaultVisibility": false,
   "subLayerIds": null,
   "minScale": 0,
   "maxScale": 0
  },
  {
   "id": 174,
   "name": "Fe_Iron_Ap_XRF",
   "parentLayerId": 163,
   "defaultVisibility": false,
   "subLayerIds": null,
   "minScale": 0,
   "maxScale": 0
  },
  {
   "id": 175,
   "name": "Ga_Galliumn_Ap_XRF",
   "parentLayerId": 163,
   "defaultVisibility": false,
   "subLayerIds": null,
   "minScale": 0,
   "maxScale": 0
  },
  {
   "id": 176,
   "name": "Hf_Hafnium_Ap_XRF",
   "parentLayerId": 163,
   "defaultVisibility": false,
   "subLayerIds": null,
   "minScale": 0,
   "maxScale": 0
  },
  {
   "id": 177,
   "name": "K_Potassium_Ap_XRF",
   "parentLayerId": 163,
   "defaultVisibility": false,
   "subLayerIds": null,
   "minScale": 0,
   "maxScale": 0
  },
  {
   "id": 178,
   "name": "La_Lanthanum_Ap_XRF",
   "parentLayerId": 163,
   "defaultVisibility": false,
   "subLayerIds": null,
   "minScale": 0,
   "maxScale": 0
  },
  {
   "id": 179,
   "name": "Mg_Magnesium_Ap_XRF",
   "parentLayerId": 163,
   "defaultVisibility": false,
   "subLayerIds": null,
   "minScale": 0,
   "maxScale": 0
  },
  {
   "id": 180,
   "name": "Mn_Manganese_Ap_XRF",
   "parentLayerId": 163,
   "defaultVisibility": false,
   "subLayerIds": null,
   "minScale": 0,
   "maxScale": 0
  },
  {
   "id": 181,
   "name": "Na_Sodium_Ap_XRF",
   "parentLayerId": 163,
   "defaultVisibility": false,
   "subLayerIds": null,
   "minScale": 0,
   "maxScale": 0
  },
  {
   "id": 182,
   "name": "Nb_Niobium_Ap_XRF",
   "parentLayerId": 163,
   "defaultVisibility": false,
   "subLayerIds": null,
   "minScale": 0,
   "maxScale": 0
  },
  {
   "id": 183,
   "name": "Ni_Nickel_Ap_XRF",
   "parentLayerId": 163,
   "defaultVisibility": false,
   "subLayerIds": null,
   "minScale": 0,
   "maxScale": 0
  },
  {
   "id": 184,
   "name": "P_Phosphorous_Ap_XRF",
   "parentLayerId": 163,
   "defaultVisibility": false,
   "subLayerIds": null,
   "minScale": 0,
   "maxScale": 0
  },
  {
   "id": 185,
   "name": "Pb_Lead_Ap_XRF",
   "parentLayerId": 163,
   "defaultVisibility": false,
   "subLayerIds": null,
   "minScale": 0,
   "maxScale": 0
  },
  {
   "id": 186,
   "name": "Rb_Rubidium_Ap_XRF",
   "parentLayerId": 163,
   "defaultVisibility": false,
   "subLayerIds": null,
   "minScale": 0,
   "maxScale": 0
  },
  {
   "id": 187,
   "name": "S_Sulphur_Ap_XRF",
   "parentLayerId": 163,
   "defaultVisibility": false,
   "subLayerIds": null,
   "minScale": 0,
   "maxScale": 0
  },
  {
   "id": 188,
   "name": "Sb_Antimony_Ap_XRF",
   "parentLayerId": 163,
   "defaultVisibility": false,
   "subLayerIds": null,
   "minScale": 0,
   "maxScale": 0
  },
  {
   "id": 189,
   "name": "Sc_Scandium_Ap_XRF",
   "parentLayerId": 163,
   "defaultVisibility": false,
   "subLayerIds": null,
   "minScale": 0,
   "maxScale": 0
  },
  {
   "id": 190,
   "name": "Si_Silicon_Ap_XRF",
   "parentLayerId": 163,
   "defaultVisibility": false,
   "subLayerIds": null,
   "minScale": 0,
   "maxScale": 0
  },
  {
   "id": 191,
   "name": "Sn_Tin_Ap_XRF",
   "parentLayerId": 163,
   "defaultVisibility": false,
   "subLayerIds": null,
   "minScale": 0,
   "maxScale": 0
  },
  {
   "id": 192,
   "name": "Sr_Strontium_Ap_XRF",
   "parentLayerId": 163,
   "defaultVisibility": false,
   "subLayerIds": null,
   "minScale": 0,
   "maxScale": 0
  },
  {
   "id": 193,
   "name": "Ta_Tantalum_Ap_XRF",
   "parentLayerId": 163,
   "defaultVisibility": false,
   "subLayerIds": null,
   "minScale": 0,
   "maxScale": 0
  },
  {
   "id": 194,
   "name": "Th_Thorium_Ap_XRF",
   "parentLayerId": 163,
   "defaultVisibility": false,
   "subLayerIds": null,
   "minScale": 0,
   "maxScale": 0
  },
  {
   "id": 195,
   "name": "Ti_Titanium_Ap_XRF",
   "parentLayerId": 163,
   "defaultVisibility": false,
   "subLayerIds": null,
   "minScale": 0,
   "maxScale": 0
  },
  {
   "id": 196,
   "name": "U_Uranium_Ap_XRF",
   "parentLayerId": 163,
   "defaultVisibility": false,
   "subLayerIds": null,
   "minScale": 0,
   "maxScale": 0
  },
  {
   "id": 197,
   "name": "V_Vanadium_Ap_XRF",
   "parentLayerId": 163,
   "defaultVisibility": false,
   "subLayerIds": null,
   "minScale": 0,
   "maxScale": 0
  },
  {
   "id": 198,
   "name": "W_Tungsten_Ap_XRF",
   "parentLayerId": 163,
   "defaultVisibility": false,
   "subLayerIds": null,
   "minScale": 0,
   "maxScale": 0
  },
  {
   "id": 199,
   "name": "Y_Yttrium_Ap_XRF",
   "parentLayerId": 163,
   "defaultVisibility": false,
   "subLayerIds": null,
   "minScale": 0,
   "maxScale": 0
  },
  {
   "id": 200,
   "name": "Zn_Zinc_Ap_XRF",
   "parentLayerId": 163,
   "defaultVisibility": false,
   "subLayerIds": null,
   "minScale": 0,
   "maxScale": 0
  },
  {
   "id": 201,
   "name": "Zr_Zirconium_Ap_XRF",
   "parentLayerId": 163,
   "defaultVisibility": false,
   "subLayerIds": null,
   "minScale": 0,
   "maxScale": 0
  },
  {
   "id": 202,
   "name": "XRF for Grazingland_Gr Samples",
   "parentLayerId": -1,
   "defaultVisibility": false,
   "subLayerIds": [
    203,
    204,
    205,
    206,
    207,
    208,
    209,
    210,
    211,
    212,
    213,
    214,
    215,
    216,
    217,
    218,
    219,
    220,
    221,
    222,
    223,
    224,
    225,
    226,
    227,
    228,
    229,
    230,
    231,
    232,
    233,
    234,
    235,
    236,
    237,
    238,
    239
   ],
   "minScale": 0,
   "maxScale": 0
  },
  {
   "id": 203,
   "name": "Al_Alluminium_Gr_XRF",
   "parentLayerId": 202,
   "defaultVisibility": false,
   "subLayerIds": null,
   "minScale": 0,
   "maxScale": 0
  },
  {
   "id": 204,
   "name": "As_Arsenic_Gr_XRF",
   "parentLayerId": 202,
   "defaultVisibility": false,
   "subLayerIds": null,
   "minScale": 0,
   "maxScale": 0
  },
  {
   "id": 205,
   "name": "Ba_Barium_Gr_XRF",
   "parentLayerId": 202,
   "defaultVisibility": false,
   "subLayerIds": null,
   "minScale": 0,
   "maxScale": 0
  },
  {
   "id": 206,
   "name": "Bi_Bismuth_Gr_XRF",
   "parentLayerId": 202,
   "defaultVisibility": false,
   "subLayerIds": null,
   "minScale": 0,
   "maxScale": 0
  },
  {
   "id": 207,
   "name": "Ca_Calcium_Gr_XRF",
   "parentLayerId": 202,
   "defaultVisibility": false,
   "subLayerIds": null,
   "minScale": 0,
   "maxScale": 0
  },
  {
   "id": 208,
   "name": "Ce_Cerium_Gr_XRF",
   "parentLayerId": 202,
   "defaultVisibility": false,
   "subLayerIds": null,
   "minScale": 0,
   "maxScale": 0
  },
  {
   "id": 209,
   "name": "Co_Cobalt_Gr_XRF",
   "parentLayerId": 202,
   "defaultVisibility": false,
   "subLayerIds": null,
   "minScale": 0,
   "maxScale": 0
  },
  {
   "id": 210,
   "name": "Cr_Cromium_Gr_XRF",
   "parentLayerId": 202,
   "defaultVisibility": false,
   "subLayerIds": null,
   "minScale": 0,
   "maxScale": 0
  },
  {
   "id": 211,
   "name": "Cs_Caesium_Gr_XRF",
   "parentLayerId": 202,
   "defaultVisibility": false,
   "subLayerIds": null,
   "minScale": 0,
   "maxScale": 0
  },
  {
   "id": 212,
   "name": "Cu_Copper_Gr_XRF",
   "parentLayerId": 202,
   "defaultVisibility": false,
   "subLayerIds": null,
   "minScale": 0,
   "maxScale": 0
  },
  {
   "id": 213,
   "name": "Fe_Iron_Gr_XRF",
   "parentLayerId": 202,
   "defaultVisibility": false,
   "subLayerIds": null,
   "minScale": 0,
   "maxScale": 0
  },
  {
   "id": 214,
   "name": "Ga_Gallium_Gr_XRF",
   "parentLayerId": 202,
   "defaultVisibility": false,
   "subLayerIds": null,
   "minScale": 0,
   "maxScale": 0
  },
  {
   "id": 215,
   "name": "Hf_Hafnium_Gr_XRF",
   "parentLayerId": 202,
   "defaultVisibility": false,
   "subLayerIds": null,
   "minScale": 0,
   "maxScale": 0
  },
  {
   "id": 216,
   "name": "K_Potassium_Gr_XRF",
   "parentLayerId": 202,
   "defaultVisibility": false,
   "subLayerIds": null,
   "minScale": 0,
   "maxScale": 0
  },
  {
   "id": 217,
   "name": "La_Lanthanum_Gr_XRF",
   "parentLayerId": 202,
   "defaultVisibility": false,
   "subLayerIds": null,
   "minScale": 0,
   "maxScale": 0
  },
  {
   "id": 218,
   "name": "Mg_Magnesium_Gr_XRF",
   "parentLayerId": 202,
   "defaultVisibility": false,
   "subLayerIds": null,
   "minScale": 0,
   "maxScale": 0
  },
  {
   "id": 219,
   "name": "Mn_Manganese_Gr_XRF",
   "parentLayerId": 202,
   "defaultVisibility": false,
   "subLayerIds": null,
   "minScale": 0,
   "maxScale": 0
  },
  {
   "id": 220,
   "name": "Na_Sodium_Gr_XRF",
   "parentLayerId": 202,
   "defaultVisibility": false,
   "subLayerIds": null,
   "minScale": 0,
   "maxScale": 0
  },
  {
   "id": 221,
   "name": "Nb_Niobium_Gr_XRF",
   "parentLayerId": 202,
   "defaultVisibility": false,
   "subLayerIds": null,
   "minScale": 0,
   "maxScale": 0
  },
  {
   "id": 222,
   "name": "Ni_Nickel_Gr_XRF",
   "parentLayerId": 202,
   "defaultVisibility": false,
   "subLayerIds": null,
   "minScale": 0,
   "maxScale": 0
  },
  {
   "id": 223,
   "name": "P_Potassium_Gr_XRF",
   "parentLayerId": 202,
   "defaultVisibility": false,
   "subLayerIds": null,
   "minScale": 0,
   "maxScale": 0
  },
  {
   "id": 224,
   "name": "Pb_Lead_Gr_XRF",
   "parentLayerId": 202,
   "defaultVisibility": false,
   "subLayerIds": null,
   "minScale": 0,
   "maxScale": 0
  },
  {
   "id": 225,
   "name": "Rb_Rubidium_Gr_XRF",
   "parentLayerId": 202,
   "defaultVisibility": false,
   "subLayerIds": null,
   "minScale": 0,
   "maxScale": 0
  },
  {
   "id": 226,
   "name": "Sb_Antimony_Gr_XRF",
   "parentLayerId": 202,
   "defaultVisibility": false,
   "subLayerIds": null,
   "minScale": 0,
   "maxScale": 0
  },
  {
   "id": 227,
   "name": "Sc_Scandium_Gr_XRF",
   "parentLayerId": 202,
   "defaultVisibility": false,
   "subLayerIds": null,
   "minScale": 0,
   "maxScale": 0
  },
  {
   "id": 228,
   "name": "Si_Silicon_Gr_XRF",
   "parentLayerId": 202,
   "defaultVisibility": false,
   "subLayerIds": null,
   "minScale": 0,
   "maxScale": 0
  },
  {
   "id": 229,
   "name": "Sn_Tin_Gr_XRF",
   "parentLayerId": 202,
   "defaultVisibility": false,
   "subLayerIds": null,
   "minScale": 0,
   "maxScale": 0
  },
  {
   "id": 230,
   "name": "Sr_Strontium_Gr_XRF",
   "parentLayerId": 202,
   "defaultVisibility": false,
   "subLayerIds": null,
   "minScale": 0,
   "maxScale": 0
  },
  {
   "id": 231,
   "name": "Ta_Tantalum_Gr_XRF",
   "parentLayerId": 202,
   "defaultVisibility": false,
   "subLayerIds": null,
   "minScale": 0,
   "maxScale": 0
  },
  {
   "id": 232,
   "name": "Th_Thorium_Gr_XRF",
   "parentLayerId": 202,
   "defaultVisibility": false,
   "subLayerIds": null,
   "minScale": 0,
   "maxScale": 0
  },
  {
   "id": 233,
   "name": "Ti_Titanium_Gr_XRF",
   "parentLayerId": 202,
   "defaultVisibility": false,
   "subLayerIds": null,
   "minScale": 0,
   "maxScale": 0
  },
  {
   "id": 234,
   "name": "U_Uranium_Gr_XRF",
   "parentLayerId": 202,
   "defaultVisibility": false,
   "subLayerIds": null,
   "minScale": 0,
   "maxScale": 0
  },
  {
   "id": 235,
   "name": "V_Vanadium_Gr_XRF",
   "parentLayerId": 202,
   "defaultVisibility": false,
   "subLayerIds": null,
   "minScale": 0,
   "maxScale": 0
  },
  {
   "id": 236,
   "name": "W_Tungsten_Gr_XRF",
   "parentLayerId": 202,
   "defaultVisibility": false,
   "subLayerIds": null,
   "minScale": 0,
   "maxScale": 0
  },
  {
   "id": 237,
   "name": "Y_Yttrium_Gr_XRF",
   "parentLayerId": 202,
   "defaultVisibility": false,
   "subLayerIds": null,
   "minScale": 0,
   "maxScale": 0
  },
  {
   "id": 238,
   "name": "Zn_Zinc_Gr_XRF",
   "parentLayerId": 202,
   "defaultVisibility": false,
   "subLayerIds": null,
   "minScale": 0,
   "maxScale": 0
  },
  {
   "id": 239,
   "name": "Zr_Zirconium_Gr_XRF",
   "parentLayerId": 202,
   "defaultVisibility": false,
   "subLayerIds": null,
   "minScale": 0,
   "maxScale": 0
  },
  {
   "id": 240,
   "name": "GEMAS Additional Parameters",
   "parentLayerId": -1,
   "defaultVisibility": false,
   "subLayerIds": [
    241,
    246
   ],
   "minScale": 0,
   "maxScale": 0
  },
  {
   "id": 241,
   "name": "Carbon Infra Red Analyses",
   "parentLayerId": 240,
   "defaultVisibility": false,
   "subLayerIds": [
    242,
    243,
    244,
    245
   ],
   "minScale": 0,
   "maxScale": 0
  },
  {
   "id": 242,
   "name": "Carbon_TC_Ap",
   "parentLayerId": 241,
   "defaultVisibility": false,
   "subLayerIds": null,
   "minScale": 0,
   "maxScale": 0
  },
  {
   "id": 243,
   "name": "Carbon_TC_GR",
   "parentLayerId": 241,
   "defaultVisibility": false,
   "subLayerIds": null,
   "minScale": 0,
   "maxScale": 0
  },
  {
   "id": 244,
   "name": "Carbon_TOC_Ap",
   "parentLayerId": 241,
   "defaultVisibility": false,
   "subLayerIds": null,
   "minScale": 0,
   "maxScale": 0
  },
  {
   "id": 245,
   "name": "Carbon_TOC_Gr",
   "parentLayerId": 241,
   "defaultVisibility": false,
   "subLayerIds": null,
   "minScale": 0,
   "maxScale": 0
  },
  {
   "id": 246,
   "name": "Soil Properties",
   "parentLayerId": 240,
   "defaultVisibility": true,
   "subLayerIds": [
    247,
    250,
    253,
    256,
    260,
    263,
    264,
    267
   ],
   "minScale": 0,
   "maxScale": 0
  },
  {
   "id": 247,
   "name": "(CEC) Cation Exchange Capacity",
   "parentLayerId": 246,
   "defaultVisibility": true,
   "subLayerIds": [
    248,
    249
   ],
   "minScale": 0,
   "maxScale": 0
  },
  {
   "id": 248,
   "name": "CEC_Ap_silver thiourea_AAS",
   "parentLayerId": 247,
   "defaultVisibility": false,
   "subLayerIds": null,
   "minScale": 0,
   "maxScale": 0
  },
  {
   "id": 249,
   "name": "CEC_Gr_silver thiourea_AAS",
   "parentLayerId": 247,
   "defaultVisibility": false,
   "subLayerIds": null,
   "minScale": 0,
   "maxScale": 0
  },
  {
   "id": 250,
   "name": "(CIA) Chemical Index of Alteration",
   "parentLayerId": 246,
   "defaultVisibility": true,
   "subLayerIds": [
    251,
    252
   ],
   "minScale": 0,
   "maxScale": 0
  },
  {
   "id": 251,
   "name": "CIA_Ap",
   "parentLayerId": 250,
   "defaultVisibility": false,
   "subLayerIds": null,
   "minScale": 0,
   "maxScale": 0
  },
  {
   "id": 252,
   "name": "CIA_GR",
   "parentLayerId": 250,
   "defaultVisibility": false,
   "subLayerIds": null,
   "minScale": 0,
   "maxScale": 0
  },
  {
   "id": 253,
   "name": "Clay ",
   "parentLayerId": 246,
   "defaultVisibility": true,
   "subLayerIds": [
    254,
    255
   ],
   "minScale": 0,
   "maxScale": 0
  },
  {
   "id": 254,
   "name": "Clay_Ap",
   "parentLayerId": 253,
   "defaultVisibility": false,
   "subLayerIds": null,
   "minScale": 0,
   "maxScale": 0
  },
  {
   "id": 255,
   "name": "Clay_Gr",
   "parentLayerId": 253,
   "defaultVisibility": false,
   "subLayerIds": null,
   "minScale": 0,
   "maxScale": 0
  },
  {
   "id": 256,
   "name": "Pb_Isotopes_Ap ",
   "parentLayerId": 246,
   "defaultVisibility": true,
   "subLayerIds": [
    257,
    258,
    259
   ],
   "minScale": 0,
   "maxScale": 0
  },
  {
   "id": 257,
   "name": "Isotopes_Pb_206/207_Ap",
   "parentLayerId": 256,
   "defaultVisibility": false,
   "subLayerIds": null,
   "minScale": 0,
   "maxScale": 0
  },
  {
   "id": 258,
   "name": "Isotopes_206Pb/208Pb_Ap",
   "parentLayerId": 256,
   "defaultVisibility": false,
   "subLayerIds": null,
   "minScale": 0,
   "maxScale": 0
  },
  {
   "id": 259,
   "name": "Isotopes_207Pb/208Pb_Ap",
   "parentLayerId": 256,
   "defaultVisibility": false,
   "subLayerIds": null,
   "minScale": 0,
   "maxScale": 0
  },
  {
   "id": 260,
   "name": "(LOI) Loss on ignition",
   "parentLayerId": 246,
   "defaultVisibility": false,
   "subLayerIds": [
    261,
    262
   ],
   "minScale": 0,
   "maxScale": 0
  },
  {
   "id": 261,
   "name": "LOI_Gr",
   "parentLayerId": 260,
   "defaultVisibility": false,
   "subLayerIds": null,
   "minScale": 0,
   "maxScale": 0
  },
  {
   "id": 262,
   "name": "LOI_Ap",
   "parentLayerId": 260,
   "defaultVisibility": false,
   "subLayerIds": null,
   "minScale": 0,
   "maxScale": 0
  },
  {
   "id": 263,
   "name": "Magnetic Susceptibility_Ap",
   "parentLayerId": 246,
   "defaultVisibility": false,
   "subLayerIds": null,
   "minScale": 0,
   "maxScale": 0
  },
  {
   "id": 264,
   "name": "pH_SoilAcidity",
   "parentLayerId": 246,
   "defaultVisibility": true,
   "subLayerIds": [
    265,
    266
   ],
   "minScale": 0,
   "maxScale": 0
  },
  {
   "id": 265,
   "name": "pH_CaCl2_SoilAcidity_GEMAS_Ap",
   "parentLayerId": 264,
   "defaultVisibility": false,
   "subLayerIds": null,
   "minScale": 0,
   "maxScale": 0
  },
  {
   "id": 266,
   "name": "pH_CaCl2_SoilAcidity_GEMAS_Gr",
   "parentLayerId": 264,
   "defaultVisibility": false,
   "subLayerIds": null,
   "minScale": 0,
   "maxScale": 0
  },
  {
   "id": 267,
   "name": "Altitude (ALT)",
   "parentLayerId": 246,
   "defaultVisibility": true,
   "subLayerIds": [
    268,
    269
   ],
   "minScale": 0,
   "maxScale": 0
  },
  {
   "id": 268,
   "name": "Altitiude_Ap",
   "parentLayerId": 267,
   "defaultVisibility": false,
   "subLayerIds": null,
   "minScale": 0,
   "maxScale": 0
  },
  {
   "id": 269,
   "name": "Altitude_Gr",
   "parentLayerId": 267,
   "defaultVisibility": false,
   "subLayerIds": null,
   "minScale": 0,
   "maxScale": 0
  }
 ],
 "tables": [],
 "spatialReference": {
  "wkid": 4326,
  "latestWkid": 4326
 },
 "singleFusedMapCache": false,
 "initialExtent": {
  "xmin": -18.919300000194113,
  "ymin": 26.362245000117426,
  "xmax": 37.72849999976549,
  "ymax": 72.82525499998381,
  "spatialReference": {
   "wkid": 4326,
   "latestWkid": 4326
  }
 },
 "fullExtent": {
  "xmin": -16.344400000195947,
  "ymin": 28.474200000111352,
  "xmax": 35.15359999976732,
  "ymax": 70.71329999998989,
  "spatialReference": {
   "wkid": 4326,
   "latestWkid": 4326
  }
 },
 "minScale": 0,
 "maxScale": 0,
 "units": "esriDecimalDegrees",
 "supportedImageFormatTypes": "PNG32,PNG24,PNG,JPG,DIB,TIFF,EMF,PS,PDF,GIF,SVG,SVGZ,BMP",
 "documentInfo": {
  "Title": "GEMAS Geochemical European Mapping of Agriculural and Grazing Land",
  "Author": "",
  "Comments": "The GEMAS (geochemical regional mapping of agricultural soils and grazing land of Europe) project aims at providing harmonized geochemical data of arable land and land under permanent grass cover at the continental, European scale. ",
  "Subject": "Geochemical Soil Survey Dataset",
  "Category": "",
  "AntialiasingMode": "None",
  "TextAntialiasingMode": "Force",
  "Keywords": "Gemas,Geochemistry,GSI,Mapping"
 },
 "capabilities": "Map,Query,Data",
 "supportedQueryFormats": "JSON, AMF",
 "exportTilesAllowed": false,
 "maxRecordCount": 5000,
 "maxImageHeight": 4096,
 "maxImageWidth": 4096,
 "supportedExtensions": "WMSServer"
}