{"name":"makeovermonday_2018w17-ecological-footprint-per-capita","title":"2018/W17: Ecological Footprint per Capita","description":"Ecological Footprint per Capita\n\n# **Overview**\nThe National Footprint Accounts (NFAs) measure the ecological resource use and resource capacity of nations from 1961 to 2014. The calculations in the National Footprint Accounts are primarily based on United Nations data sets, including those published by the Food and Agriculture Organization, United Nations Commodity Trade Statistics Database, and the UN Statistics Division, as well as the International Energy Agency. The 2018 edition of the NFA features some exciting updates from last year’s 2017 edition, including data for more countries and improved data sources and methodology. Methodology changes:\n\n1. Our conversion of carbon to CO2 increased in precision, which increased the world’s carbon footprint by approximately 1%.\n2. We implemented a new data quality scoring system. This allowed us to publish data for more countries by omitting unreliable data for some years rather than the entire country’s Ecological Footprint timeline.\n3. We used more precise data from the Global Carbon Project to calculate ocean carbon sequestration rates for 2014.\n\n## National Footprint Accounts 2018 Edition\nDataset provides Ecological Footprint per capita data for years 1961-2014 in global hectares (gha). Ecological Footprint is a measure of how much area of biologically productive land and water an individual, population, or activity requires to produce all the resources it consumes and to absorb the waste it generates, using prevailing technology and resource management practices. The Ecological Footprint is measured in global hectares. Since trade is global, an individual or country's Footprint tracks area from all over the world. Without further specification, Ecological Footprint generally refers to the Ecological Footprint of consumption (rather than only production or export). Ecological Footprint is often referred to in short form as Footprint.\n\n# **Original Visualization**\n![Ecological Footprint.png](https://media.data.world/P4Y4XtKQ1eioO2I38QGl_Ecological%20Footprint.png)\n[Interactive Version](http://data.footprintnetwork.org/#/compareCountries?cn=all&type=EFCpc&yr=2013)\n\n# **About this Dataset**\nSOURCE: [Global Footprint Network](https://data.world/footprint/nfa-2018-edition)\n\nThis data includes total and per capita national biocapacity, ecological footprint of consumption, ecological footprint of production and total area in hectares. This dataset, however, does not include any of our yield factors (national or world) nor any equivalence factors. \n\n# **Objectives**\n* What works and what doesn't work with this chart? \n* How can you make it better? \n* Post your alternative on the discussions page.","homepage":"https://data.world/makeovermonday/2018w17-ecological-footprint-per-capita","resources":[{"name":"nfa_2018_edition","schema":{"fields":[{"name":"country","title":"country","type":"string","rdfType":"http://www.w3.org/2001/XMLSchema#string","dwSourceId":"country"},{"name":"year","title":"year","type":"gyear","rdfType":"http://www.w3.org/2001/XMLSchema#gYear","dwSourceId":"year"},{"name":"country_code","title":"country_code","type":"integer","rdfType":"http://www.w3.org/2001/XMLSchema#integer","dwSourceId":"country_code"},{"name":"record","title":"record","type":"string","rdfType":"http://www.w3.org/2001/XMLSchema#string","dwSourceId":"record"},{"name":"crop_land","title":"crop_land","type":"number","rdfType":"http://www.w3.org/2001/XMLSchema#decimal","dwSourceId":"crop_land"},{"name":"grazing_land","title":"grazing_land","type":"number","rdfType":"http://www.w3.org/2001/XMLSchema#decimal","dwSourceId":"grazing_land"},{"name":"forest_land","title":"forest_land","type":"number","rdfType":"http://www.w3.org/2001/XMLSchema#decimal","dwSourceId":"forest_land"},{"name":"fishing_ground","title":"fishing_ground","type":"number","rdfType":"http://www.w3.org/2001/XMLSchema#decimal","dwSourceId":"fishing_ground"},{"name":"built_up_land","title":"built_up_land","type":"number","rdfType":"http://www.w3.org/2001/XMLSchema#decimal","dwSourceId":"built_up_land"},{"name":"carbon","title":"carbon","type":"number","rdfType":"http://www.w3.org/2001/XMLSchema#decimal","dwSourceId":"carbon"},{"name":"total","title":"total","type":"number","rdfType":"http://www.w3.org/2001/XMLSchema#decimal","dwSourceId":"total"},{"name":"qscore","title":"QScore","type":"string","rdfType":"http://www.w3.org/2001/XMLSchema#string","dwSourceId":"qscore"}]},"path":"data/nfa_2018_edition.csv","format":"csv"},{"name":"original/NFA 2018 Edition.csv","path":"original/NFA 2018 Edition.csv","format":"csv","mediatype":"text/csv","bytes":7132699}],"keywords":["earth day","makeover monday","environment","visualization","ecology","geographic","trends"]}