{"name":"marineinstitute_e3219e45-9445-4fdf-aa79-76bf13e10d97","title":"Fish Health Unit Authorised Sites","description":"Fish Health Unit Authorised Sites\n\nFish Health Unit registered finfish sites in Ireland where Fish Health regulations and Fish Health monitoring on finfish are applied. Fish health is protected by European legislation (Council Directive 2006/88/EC) designed to prevent and control the spread of certain diseases in aquatic animals. The legislation classifies aquatic disease as either exotic, in which case they are not present in the European Community or non-exotic in which case they occur in certain countries within the community. The Directive was transposed into Irish Law by the European Communities (Health of Aquaculture Animals and Products) Regulations 2008 (SI No. 261 of 2008), European Communities (Health of Aquaculture Animals and Products (Amendment) Regulations 2010 (S.I. No. 398 of 2010) and 2011 (S.I. No. 430 of 2011). The regulations introduce measures that reflect the significant growth and development in the aquaculture industry in Ireland over the past 15 years. Specific regulations are in place relating to Pacific oysters (Crassostrea gigas) to prevent the introduction of ostreid herpesvirus into certain areas of Ireland and the United Kingdom. Fish health legislation in Ireland is implemented by the Marine Institute as the Competent Authority.\n\nSource: https://data.gov.ie/publisher/marine-institute  \nLast updated at https://data.gov.ie/publisher/marine-institute : 2017-09-14  \n\n\nLicense - \nCreative Commons Attribution 4.0","homepage":"https://data.world/marineinstitute/e3219e45-9445-4fdf-aa79-76bf13e10d97","license":"CC-BY","resources":[{"name":"download_csv_1","schema":{"fields":[{"name":"county","title":"County","type":"string","rdfType":"http://www.w3.org/2001/XMLSchema#string","dwSourceId":"county"},{"name":"name_of_the_aquaculture_production_business_farm","title":"Name of the Aquaculture Production business / farm","type":"string","rdfType":"http://www.w3.org/2001/XMLSchema#string","dwSourceId":"name_of_the_aquaculture_production_business_farm"},{"name":"address_or_location_of_the_farm","title":"Address or location of the farm","type":"string","rdfType":"http://www.w3.org/2001/XMLSchema#string","dwSourceId":"address_or_location_of_the_farm"},{"name":"column_d","title":"Column D","type":"string","rdfType":"http://www.w3.org/2001/XMLSchema#string","dwSourceId":"column_d"},{"name":"longitude_decimal_degrees","title":"Longitude decimal degrees","type":"number","rdfType":"http://www.w3.org/2001/XMLSchema#decimal","dwSourceId":"longitude_decimal_degrees"},{"name":"latitude_decimal_degrees","title":"Latitude decimal degrees","type":"number","rdfType":"http://www.w3.org/2001/XMLSchema#decimal","dwSourceId":"latitude_decimal_degrees"},{"name":"no_susceptible_or_vector_species_present","title":"No, Susceptible or vector species present","type":"string","rdfType":"http://www.w3.org/2001/XMLSchema#string","dwSourceId":"no_susceptible_or_vector_species_present"},{"name":"susceptible_species_present","title":"Susceptible species present","type":"string","rdfType":"http://www.w3.org/2001/XMLSchema#string","dwSourceId":"susceptible_species_present"},{"name":"vector_species_present","title":"Vector species present","type":"string","rdfType":"http://www.w3.org/2001/XMLSchema#string","dwSourceId":"vector_species_present"},{"name":"no_susceptible_or_vector_species_present_2","title":"No, Susceptible or vector species present","type":"string","rdfType":"http://www.w3.org/2001/XMLSchema#string","dwSourceId":"no_susceptible_or_vector_species_present_2"},{"name":"susceptible_species_present_2","title":"Susceptible species present","type":"string","rdfType":"http://www.w3.org/2001/XMLSchema#string","dwSourceId":"susceptible_species_present_2"},{"name":"vector_species_present_2","title":"Vector species present","type":"string","rdfType":"http://www.w3.org/2001/XMLSchema#string","dwSourceId":"vector_species_present_2"},{"name":"no_susceptible_or_vector_species_present_3","title":"No, Susceptible or vector species present","type":"string","rdfType":"http://www.w3.org/2001/XMLSchema#string","dwSourceId":"no_susceptible_or_vector_species_present_3"},{"name":"susceptible_species_present_3","title":"Susceptible species present","type":"string","rdfType":"http://www.w3.org/2001/XMLSchema#string","dwSourceId":"susceptible_species_present_3"},{"name":"vector_species_present_3","title":"Vector species present","type":"string","rdfType":"http://www.w3.org/2001/XMLSchema#string","dwSourceId":"vector_species_present_3"},{"name":"no_susceptible_or_vector_species_present_4","title":"No, Susceptible or vector species present","type":"string","rdfType":"http://www.w3.org/2001/XMLSchema#string","dwSourceId":"no_susceptible_or_vector_species_present_4"},{"name":"susceptible_species_present_4","title":"Susceptible species present","type":"string","rdfType":"http://www.w3.org/2001/XMLSchema#string","dwSourceId":"susceptible_species_present_4"},{"name":"vector_species_present_4","title":"Vector species present","type":"string","rdfType":"http://www.w3.org/2001/XMLSchema#string","dwSourceId":"vector_species_present_4"},{"name":"declared_disease_free","title":"Declared disease free","type":"string","rdfType":"http://www.w3.org/2001/XMLSchema#string","dwSourceId":"declared_disease_free"},{"name":"under_surveillance_programme","title":"Under Surveillance programme","type":"string","rdfType":"http://www.w3.org/2001/XMLSchema#string","dwSourceId":"under_surveillance_programme"},{"name":"not_known_to_be_infected","title":"Not known to be infected","type":"string","rdfType":"http://www.w3.org/2001/XMLSchema#string","dwSourceId":"not_known_to_be_infected"},{"name":"other","title":"Other","type":"string","rdfType":"http://www.w3.org/2001/XMLSchema#string","dwSourceId":"other"},{"name":"declared_disease_free_2","title":"Declared disease free","type":"string","rdfType":"http://www.w3.org/2001/XMLSchema#string","dwSourceId":"declared_disease_free_2"},{"name":"under_surveillance_programme_2","title":"Under Surveillance programme","type":"string","rdfType":"http://www.w3.org/2001/XMLSchema#string","dwSourceId":"under_surveillance_programme_2"},{"name":"not_known_to_be_infected_2","title":"Not known to be infected","type":"string","rdfType":"http://www.w3.org/2001/XMLSchema#string","dwSourceId":"not_known_to_be_infected_2"},{"name":"other_2","title":"Other","type":"string","rdfType":"http://www.w3.org/2001/XMLSchema#string","dwSourceId":"other_2"},{"name":"declared_disease_free_3","title":"Declared disease free","type":"string","rdfType":"http://www.w3.org/2001/XMLSchema#string","dwSourceId":"declared_disease_free_3"},{"name":"under_surveillance_programme_3","title":"Under Surveillance programme","type":"string","rdfType":"http://www.w3.org/2001/XMLSchema#string","dwSourceId":"under_surveillance_programme_3"},{"name":"not_known_to_be_infected_3","title":"Not known to be infected","type":"string","rdfType":"http://www.w3.org/2001/XMLSchema#string","dwSourceId":"not_known_to_be_infected_3"},{"name":"other_3","title":"Other","type":"string","rdfType":"http://www.w3.org/2001/XMLSchema#string","dwSourceId":"other_3"},{"name":"declared_disease_free_4","title":"Declared disease free","type":"string","rdfType":"http://www.w3.org/2001/XMLSchema#string","dwSourceId":"declared_disease_free_4"},{"name":"under_surveillance_programme_4","title":"Under Surveillance programme","type":"string","rdfType":"http://www.w3.org/2001/XMLSchema#string","dwSourceId":"under_surveillance_programme_4"},{"name":"not_known_to_be_infected_4","title":"Not known to be infected","type":"string","rdfType":"http://www.w3.org/2001/XMLSchema#string","dwSourceId":"not_known_to_be_infected_4"},{"name":"other_4","title":"Other","type":"string","rdfType":"http://www.w3.org/2001/XMLSchema#string","dwSourceId":"other_4"},{"name":"declared_disease_free_5","title":"Declared disease free","type":"string","rdfType":"http://www.w3.org/2001/XMLSchema#string","dwSourceId":"declared_disease_free_5"},{"name":"under_surveillance_programme_5","title":"Under Surveillance programme","type":"string","rdfType":"http://www.w3.org/2001/XMLSchema#string","dwSourceId":"under_surveillance_programme_5"},{"name":"not_known_to_be_infected_5","title":"Not known to be infected","type":"string","rdfType":"http://www.w3.org/2001/XMLSchema#string","dwSourceId":"not_known_to_be_infected_5"},{"name":"other_5","title":"Other","type":"string","rdfType":"http://www.w3.org/2001/XMLSchema#string","dwSourceId":"other_5"},{"name":"declared_disease_free_6","title":"Declared disease free","type":"string","rdfType":"http://www.w3.org/2001/XMLSchema#string","dwSourceId":"declared_disease_free_6"},{"name":"under_surveillance_programme_6","title":"Under Surveillance programme","type":"string","rdfType":"http://www.w3.org/2001/XMLSchema#string","dwSourceId":"under_surveillance_programme_6"},{"name":"not_known_to_be_infected_6","title":"Not known to be infected","type":"string","rdfType":"http://www.w3.org/2001/XMLSchema#string","dwSourceId":"not_known_to_be_infected_6"},{"name":"other_6","title":"Other","type":"string","rdfType":"http://www.w3.org/2001/XMLSchema#string","dwSourceId":"other_6"},{"name":"declared_disease_free_7","title":"Declared disease free","type":"string","rdfType":"http://www.w3.org/2001/XMLSchema#string","dwSourceId":"declared_disease_free_7"},{"name":"under_surveillance_programme_7","title":"Under Surveillance programme","type":"string","rdfType":"http://www.w3.org/2001/XMLSchema#string","dwSourceId":"under_surveillance_programme_7"},{"name":"not_known_to_be_infected_7","title":"Not known to be infected","type":"string","rdfType":"http://www.w3.org/2001/XMLSchema#string","dwSourceId":"not_known_to_be_infected_7"},{"name":"other_7","title":"Other","type":"string","rdfType":"http://www.w3.org/2001/XMLSchema#string","dwSourceId":"other_7"},{"name":"declared_disease_free_8","title":"Declared disease free","type":"string","rdfType":"http://www.w3.org/2001/XMLSchema#string","dwSourceId":"declared_disease_free_8"},{"name":"under_surveillance_programme_8","title":"Under Surveillance programme","type":"string","rdfType":"http://www.w3.org/2001/XMLSchema#string","dwSourceId":"under_surveillance_programme_8"},{"name":"not_known_to_be_infected_8","title":"Not known to be infected","type":"string","rdfType":"http://www.w3.org/2001/XMLSchema#string","dwSourceId":"not_known_to_be_infected_8"},{"name":"other_8","title":"Other","type":"string","rdfType":"http://www.w3.org/2001/XMLSchema#string","dwSourceId":"other_8"},{"name":"saltwater_cages_enclosures_pens","title":"Saltwater Cages / enclosures / pens","type":"string","rdfType":"http://www.w3.org/2001/XMLSchema#string","dwSourceId":"saltwater_cages_enclosures_pens"},{"name":"saltwater_ponds","title":"Saltwater ponds","type":"string","rdfType":"http://www.w3.org/2001/XMLSchema#string","dwSourceId":"saltwater_ponds"},{"name":"saltwater_tanks_raceways","title":"Saltwater tanks / raceways","type":"string","rdfType":"http://www.w3.org/2001/XMLSchema#string","dwSourceId":"saltwater_tanks_raceways"},{"name":"saltwater_closed_recirculation","title":"Saltwater closed (recirculation)","type":"string","rdfType":"http://www.w3.org/2001/XMLSchema#string","dwSourceId":"saltwater_closed_recirculation"},{"name":"freshwater_cages_enclosures_pens","title":"Freshwater cages / enclosures / pens","type":"string","rdfType":"http://www.w3.org/2001/XMLSchema#string","dwSourceId":"freshwater_cages_enclosures_pens"},{"name":"freshwater_ponds","title":"Freshwater ponds","type":"string","rdfType":"http://www.w3.org/2001/XMLSchema#string","dwSourceId":"freshwater_ponds"},{"name":"freshwater_tanks_raceways","title":"Freshwater tanks / raceways","type":"string","rdfType":"http://www.w3.org/2001/XMLSchema#string","dwSourceId":"freshwater_tanks_raceways"},{"name":"freshwater_closed_recirculation","title":"Freshwater closed (recirculation)","type":"string","rdfType":"http://www.w3.org/2001/XMLSchema#string","dwSourceId":"freshwater_closed_recirculation"},{"name":"research_facility","title":"Research facility","type":"string","rdfType":"http://www.w3.org/2001/XMLSchema#string","dwSourceId":"research_facility"},{"name":"quarantine_facility","title":"Quarantine Facility","type":"string","rdfType":"http://www.w3.org/2001/XMLSchema#string","dwSourceId":"quarantine_facility"},{"name":"other_9","title":"Other","type":"string","rdfType":"http://www.w3.org/2001/XMLSchema#string","dwSourceId":"other_9"},{"name":"hatchery","title":"Hatchery","type":"string","rdfType":"http://www.w3.org/2001/XMLSchema#string","dwSourceId":"hatchery"},{"name":"nursery","title":"Nursery","type":"string","rdfType":"http://www.w3.org/2001/XMLSchema#string","dwSourceId":"nursery"},{"name":"brood_stock","title":"Brood Stock","type":"string","rdfType":"http://www.w3.org/2001/XMLSchema#string","dwSourceId":"brood_stock"},{"name":"grow_out_for_human_consumption","title":"Grow out for human consumption","type":"string","rdfType":"http://www.w3.org/2001/XMLSchema#string","dwSourceId":"grow_out_for_human_consumption"},{"name":"put_take_fisheries","title":"Put & Take fisheries","type":"string","rdfType":"http://www.w3.org/2001/XMLSchema#string","dwSourceId":"put_take_fisheries"},{"name":"other_10","title":"Other","type":"string","rdfType":"http://www.w3.org/2001/XMLSchema#string","dwSourceId":"other_10"}]},"path":"data/download_csv_1.csv","format":"csv"},{"name":"original/download-csv-1.csv","path":"original/download-csv-1.csv","format":"csv","mediatype":"text/csv","bytes":30433},{"name":"original/download-report-2.pdf","path":"original/download-report-2.pdf","format":"pdf","mediatype":"application/pdf","bytes":435721}],"keywords":["authorised site","authorised sites","cork","donegal","environment","fish","fish disease","fish farm","fish farming","fish health","fish health directive","galway","health","ireland","kerry","kilkenny","mayo","tipperary","wicklow"]}