{"name":"animals_zoo-animal-lifespans","title":"Zoo Animal Lifespans","description":"Life expectancy estimates for North American zoo and aquarium vertebrate animals\n\nData behind the article [Sex-specific median life expectancies from _ex situ_ populations for 330 animal species](https://www.nature.com/articles/sdata201919). \n\n## Abstract\n\nWe present life expectancy estimates for hundreds of vertebrate species based on carefully vetted studbook data from North American zoos and aquariums. These data include sex-specific median life expectancies as well as sample size and 95% confidence limits for each estimate. Existing longevity data for animals primarily consist of maximum lifespan values, which are single observations rather than statistically derived estimates of longevity. Moreover, all of our estimates are based on the same type of data and calculated using consistent, standardized methods. To derive these estimates, we conducted Kaplan-Meier survival analyses using individual-level demographic data (i.e., records of birth and mortality events) from studbook records for each ex situ population. Our species set represents a range of vertebrate taxa (primarily mammals, birds, amphibians, and reptiles) and diverse life histories. This dataset will have broad utility, not only for informing comparative demographic and life history studies, but also more broadly for any research or conservation application that requires sex- or species-specific life expectancy information.\n\n## Data Dictionary\n\n| Term        | Description       |\n| ------------------ |----------------------------------------------------------------------------|\n| MLE     | median life expectancy |\n| CI      | confidence interval     |\n| Data Deficient | Datasets that failed at least one of the five data quality tests . See [Technical Validation](https://www.nature.com/articles/sdata201919#technical-validation).    |\n\n## Data Citation\n\n> Che-Castaldo, J. P., Byrne, A., Perišin, K., & Faust, L. J. figshare https://doi.org/10.6084/m9.figshare.7539968 (2018)\n\nLicensed under a [Creative Commons Attribution 4.0 International License](https://creativecommons.org/licenses/by/4.0/).","homepage":"https://data.world/animals/zoo-animal-lifespans","license":"CC-BY","resources":[{"name":"aza_mle_jul2018","schema":{"fields":[{"name":"species_common_name","title":"Species Common Name","type":"string","rdfType":"http://www.w3.org/2001/XMLSchema#string","dwSourceId":"species_common_name"},{"name":"scientific_name","title":"Scientific Name","type":"string","rdfType":"http://www.w3.org/2001/XMLSchema#string","dwSourceId":"scientific_name"},{"name":"taxonclass","title":"TaxonClass","type":"string","rdfType":"http://www.w3.org/2001/XMLSchema#string","dwSourceId":"taxonclass"},{"name":"overall_sample_size","title":"Overall Sample Size","type":"integer","rdfType":"http://www.w3.org/2001/XMLSchema#integer","dwSourceId":"overall_sample_size"},{"name":"overall_mle","title":"Overall MLE","type":"number","rdfType":"http://www.w3.org/2001/XMLSchema#decimal","dwSourceId":"overall_mle"},{"name":"overall_ci_lower","title":"Overall CI - lower","type":"number","rdfType":"http://www.w3.org/2001/XMLSchema#decimal","dwSourceId":"overall_ci_lower"},{"name":"overall_ci_upper","title":"Overall CI - upper","type":"number","rdfType":"http://www.w3.org/2001/XMLSchema#decimal","dwSourceId":"overall_ci_upper"},{"name":"male_sample_size","title":"Male Sample Size","type":"integer","rdfType":"http://www.w3.org/2001/XMLSchema#integer","dwSourceId":"male_sample_size"},{"name":"male_mle","title":"Male MLE","type":"number","rdfType":"http://www.w3.org/2001/XMLSchema#decimal","dwSourceId":"male_mle"},{"name":"male_ci_lower","title":"Male CI - lower","type":"number","rdfType":"http://www.w3.org/2001/XMLSchema#decimal","dwSourceId":"male_ci_lower"},{"name":"male_ci_upper","title":"Male CI - upper","type":"number","rdfType":"http://www.w3.org/2001/XMLSchema#decimal","dwSourceId":"male_ci_upper"},{"name":"female_sample_size","title":"Female Sample Size","type":"integer","rdfType":"http://www.w3.org/2001/XMLSchema#integer","dwSourceId":"female_sample_size"},{"name":"female_mle","title":"Female MLE","type":"number","rdfType":"http://www.w3.org/2001/XMLSchema#decimal","dwSourceId":"female_mle"},{"name":"female_ci_lower","title":"Female CI - lower","type":"number","rdfType":"http://www.w3.org/2001/XMLSchema#decimal","dwSourceId":"female_ci_lower"},{"name":"female_ci_upper","title":"Female CI - upper","type":"number","rdfType":"http://www.w3.org/2001/XMLSchema#decimal","dwSourceId":"female_ci_upper"},{"name":"male_data_deficient","title":"Male Data Deficient","type":"string","rdfType":"http://www.w3.org/2001/XMLSchema#string","dwSourceId":"male_data_deficient"},{"name":"female_data_deficient","title":"Female Data Deficient","type":"string","rdfType":"http://www.w3.org/2001/XMLSchema#string","dwSourceId":"female_data_deficient"}]},"path":"data/aza_mle_jul2018.csv","format":"csv"},{"name":"original/AZA_MLE_Jul2018.csv","path":"original/AZA_MLE_Jul2018.csv","format":"csv","mediatype":"text/csv","bytes":34136}],"keywords":["animals","zoo animals","life history processes","longevity study","life span study","biodiversity","population dynamics","zoology"]}