bird_conservation_area_name,designated,picture_url,gewidth,gmwidth,gmheight,url,point_x,point_y,location
Buckhorn Island,1998-08-31,,0,0,0,http://www.dec.ny.gov/animals/27685.html,-78.9880816874,43.0618647012,POINT(-78.9880816874 43.0618647012)
Braddock Bay,2000-05-05,http://www.dec.ny.gov/images/environmentdec_images/BB17.jpg,250,175,117,http://www.dec.ny.gov/animals/27691.html,-77.6942944027,43.274059525,POINT(-77.6942944027 43.274059525)
Montezuma Wetlands Complex,2000-05-05,http://www.dec.ny.gov/images/environmentdec_images/montezuma41006.jpg,250,175,115,http://www.dec.ny.gov/animals/27124.html,-76.7429666225,43.0811176528,POINT(-76.7429666225 43.0811176528)
Eastern Lake Ontario Marshes,1998-08-31,http://www.dec.ny.gov/images/regions_images/blackpd3.jpg,300,160,120,http://www.dec.ny.gov/animals/27256.html,-76.1943013089,43.7290997409,POINT(-76.1943013089 43.7290997409)
Joseph Davis,2005-03-14,,0,0,0,http://www.dec.ny.gov/animals/27159.html,-79.0405395637,43.2134654291,POINT(-79.0405395637 43.2134654291)
Minnewaska,2006-09-25,,0,0,0,http://www.dec.ny.gov/animals/32008.html,-74.2767302695,41.7141447628,POINT(-74.2767302695 41.7141447628)
Caumsett,2006-09-25,,0,0,0,http://www.dec.ny.gov/animals/31830.html,-73.4681342882,40.9273220738,POINT(-73.4681342882 40.9273220738)
Valcour Island,2006-09-25,,0,0,0,http://www.dec.ny.gov/animals/32055.html,-73.4165568527,44.6213662824,POINT(-73.4165568527 44.6213662824)
Point Peninsula,2006-09-25,http://www.dec.ny.gov/images/regions_images/ppfield.jpg,300,160,120,http://www.dec.ny.gov/animals/32025.html,-76.253481376,43.9992040708,POINT(-76.253481376 43.9992040708)
Lake Shore Marshes,2006-09-25,,0,0,0,http://www.dec.ny.gov/animals/32004.html,-76.8490563365,43.2888792622,POINT(-76.8490563365 43.2888792622)
Three Rivers,2006-09-25,,0,0,0,http://www.dec.ny.gov/animals/32035.html,-76.3290433111,43.2016767278,POINT(-76.3290433111 43.2016767278)
Three Mile Bay,2006-09-25,,0,0,0,http://www.dec.ny.gov/animals/32033.html,-76.0687256415,43.2609144437,POINT(-76.0687256415 43.2609144437)
Carlton Hill,2006-09-25,,0,0,0,http://www.dec.ny.gov/animals/31821.html,-78.152795305,42.8448544998,POINT(-78.152795305 42.8448544998)
Bear Swamp,2006-09-25,,0,0,0,http://www.dec.ny.gov/animals/31803.html,-76.2992836292,42.7516452379,POINT(-76.2992836292 42.7516452379)
Peconic River Headwaters,2006-09-25,,0,0,0,http://www.dec.ny.gov/animals/32019.html,-72.757785744,40.9074179575,POINT(-72.757785744 40.9074179575)
Crown Point,2006-09-25,,0,0,0,http://www.dec.ny.gov/animals/32000.html,-73.431258181,44.0200206688,POINT(-73.431258181 44.0200206688)
Keeney Swamp,2006-09-25,http://www.dec.ny.gov/images/regions_images/keeney1.jpg,350,181,120,http://www.dec.ny.gov/animals/32002.html,-77.8870131217,42.4246233138,POINT(-77.8870131217 42.4246233138)
Tivoli Bay,2006-09-25,http://www.dec.ny.gov/images/environmentdec_images/TivoliNLaunch.jpg,300,160,120,http://www.dec.ny.gov/animals/32051.html,-73.9168889995,42.0378571644,POINT(-73.9168889995 42.0378571644)
Black Creek Marsh,2006-09-25,,0,0,0,http://www.dec.ny.gov/animals/31815.html,-73.9630230899,42.6662409369,POINT(-73.9630230899 42.6662409369)
Catskill High Peaks,1999-06-10,,0,0,0,http://www.dec.ny.gov/animals/27654.html,-74.3684712747,42.0517592475,POINT(-74.3684712747 42.0517592475)
Bashakill,2000-06-16,,0,0,0,http://www.dec.ny.gov/animals/27702.html,-74.5068342639,41.5451401943,POINT(-74.5068342639 41.5451401943)
Mongaup Valley,2000-06-16,,0,0,0,http://www.dec.ny.gov/animals/27134.html,-74.7921181034,41.5459460218,POINT(-74.7921181034 41.5459460218)
Fahnestock,2000-09-29,,0,0,0,http://www.dec.ny.gov/animals/27252.html,-73.8553687652,41.4540806376,POINT(-73.8553687652 41.4540806376)
Constitution Marsh,2001-05-18,,0,0,0,http://www.dec.ny.gov/animals/27458.html,-73.9437444181,41.4053825331,POINT(-73.9437444181 41.4053825331)
Iona Island/Doodletown,1998-08-31,http://www.dec.ny.gov/images/environmentdec_images/ionaasmall.JPG,250,180,120,http://www.dec.ny.gov/animals/30779.html,-73.9910665534,41.2962034472,POINT(-73.9910665534 41.2962034472)
David A. Sarnoff Pine Barrens Preserve,1998-08-31,http://www.dec.ny.gov/images/wildlife_images/pinebarrens10207.jpg,200,112,120,http://www.dec.ny.gov/animals/27036.html,-72.6539554413,40.8909308368,POINT(-72.6539554413 40.8909308368)
Adirondack Sub-alpine Forest,2001-11-16,,0,0,0,http://www.dec.ny.gov/animals/7404.html,-74.1694171938,44.0490973692,POINT(-74.1694171938 44.0490973692)
Perch River,2001-11-16,http://www.dec.ny.gov/images/regions_images/prwetland.jpg,275,160,120,http://www.dec.ny.gov/animals/27073.html,-75.9477885874,44.109229997,POINT(-75.9477885874 44.109229997)
Harbor Herons,2001-11-16,,0,0,0,http://www.dec.ny.gov/animals/27238.html,-74.176208817,40.6293533817,POINT(-74.176208817 40.6293533817)
Sterling Forest,2001-10-26,http://www.dec.ny.gov/images/lands_forests_images/sterlfrst61.jpg,350,181,120,http://www.dec.ny.gov/animals/27021.html,-74.2571449223,41.2150837919,POINT(-74.2571449223 41.2150837919)
Lake Champlain Marshes,2002-03-09,,0,0,0,http://www.dec.ny.gov/animals/27650.html,-73.4263239574,44.5328352508,POINT(-73.4263239574 44.5328352508)
High Tor,2002-03-12,,0,0,0,http://www.dec.ny.gov/animals/27226.html,-77.3560358296,42.6224332274,POINT(-77.3560358296 42.6224332274)
Schodack Island,2002-06-19,,0,0,0,http://www.dec.ny.gov/animals/27032.html,-73.7788817898,42.4774847056,POINT(-73.7788817898 42.4774847056)
Carter's Pond,2002-10-22,,0,0,0,http://www.dec.ny.gov/animals/27658.html,-73.4203771164,43.1729054599,POINT(-73.4203771164 43.1729054599)
Upper and Lower Lakes,2002-10-22,http://www.dec.ny.gov/images/regions_images/upllakes.jpg,300,160,120,http://www.dec.ny.gov/animals/27009.html,-75.2634958879,44.5768061035,POINT(-75.2634958879 44.5768061035)
Pharsalia,2002-10-22,,0,0,0,http://www.dec.ny.gov/animals/27042.html,-75.7134710874,42.6290879758,POINT(-75.7134710874 42.6290879758)
Oak Orchard/Tonawanda,2002-10-22,,0,0,0,http://www.dec.ny.gov/animals/27107.html,-78.4354629721,43.106712347,POINT(-78.4354629721 43.106712347)
Ashland,2003-05-06,http://www.dec.ny.gov/images/regions_images/ashfield.jpg,300,160,120,http://www.dec.ny.gov/animals/27725.html,-76.1994250785,44.1130026784,POINT(-76.1994250785 44.1130026784)
Long Pond,2003-05-06,http://www.dec.ny.gov/images/lands_forests_images/longpond.jpg,300,150,120,http://www.dec.ny.gov/animals/27140.html,-75.8294787733,42.4169989948,POINT(-75.8294787733 42.4169989948)
Helderberg,2004-02-06,http://www.dec.ny.gov/images/permits_ej_operations_images/thacher1.jpg,350,160,120,http://www.dec.ny.gov/animals/27233.html,-74.1821415143,42.5717472707,POINT(-74.1821415143 42.5717472707)
South Shore Tidal Wetlands,2004-02-06,,0,0,0,http://www.dec.ny.gov/animals/27026.html,-73.1331899789,40.7203413084,POINT(-73.1331899789 40.7203413084)
John Boyd Thacher/Thompson's Lake,2004-04-26,,0,0,0,http://www.dec.ny.gov/animals/27016.html,-74.0101118514,42.6463904279,POINT(-74.0101118514 42.6463904279)
Clay Pit Ponds,2005-03-14,,0,0,0,http://www.dec.ny.gov/animals/27467.html,-74.2293094598,40.5410190236,POINT(-74.2293094598 40.5410190236)
Lake Ontario Islands,2005-08-18,,0,0,0,http://www.dec.ny.gov/animals/27149.html,-76.3958590186,43.8848989988,POINT(-76.3958590186 43.8848989988)
Letchworth,2006-09-25,http://www.dec.ny.gov/images/administration_images/0807letchworth.jpg,350,180,120,http://www.dec.ny.gov/animals/32006.html,-77.9748763677,42.6468473395,POINT(-77.9748763677 42.6468473395)
Selkirk Shores,2006-09-25,,0,0,0,http://www.dec.ny.gov/animals/32027.html,-76.200332155,43.5558522447,POINT(-76.200332155 43.5558522447)
Vischer Ferry,2006-11-27,,0,0,0,http://www.dec.ny.gov/animals/27006.html,-73.7968925814,42.7896715701,POINT(-73.7968925814 42.7896715701)
Moreau Lake,2006-12-19,http://www.dec.ny.gov/images/lands_forests_images/moreaupk.jpg,225,0,0,http://www.dec.ny.gov/animals/32013.html,-73.7400976339,43.2367015515,POINT(-73.7400976339 43.2367015515)
Napeague,2008-05-14,,0,0,0,http://www.dec.ny.gov/animals/45834.html,-72.0726835337,40.9927221441,POINT(-72.0726835337 40.9927221441)
Nissequogue River,2000-04-28,,0,0,0,http://www.dec.ny.gov/animals/27112.html,-73.227109319,40.9001361957,POINT(-73.227109319 40.9001361957)
Albany Pine Bush,2008-09-18,http://www.dec.ny.gov/images/lands_forests_images/albanypinebush(1).jpg,175,0,0,http://www.dec.ny.gov/animals/48628.html,-73.8862827294,42.7179182268,POINT(-73.8862827294 42.7179182268)
Catharine Creek,2008-10-03,,0,0,0,http://www.dec.ny.gov/animals/48724.html,-76.8500146476,42.3628890488,POINT(-76.8500146476 42.3628890488)
