{"name":"us-epa-gov_4e6856a9-1f18-449a-9cbd-0907d9c9dbea","title":"Combined Fish Data","description":"Combined Fish Data\n\nThe data set is abundance or presence/absence data collected by species from wadeable stream sites along with water chemistry, including specifically specific conductivity and some other variables that were not used in the analysis. This dataset is associated with the following publication: Griffith, M., L. Zheng, and S. Cormier. Using extirpation to evaluate ionic tolerance of freshwater fish. ENVIRONMENTAL TOXICOLOGY AND CHEMISTRY. Society of Environmental Toxicology and Chemistry, Pensacola, FL, USA, 37(3): 871-883, (2018).\n\nSource: https://catalog.data.gov/dataset/combined-fish-data-313ac  \nLast updated at https://catalog.data.gov/organization/epa-gov : 2020-01-18  \n[More about U.S. Government Works](https://www.usa.gov/government-works)","homepage":"https://data.world/us-epa-gov/4e6856a9-1f18-449a-9cbd-0907d9c9dbea","license":"Public Domain","resources":[{"name":"combined_less_csv_2","schema":{"fields":[{"name":"species","title":"species","type":"string","rdfType":"http://www.w3.org/2001/XMLSchema#string","dwSourceId":"species"},{"name":"state","title":"state","type":"string","rdfType":"http://www.w3.org/2001/XMLSchema#string","dwSourceId":"state"},{"name":"hucname","title":"HUCName","type":"string","rdfType":"http://www.w3.org/2001/XMLSchema#string","dwSourceId":"hucname"},{"name":"common_name","title":"Common_Name","type":"string","rdfType":"http://www.w3.org/2001/XMLSchema#string","dwSourceId":"common_name"},{"name":"dataset","title":"Dataset","type":"string","rdfType":"http://www.w3.org/2001/XMLSchema#string","dwSourceId":"dataset"},{"name":"station_date","title":"Station_Date","type":"string","rdfType":"http://www.w3.org/2001/XMLSchema#string","dwSourceId":"station_date"},{"name":"site_id","title":"SITE_ID","type":"string","rdfType":"http://www.w3.org/2001/XMLSchema#string","dwSourceId":"site_id"},{"name":"year","title":"YEAR","type":"gyear","rdfType":"http://www.w3.org/2001/XMLSchema#gYear","dwSourceId":"year"},{"name":"month","title":"month","type":"integer","rdfType":"http://www.w3.org/2001/XMLSchema#integer","dwSourceId":"month"},{"name":"ecoregl3","title":"ECOREGL3","type":"integer","rdfType":"http://www.w3.org/2001/XMLSchema#integer","dwSourceId":"ecoregl3"},{"name":"lat_dd","title":"LAT_DD","type":"number","rdfType":"http://www.w3.org/2001/XMLSchema#decimal","dwSourceId":"lat_dd"},{"name":"lon_dd","title":"LON_DD","type":"number","rdfType":"http://www.w3.org/2001/XMLSchema#decimal","dwSourceId":"lon_dd"},{"name":"huc","title":"HUC","type":"integer","rdfType":"http://www.w3.org/2001/XMLSchema#integer","dwSourceId":"huc"},{"name":"bighuc","title":"BigHUC","type":"integer","rdfType":"http://www.w3.org/2001/XMLSchema#integer","dwSourceId":"bighuc"},{"name":"fe","title":"FE","type":"number","rdfType":"http://www.w3.org/2001/XMLSchema#decimal","dwSourceId":"fe"},{"name":"mn","title":"MN","type":"number","rdfType":"http://www.w3.org/2001/XMLSchema#decimal","dwSourceId":"mn"},{"name":"phstvl","title":"PHSTVL","type":"number","rdfType":"http://www.w3.org/2001/XMLSchema#decimal","dwSourceId":"phstvl"},{"name":"cond","title":"COND","type":"number","rdfType":"http://www.w3.org/2001/XMLSchema#decimal","dwSourceId":"cond"},{"name":"tp","title":"TP","type":"number","rdfType":"http://www.w3.org/2001/XMLSchema#decimal","dwSourceId":"tp"},{"name":"ca","title":"CA","type":"number","rdfType":"http://www.w3.org/2001/XMLSchema#decimal","dwSourceId":"ca"},{"name":"so4","title":"SO4","type":"number","rdfType":"http://www.w3.org/2001/XMLSchema#decimal","dwSourceId":"so4"},{"name":"no3","title":"NO3","type":"number","rdfType":"http://www.w3.org/2001/XMLSchema#decimal","dwSourceId":"no3"},{"name":"cl","title":"CL","type":"number","rdfType":"http://www.w3.org/2001/XMLSchema#decimal","dwSourceId":"cl"},{"name":"alk","title":"alk","type":"number","rdfType":"http://www.w3.org/2001/XMLSchema#decimal","dwSourceId":"alk"},{"name":"do","title":"do","type":"number","rdfType":"http://www.w3.org/2001/XMLSchema#decimal","dwSourceId":"do"},{"name":"temp","title":"Temp","type":"number","rdfType":"http://www.w3.org/2001/XMLSchema#decimal","dwSourceId":"temp"},{"name":"rbpscore","title":"rbpscore","type":"number","rdfType":"http://www.w3.org/2001/XMLSchema#decimal","dwSourceId":"rbpscore"},{"name":"genus","title":"GENUS","type":"string","rdfType":"http://www.w3.org/2001/XMLSchema#string","dwSourceId":"genus"},{"name":"abund","title":"ABUND","type":"integer","rdfType":"http://www.w3.org/2001/XMLSchema#integer","dwSourceId":"abund"},{"name":"sumcount","title":"SUMCOUNT","type":"integer","rdfType":"http://www.w3.org/2001/XMLSchema#integer","dwSourceId":"sumcount"},{"name":"numspec","title":"NUMSPEC","type":"integer","rdfType":"http://www.w3.org/2001/XMLSchema#integer","dwSourceId":"numspec"},{"name":"nsbent_inv","title":"NSBENT_INV","type":"integer","rdfType":"http://www.w3.org/2001/XMLSchema#integer","dwSourceId":"nsbent_inv"},{"name":"nsbent_inv_nontol","title":"NSBENT_INV_NONTOL","type":"integer","rdfType":"http://www.w3.org/2001/XMLSchema#integer","dwSourceId":"nsbent_inv_nontol"},{"name":"nsintol","title":"NSINTOL","type":"integer","rdfType":"http://www.w3.org/2001/XMLSchema#integer","dwSourceId":"nsintol"},{"name":"pintol","title":"PINTOL","type":"number","rdfType":"http://www.w3.org/2001/XMLSchema#decimal","dwSourceId":"pintol"},{"name":"pbent_inv","title":"PBENT_INV","type":"number","rdfType":"http://www.w3.org/2001/XMLSchema#decimal","dwSourceId":"pbent_inv"},{"name":"pbent_inv_nontol","title":"PBENT_INV_NONTOL","type":"number","rdfType":"http://www.w3.org/2001/XMLSchema#decimal","dwSourceId":"pbent_inv_nontol"},{"name":"ws_area","title":"WS_AREA","type":"number","rdfType":"http://www.w3.org/2001/XMLSchema#decimal","dwSourceId":"ws_area"},{"name":"lwskm2","title":"LWSKM2","type":"number","rdfType":"http://www.w3.org/2001/XMLSchema#decimal","dwSourceId":"lwskm2"},{"name":"abent_inv","title":"abent_inv","type":"integer","rdfType":"http://www.w3.org/2001/XMLSchema#integer","dwSourceId":"abent_inv"},{"name":"abent_inv_nontol","title":"abent_inv_nontol","type":"integer","rdfType":"http://www.w3.org/2001/XMLSchema#integer","dwSourceId":"abent_inv_nontol"},{"name":"aintol","title":"aintol","type":"integer","rdfType":"http://www.w3.org/2001/XMLSchema#integer","dwSourceId":"aintol"},{"name":"ns_darscumad","title":"ns_DarScuMad","type":"integer","rdfType":"http://www.w3.org/2001/XMLSchema#integer","dwSourceId":"ns_darscumad"},{"name":"ab_darscumad","title":"ab_DarScuMad","type":"integer","rdfType":"http://www.w3.org/2001/XMLSchema#integer","dwSourceId":"ab_darscumad"},{"name":"p_darscumad","title":"p_DarScuMad","type":"number","rdfType":"http://www.w3.org/2001/XMLSchema#decimal","dwSourceId":"p_darscumad"},{"name":"station_year","title":"Station_Year","type":"string","rdfType":"http://www.w3.org/2001/XMLSchema#string","dwSourceId":"station_year"},{"name":"lcond","title":"lcond","type":"number","rdfType":"http://www.w3.org/2001/XMLSchema#decimal","dwSourceId":"lcond"},{"name":"so4hco3","title":"SO4HCO3","type":"number","rdfType":"http://www.w3.org/2001/XMLSchema#decimal","dwSourceId":"so4hco3"},{"name":"ratio","title":"ratio","type":"number","rdfType":"http://www.w3.org/2001/XMLSchema#decimal","dwSourceId":"ratio"},{"name":"totcount","title":"TotCount","type":"integer","rdfType":"http://www.w3.org/2001/XMLSchema#integer","dwSourceId":"totcount"},{"name":"ra","title":"RA","type":"number","rdfType":"http://www.w3.org/2001/XMLSchema#decimal","dwSourceId":"ra"},{"name":"for_tot","title":"FOR_TOT","type":"number","rdfType":"http://www.w3.org/2001/XMLSchema#decimal","dwSourceId":"for_tot"},{"name":"hardness","title":"hardness","type":"number","rdfType":"http://www.w3.org/2001/XMLSchema#decimal","dwSourceId":"hardness"},{"name":"fecal_coliform","title":"Fecal_Coliform","type":"integer","rdfType":"http://www.w3.org/2001/XMLSchema#integer","dwSourceId":"fecal_coliform"},{"name":"xembed","title":"xembed","type":"number","rdfType":"http://www.w3.org/2001/XMLSchema#decimal","dwSourceId":"xembed"},{"name":"pct_safn","title":"pct_safn","type":"number","rdfType":"http://www.w3.org/2001/XMLSchema#decimal","dwSourceId":"pct_safn"},{"name":"visit_no","title":"VISIT_NO","type":"integer","rdfType":"http://www.w3.org/2001/XMLSchema#integer","dwSourceId":"visit_no"},{"name":"num","title":"num","type":"integer","rdfType":"http://www.w3.org/2001/XMLSchema#integer","dwSourceId":"num"},{"name":"mg","title":"mg","type":"number","rdfType":"http://www.w3.org/2001/XMLSchema#decimal","dwSourceId":"mg"},{"name":"na","title":"na","type":"number","rdfType":"http://www.w3.org/2001/XMLSchema#decimal","dwSourceId":"na"},{"name":"k","title":"k","type":"number","rdfType":"http://www.w3.org/2001/XMLSchema#decimal","dwSourceId":"k"},{"name":"hco3","title":"hco3","type":"number","rdfType":"http://www.w3.org/2001/XMLSchema#decimal","dwSourceId":"hco3"},{"name":"tn","title":"tn","type":"integer","rdfType":"http://www.w3.org/2001/XMLSchema#integer","dwSourceId":"tn"},{"name":"al","title":"al","type":"integer","rdfType":"http://www.w3.org/2001/XMLSchema#integer","dwSourceId":"al"},{"name":"se","title":"Se","type":"integer","rdfType":"http://www.w3.org/2001/XMLSchema#integer","dwSourceId":"se"},{"name":"cadmium","title":"Cadmium","type":"string","rdfType":"http://www.w3.org/2001/XMLSchema#string","dwSourceId":"cadmium"},{"name":"calcium","title":"Calcium","type":"number","rdfType":"http://www.w3.org/2001/XMLSchema#decimal","dwSourceId":"calcium"},{"name":"yearmonth","title":" YearMonth","type":"gyearmonth","rdfType":"http://www.w3.org/2001/XMLSchema#gYearMonth","dwSourceId":"yearmonth"}]},"path":"data/combined_less_csv_2.csv","format":"csv"},{"name":"original/combined-less-csv-2.csv","path":"original/combined-less-csv-2.csv","format":"csv","mediatype":"text/csv","bytes":12742122},{"name":"original/fish-conductivity-column-metadata-xlsx-1.xml","path":"original/fish-conductivity-column-metadata-xlsx-1.xml","format":"xml","mediatype":"application/xml","bytes":15258}],"keywords":["fish","freshwater","salinity"]}