{"name":"hdx_61fb8604-1609-404e-93da-a7286d669836","title":"Greenland - Environment","description":"Greenland - Environment\n\nContains data from the World Bank's [data portal](http://data.worldbank.org/). There is also a [consolidated country dataset](https://data.humdata.org/dataset/world-bank-combined-indicators-for-greenland) on HDX. Natural and man-made environmental resources – fresh water, clean air, forests, grasslands, marine resources, and agro-ecosystems – provide sustenance and a foundation for social and economic development. The need to safeguard these resources crosses all borders. Today, the World Bank is one of the key promoters and financiers of environmental upgrading in the developing world. Data here cover forests, biodiversity, emissions, and pollution. Other indicators relevant to the environment are found under data pages for Agriculture & Rural Development, Energy & Mining, Infrastructure, and Urban Development. Indicators: Access to electricity, Adjusted savings, Agricultural land, Agricultural methane emissions, Agricultural nitrous oxide emissions, Arable land, Bird species, CO2 emissions, CO2 emissions from gaseous fuel consumption, CO2 emissions from liquid fuel consumption, CO2 emissions from solid fuel consumption, Capture fisheries production, Coal rents, Energy related methane emissions, Fish species, Forest area, Forest rents, Land area, Land area where elevation is below 5 meters, Mammal species, Marine protected areas, Methane emissions, Methane emissions in energy sector, Mineral rents, Natural gas rents, Nitrous oxide emissions, Nitrous oxide emissions in energy sector, Oil rents, PM2.5 air pollution, People practicing open defecation, People using at least basic drinking water services, People using at least basic sanitation services, People using safely managed drinking water services, People using safely managed sanitation services, Plant species, Population living in areas where elevation is below 5 meters, Renewable electricity output, Renewable energy consumption, Renewable internal freshwater resources, Renewable internal freshwater resources per capita, Rural land area, Rural land area where elevation is below 5 meters, Rural population living in areas where elevation is below 5 meters, Surface area, Terrestrial and marine protected areas, Terrestrial protected areas, Total fisheries production, Total natural resources rents, Urban land area, Urban land area where elevation is below 5 meters, Urban population living in areas where elevation is below 5 meters\n\nMethodology - Registry\n\nSource: https://data.humdata.org/dataset/world-bank-environment-indicators-for-greenland  \nLast updated at https://data.humdata.org/organization/hdx : 2020-01-29  \n\n\nLicense - \nCreative Commons Attribution International","homepage":"https://data.world/hdx/61fb8604-1609-404e-93da-a7286d669836","license":"CC-BY","resources":[{"name":"environment_indicators_for_greenland_1","schema":{"fields":[{"name":"country_name","title":"Country Name","type":"string","rdfType":"http://www.w3.org/2001/XMLSchema#string","dwSourceId":"country_name"},{"name":"country_iso3","title":"Country ISO3","type":"string","rdfType":"http://www.w3.org/2001/XMLSchema#string","dwSourceId":"country_iso3"},{"name":"year","title":"Year","type":"gyear","rdfType":"http://www.w3.org/2001/XMLSchema#gYear","dwSourceId":"year"},{"name":"indicator_name","title":"Indicator Name","type":"string","rdfType":"http://www.w3.org/2001/XMLSchema#string","dwSourceId":"indicator_name"},{"name":"indicator_code","title":"Indicator Code","type":"string","rdfType":"http://www.w3.org/2001/XMLSchema#string","dwSourceId":"indicator_code"},{"name":"value","title":"Value","type":"number","rdfType":"http://www.w3.org/2001/XMLSchema#decimal","dwSourceId":"value"}]},"path":"data/environment_indicators_for_greenland_1.csv","format":"csv"},{"name":"original/environment-indicators-for-greenland-1.csv","path":"original/environment-indicators-for-greenland-1.csv","format":"csv","mediatype":"text/csv","bytes":211273}],"keywords":["environment","hxl","indicators","greenland"]}