{"name":"data-ny-gov_9yjx-h3yi","title":"Bird Conservation Areas","description":"This data set shows point locations of Bird Conservation Areas.\n\nThis data set shows point locations of Bird Conservation Areas. Bird Conservation Areas are New York State lands that have been officially designated for their value to bird conservation. Points are approximate locations and may represent large areas.\n\nSource: https://data.ny.gov/d/9yjx-h3yi  \nLast updated at https://data.ny.gov/data.json : 2019-06-10  \nBefore using the data, download the Terms of Service, https://data.ny.gov/download/77gx-ii52/application/pdf, to read the data license requirements.","homepage":"https://data.world/data-ny-gov/9yjx-h3yi","license":"Other","resources":[{"name":"bird_conservation_areas_1","schema":{"fields":[{"name":"bird_conservation_area_name","title":"Bird Conservation Area Name","type":"string","rdfType":"http://www.w3.org/2001/XMLSchema#string","dwSourceId":"bird_conservation_area_name"},{"name":"designated","title":"Designated","type":"date","rdfType":"http://www.w3.org/2001/XMLSchema#date","dwSourceId":"designated"},{"name":"picture_url","title":"Picture URL","type":"string","rdfType":"http://www.w3.org/2001/XMLSchema#anyURI","dwSourceId":"picture_url"},{"name":"gewidth","title":"GEWIDTH","type":"integer","rdfType":"http://www.w3.org/2001/XMLSchema#integer","dwSourceId":"gewidth"},{"name":"gmwidth","title":"GMWIDTH","type":"integer","rdfType":"http://www.w3.org/2001/XMLSchema#integer","dwSourceId":"gmwidth"},{"name":"gmheight","title":"GMHEIGHT","type":"integer","rdfType":"http://www.w3.org/2001/XMLSchema#integer","dwSourceId":"gmheight"},{"name":"url","title":"URL","type":"string","rdfType":"http://www.w3.org/2001/XMLSchema#anyURI","dwSourceId":"url"},{"name":"point_x","title":"POINT_X","type":"number","rdfType":"http://www.w3.org/2001/XMLSchema#decimal","dwSourceId":"point_x"},{"name":"point_y","title":"POINT_Y","type":"number","rdfType":"http://www.w3.org/2001/XMLSchema#decimal","dwSourceId":"point_y"},{"name":"location","title":"Location","type":"string","rdfType":"http://www.opengis.net/ont/OGC-GeoSPARQL/1.0/Point","dwSourceId":"location"}]},"path":"data/bird_conservation_areas_1.csv","format":"csv"},{"name":"original/bird-conservation-areas-1.csv","path":"original/bird-conservation-areas-1.csv","format":"csv","mediatype":"text/csv","bytes":8443}],"keywords":["birds","environmental education","conservation","bird conservation areas","recreation"]}